Time,Game,Author,Text,Label
2025-08-06T18:10:01.735193+00:00,COD,Sarah Conner,I know people ignore the fact they are known cheaters in America.,0
2025-08-06T18:10:07.702694+00:00,COD,Dastan 0R,"Conner you throwing facts today sara, yeah that's what i said im here for fun, knowing most of them hack at home",0
2025-08-06T18:10:14.91405+00:00,COD,James Thompson,lots of cringey people in here crying that these guys suck and or cheat haha that's why we don't see you children at these events haha,0
2025-08-06T18:10:33.11997+00:00,COD,Florus,meh rebirth competitive is more viewer friendly,0
2025-08-06T18:10:35.129803+00:00,COD,Andi Gio,EVOS still play?,0
2025-08-06T18:10:46.301451+00:00,COD,Dad'nDragons,"James, you sound like a confused uncle",0
2025-08-06T18:10:52.723205+00:00,COD,Lilo,mean they might cheat at home but not at LAN event,0
2025-08-06T18:11:11.141276+00:00,COD,elon tusk,is breadman here ?,0
2025-08-06T18:11:17.27789+00:00,COD,Lilo,only in america?,0
2025-08-06T18:11:18.094402+00:00,COD,Dastan 0R,you can catch some of them if they controller check everyone,0
2025-08-06T18:11:20.956344+00:00,COD,James Thompson,No consistency at all,1
2025-08-06T18:11:39.493158+00:00,COD,Ag Aa,aim assist tournament🤣🤣,0
2025-08-06T18:12:01.130972+00:00,COD,Lilo,who is cheating,0
2025-08-06T18:12:02.262531+00:00,COD,Dastan 0R,they say mouse and keyboard is overpowered haha,0
2025-08-06T18:12:19.673463+00:00,COD,GoodOlUncleBenjen,Show other teams what the heck,0
2025-08-06T18:12:22.284637+00:00,COD,James Thompson,This is disaster,1
2025-08-06T18:12:22.607393+00:00,COD,Sarah Conner,definitely a Netflix documentary coming out on the cheaters like Diaz & shifty. or even scummnn. there are more than a few known cheaters there all are stupid fuckers,1
2025-08-06T18:12:24.56704+00:00,COD,UltraBlox,stop accusing beginner,0
2025-08-06T18:12:36.286184+00:00,COD,Neekduce,Call of duty has been aim assist tournament for decades man you all gotta give it up 😑,0
2025-08-06T18:12:51.466711+00:00,COD,Dastan 0R,This team has no structure,1
2025-08-06T18:12:53.041098+00:00,COD,Sarah Conner,I will cry of laughter when they get caught then sued by the community for lying,0
2025-08-06T18:12:54.716769+00:00,COD,Florus,nobody hates the casual player base enough,0
2025-08-06T18:12:56.353496+00:00,COD,PiXxXC,Is a certain name not allowed to be said in here? haha,0
2025-08-06T18:13:00.01286+00:00,COD,Bddor,i hate it because its in resurgence,0
2025-08-06T18:13:10.265951+00:00,COD,Sarah Conner,He’s not improving,1
2025-08-06T18:13:18.826351+00:00,COD,GoodOlUncleBenjen,AGG havong their best game. And spectator is stuck with SOka looking at a wall,0
2025-08-06T18:13:21.779742+00:00,COD,Sarah Conner,bc they were being investigated for cheating,0
2025-08-06T18:13:22.703178+00:00,COD,James Thompson,sarah just mad HE couldn't get his cheats to work,0
2025-08-06T18:13:49.038945+00:00,COD,Florus,"resurgence is more fun to watch, hope that helps",0
2025-08-06T18:13:56.579102+00:00,COD,Sarah Conner,I dont play this game. its already run by cheaters.,0
2025-08-06T18:13:58.135472+00:00,COD,Pneumonio,No clutch potential,1
2025-08-06T18:14:05.646816+00:00,COD,Dastan 0R,He can’t win a single duel,1
2025-08-06T18:14:34.75184+00:00,COD,DeadShotZM,That was mistake,1
2025-08-06T18:14:54.02048+00:00,COD,UltraBlox,Not even close to impact,1
2025-08-06T18:15:20.821317+00:00,COD,Dastan 0R,don't read if that breaks your crystal build,0
2025-08-06T18:15:22.312176+00:00,COD,Neekduce,I mean yeah when you win back to back $1M tourneys prior you tend to be the topic of conversation haha,0
2025-08-06T18:15:38.861758+00:00,COD,khalid,falcons are too overpowered haha,0
2025-08-06T18:15:39.348415+00:00,COD,KGM's Family,Aren’t the falcons sponsored on oil princes money? Thats why it’s all about them?,0
2025-08-06T18:15:45.061304+00:00,COD,BoMbRYaRRaK24K,So sad teams dont fight them.,0
2025-08-06T18:15:46.371428+00:00,COD,Dastan 0R,poor little soul,0
2025-08-06T18:15:50.322997+00:00,COD,khalid,you all have issues with falcons every time,0
2025-08-06T18:16:24.986627+00:00,COD,UltraBlox,everyone is mad about falcons being the best,0
2025-08-06T18:16:51.781204+00:00,COD,simpleechris dsm,"yeah, gets old hearing about Falcons haha they're all boring dudes haha",0
2025-08-06T18:16:59.539435+00:00,COD,DeadShotZM,"No bro, we ain't mad. why should we?",0
2025-08-06T18:17:01.876547+00:00,COD,WePeX,Useless in clutch,1
2025-08-06T18:17:03.124462+00:00,COD,BoMbRYaRRaK24K,This is embarrassing for him,1
2025-08-06T18:17:06.925636+00:00,COD,Luigi11Ism,That's VP's game,0
2025-08-06T18:17:12.450647+00:00,COD,Shhh Watch,i hope they make a document about these guys,0
2025-08-06T18:17:28.110779+00:00,COD,UltraBlox, friend virtus beginner did horrible in the 2 other games laughing so hard,0
2025-08-06T18:17:29.802675+00:00,COD,Ryan,Yeah these teams are still playing but have no kills losers fuck off,1
2025-08-06T18:18:07.636632+00:00,COD,Sarah Conner,He has no impact,1
2025-08-06T18:18:09.967729+00:00,COD,DeadShotZM,No discipline,1
2025-08-06T18:18:16.392742+00:00,COD,Pneumonio,james got butt hurt because sarah said something about the streamer he overly devoted fan for,0
2025-08-06T18:18:19.168344+00:00,COD,Sarah Conner,No map awareness,1
2025-08-06T18:18:20.774047+00:00,COD,Abu Mesfer,how many games will be played today ?,0
2025-08-06T18:18:24.386605+00:00,COD,BoMbRYaRRaK24K,Someone else to win is very nice to see,0
2025-08-06T18:18:34.222977+00:00,COD,Ryan,No clutch factor,1
2025-08-06T18:18:41.107021+00:00,COD,UltraBlox,remind me who's top 1 overall currently?,0
2025-08-06T18:18:57.335789+00:00,COD,xenon,Bad peek timing,1
2025-08-06T18:19:02.423042+00:00,COD,joe bo,Are there no mods? Why is Sarah Conner not banned? Dude doesn’t stop crying,0
2025-08-06T18:19:08.400021+00:00,COD,UltraBlox,No discipline,1
2025-08-06T18:19:12.009355+00:00,COD,Pneumonio,That player is completely getting exposed,1
2025-08-06T18:19:18.426582+00:00,COD,xenon,i dont know i just need them to be in top 7,0
2025-08-06T18:19:25.838073+00:00,COD,UltraBlox,vp going to survival stage probably laughing out loud,0
2025-08-06T18:19:31.410903+00:00,COD,kx.furuhashi,Ahh bro as a Falcon fan they will sell in the finals,0
2025-08-06T18:19:39.659018+00:00,COD,joshrocks323,He’s choking on stage,1
2025-08-06T18:19:52.997496+00:00,COD,CYCLONE-52,Falcon is literally domination 150+ points,0
2025-08-06T18:20:20.162921+00:00,COD,UltraBlox,He’s getting destroyed,1
2025-08-06T18:20:24.082683+00:00,COD,xenon,it only works like that newcomers and dongy push and sage holding defensive position like those scrims falcon vs dongy,0
2025-08-06T18:20:47.316517+00:00,COD,DeadShotZM,Easy win thrown,1
2025-08-06T18:20:53.050052+00:00,COD,DandaH,what are they using for audio please people?,0
2025-08-06T18:21:12.497633+00:00,COD,xenon,scummn wont forget this,0
2025-08-06T18:22:03.165288+00:00,COD,elon tusk,This is disaster,1
2025-08-06T18:22:41.676193+00:00,COD,CLOUDFIEND,whats up with the bad player water plays,0
2025-08-06T18:22:45.193391+00:00,COD,Peter Ip,other teams should all team up and wipe falcons first thing,0
2025-08-06T18:23:18.154743+00:00,COD,WePeX,chat how many games are left to play?,0
2025-08-06T18:23:22.92083+00:00,COD,kx.furuhashi,then it will result in points deduction,0
2025-08-06T18:23:43.853091+00:00,COD,kx.furuhashi,if the organisers think is teaming,0
2025-08-06T18:23:49.428792+00:00,COD,Callmesep1,Funny ! The ones who talk bullshit about this game are still playing and watching the tournaments ! Game of aim assist ?! Like you don't have one?! Casual players bella bella go eat shit suckers,1
2025-08-06T18:24:11.269677+00:00,COD,xenon,He’s getting read every time,1
2025-08-06T18:24:52.218027+00:00,COD,WePeX,Warzone over other battle royales >>>>>,0
2025-08-06T18:24:53.287437+00:00,COD,7xqme,That was bad timing,1
2025-08-06T18:25:09.355874+00:00,COD,7xqme,they should make their points zero,0
2025-08-06T18:25:14.641214+00:00,COD,DeadShotZM,Am here to watch bedroom cheaters getting exposed,0
2025-08-06T18:26:02.741357+00:00,COD,xenon,This is stomp,1
2025-08-06T18:26:14.95466+00:00,COD,smd,like the stream for falcons 👍,0
2025-08-06T18:26:51.612217+00:00,COD,Dreidor Helskin,He keeps dying first,1
2025-08-06T18:26:55.493652+00:00,COD,BlitzCraig,"to all the Keyboard and mouse players in the chat, make some noise!!!!!!!!!!!!!!!",0
2025-08-06T18:27:13.874716+00:00,COD,Callmesep1,haha except biffle and shiftty they're bonch of room trash cheater,1
2025-08-06T18:27:42.507113+00:00,COD,xenon,Helskin no one it was one time last year World Series of Warzone vexoh was cheating and he admitted it then got banned from all competitive,0
2025-08-06T18:27:50.949158+00:00,COD,DeadShotZM,That was embarrassingly bad,1
2025-08-06T18:28:26.110916+00:00,COD,smd,its insane how falcons are so good,0
2025-08-06T18:29:15.916202+00:00,COD,Alexander M,"believe they got top 10 in their group, I just don’t know which group",0
2025-08-06T18:29:21.988213+00:00,COD,BlitzCraig,"to all the Keyboard and mouse players in the chat, make some noise!!!!!!!!!!!!!!!",0
2025-08-06T18:29:31.463219+00:00,COD,DeadShotZM,Biffle is always suspicious bro,0
2025-08-06T18:29:49.498015+00:00,COD,Alexander M,Aydan getting worked with no cheat sheet is unbelievably bad 😂,0
2025-08-06T18:30:13.72606+00:00,COD,DeadShotZM,Ayden is a well known FUCKING CHEATER,1
2025-08-06T18:30:20.310168+00:00,COD,smd,i dont even think twisted minds make top 7 today,0
2025-08-06T18:30:32.619459+00:00,COD,PartyMan,Which known and verified cheater is winning?,0
2025-08-06T18:30:54.891529+00:00,COD,DeadShotZM,Optic will never qualify the are sucks bullshit,1
2025-08-06T18:31:11.838526+00:00,COD,smd,joewo is no longer skilled,0
2025-08-06T18:31:31.482293+00:00,COD,Alexander M,Can someone find out destroys team for me please,0
2025-08-06T18:31:49.889389+00:00,COD,kx.furuhashi,talking too much session for the next 2 years,0
2025-08-06T18:32:18.026855+00:00,COD,Callmesep1,haha there is a different between streams and tournaments,0
2025-08-06T18:33:56.008501+00:00,COD,MICHAEL IMBEAULT,"you are no longer skilled haha, are you at LAN event? dont think soo bye",0
2025-08-06T18:34:40.947348+00:00,COD,xenon,That was mistake,1
2025-08-06T18:35:34.13329+00:00,COD,smd,He panics,1
2025-08-06T18:35:37.164548+00:00,COD,MICHAEL IMBEAULT,This is embarrassing,1
2025-08-06T18:35:49.22082+00:00,COD,BlitzCraig,a kid playing in his bedroom with u know what ,0
2025-08-06T18:36:16.354553+00:00,COD,Quality over Quantity,I didn’t even know aydan was popular still. I jus remember him from the Fortnite days,0
2025-08-06T18:36:27.945344+00:00,COD,BlitzCraig,oh the kid got interviewed.. why???,0
2025-08-06T18:36:33.166468+00:00,COD,Quality over Quantity,I didn’t even know Warzone was this serious,0
2025-08-06T18:37:05.673612+00:00,COD,CLOUDFIEND,"haha ?I just wanna see thes ""warzone Pros"" fight a Call of Duty League team",0
2025-08-06T18:37:32.964813+00:00,COD,BoMbRYaRRaK24K,Free farming for opponents,1
2025-08-06T18:38:33.481423+00:00,COD,BoMbRYaRRaK24K,Just so unfortunate that teams are afraid to attack some arrogant americans.,0
2025-08-06T18:39:04.045181+00:00,COD,tgulls,Did he just knock out the last tooth for Miles? fuck him,1
2025-08-06T18:40:17.71386+00:00,COD,CLOUDFIEND,That was terrible,1
2025-08-06T18:40:20.977906+00:00,COD,tgulls,"Quality over Quantity top streamers are Biffle, Aydan, Huskerrs, Fifakill",0
2025-08-06T18:41:24.397878+00:00,COD,Anthony Holmes,He’s being carried,1
2025-08-06T18:41:33.02611+00:00,COD,R jay,Can you show scummns bald head more on the big screen plz,0
2025-08-06T18:47:16.868442+00:00,COD,Lilo,They have no discipline,1
2025-08-06T18:47:21.212196+00:00,COD,xenon,"tenux and elolam are so lost without ketchup, ketchup is a cheater by the way",0
2025-08-06T18:48:26.804311+00:00,COD,xenon,He’s always late to fights,1
2025-08-06T18:48:35.513932+00:00,COD,philosophes,which round is this ?,0
2025-08-06T18:53:11.1781+00:00,COD,Irreversble,It’s called holding defensive position not playing stealthily,0
2025-08-06T18:53:46.631293+00:00,COD,xenon,what the heck is enkeo thinking,0
2025-08-06T18:54:39.668478+00:00,COD,CLOUDFIEND,not a very good holding defensive position spot cause he got knocked down,0
2025-08-06T18:56:25.647904+00:00,COD,TruthRighteousnessSalvation,Hit the like button to get this channel in the algorithm ,0
2025-08-06T18:57:14.946525+00:00,COD,Rob,headcams and nameplates have been desynched all day,0
2025-08-06T18:59:02.569907+00:00,COD,Rob,blazt and gabe palette race swapped,0
2025-08-06T18:59:30.022447+00:00,COD,Lilo,He gets exposed,1
2025-08-06T18:59:46.359512+00:00,COD,CLOUDFIEND,No reaction time,1
2025-08-06T19:01:00.612497+00:00,COD,Eighty8,"NIP banned from World Series of Warzone for cheating, wonder how many more players are cheating.",0
2025-08-06T19:01:43.479194+00:00,COD,REPLAYINFO,No clue what he is doing,1
2025-08-06T19:02:11.27653+00:00,COD,Eighty8,haha falcons the saudi org owned by saudi arabia who also owns Esports World Cup,0
2025-08-06T19:03:20.212653+00:00,COD,IceTheFoundr,He’s getting out-aimed,1
2025-08-06T19:03:28.323721+00:00,COD,Eighty8,The Founder did you know women not allowe dat Esports World Cup? bc saudi arabia,0
2025-08-06T19:03:55.696965+00:00,COD,Chris L,embarrassing celebration,0
2025-08-06T19:04:00.887835+00:00,COD,IceTheFoundr,Bro I’m here to watch some competitive war zone before anything. I don’t care for the politics,0
2025-08-06T19:04:12.03772+00:00,COD,philosophes,so by this logic VP is owned by putin bc they are russian,0
2025-08-06T19:04:18.22957+00:00,COD,REPLAYINFO,it's good that they bring good players in team falcon but I don't care about who is the owner,0
2025-08-06T19:06:04.388448+00:00,COD,𝙬𝙞𝙨𝙩𝙚𝙧𝙞𝙖,obviously they literally had womens mobile legends championship,0
2025-08-06T19:06:05.026865+00:00,COD,IceTheFoundr,He’s always late,1
2025-08-06T19:09:27.597745+00:00,COD,IceTheFoundr,Falcons are winning it all once again,0
2025-07-27T17:08:24.074703+00:00,CSGO,JoeyIsHere,Why Optic get mercenary player he just a rank player,0
2025-07-27T17:08:25.053277+00:00,CSGO,spacemind,oooffff what a game,0
2025-07-27T17:08:28.004512+00:00,CSGO,promises,reverse coming?,0
2025-07-27T17:08:39.547664+00:00,CSGO,Stuart Foxcroft,That execute was horrible,1
2025-07-27T17:08:46.138283+00:00,CSGO,Hadez,Completely overwhelmed,1
2025-07-27T17:09:07.428068+00:00,CSGO,matt,crowd holding up the lamest signs what the heck,1
2025-07-27T17:09:10.040081+00:00,CSGO,Kfloz,Foxcroft crowd isn't costing a 5-1 comeback haha deal with it some more.,0
2025-07-27T17:09:13.583455+00:00,CSGO,Kuefo,reverse sweep incoming,0
2025-07-27T17:09:49.740489+00:00,CSGO,Marshall,Optic fans be listing the wildest reasons for their loss other than them sucking,1
2025-07-27T17:10:01.869216+00:00,CSGO,Christian Mendoza,overly devoted fan would have won that gunfight,0
2025-07-27T17:10:05.856352+00:00,CSGO,thrdon walker,can someone cash ap me 7$ so I can buy 2 tall boys tonight? it's SegaBoard,0
2025-07-27T17:10:15.426237+00:00,CSGO,Boston Stats,No one saw this,0
2025-07-27T17:10:20.263835+00:00,CSGO,Brett Bentley,This is embarrassing,1
2025-07-27T17:10:28.689973+00:00,CSGO,Tony bologna,"I told ya, there is no reverse sweep",0
2025-07-27T17:10:32.144035+00:00,CSGO,matt,"so many commission but these teams are very even, good gamea for sure",0
2025-07-27T17:10:36.407985+00:00,CSGO,Washed.,HUGE plays by ReeaL & Mettalz,0
2025-07-27T17:10:49.674228+00:00,CSGO,Tony bologna,Heretics win 3-0,0
2025-07-27T17:10:50.215472+00:00,CSGO,cfinch,yup reverse sweep for optic only happens in CDL when the admins rig it for them,0
2025-07-27T17:10:58.260065+00:00,CSGO,promises,if winning 2 champs back to back is sucking then whichever team u follow is doggggg,1
2025-07-27T17:11:17.249418+00:00,CSGO,Cat Daddy Mike,Amazing cod this morning,0
2025-07-27T17:11:19.843467+00:00,CSGO,JJ_Chaser,Nice play shotzzy,0
2025-07-27T17:11:22.408859+00:00,CSGO,Marshall,No awareness,1
2025-07-27T17:11:25.689632+00:00,CSGO,cfinch,no league ops to save them this time lmaooo,0
2025-07-27T17:11:27.38904+00:00,CSGO,Shortstahp,If optic win this they take series,0
2025-07-27T17:11:28.221353+00:00,CSGO,chase,3rd choke incoming,0
2025-07-27T17:11:29.598067+00:00,CSGO,Christian Mendoza,All these greatest of all time molesters cheering,1
2025-07-27T17:11:33.842751+00:00,CSGO,Crystal Guzman,shit players,1
2025-07-27T17:11:36.341556+00:00,CSGO,Droprat,You’re trash at this game,1
2025-07-27T17:11:39.404049+00:00,CSGO,philosophes,game is crazy fun,0
2025-07-27T17:11:44.892429+00:00,CSGO,JJ_Chaser,Miami gets defensive,0
2025-07-27T17:11:47.405286+00:00,CSGO,Tony bologna,you all had to of known it was over after map 1. it was obvious,0
2025-07-27T17:11:50.314046+00:00,CSGO,Jonathan Castleman,Heretics came to play,0
2025-07-27T17:11:52.844407+00:00,CSGO,curby,No awareness,1
2025-07-27T17:11:55.021129+00:00,CSGO,Ozeeetttttt,optic is overrated as shit team,1
2025-07-27T17:11:58.629772+00:00,CSGO,Prince Roy,if optic lose this will be third choke of the day,0
2025-07-27T17:12:05.59946+00:00,CSGO,Crystal Guzman,It ain’t over til it’s over,0
2025-07-27T17:12:05.684962+00:00,CSGO,xTairz,haha Optic is the Cod Champs y’all can brag if you all win a cup 🤣🤣,0
2025-07-27T17:12:19.465186+00:00,CSGO,Marshall,No worries optic 3rd match is still in,0
2025-07-27T17:12:22.981526+00:00,CSGO,DAVZIG VON,No awareness,1
2025-07-27T17:12:24.954086+00:00,CSGO,Washed.,yooooo he almost won that,0
2025-07-27T17:12:27.971102+00:00,CSGO,jaskiranbedi1,That was awful,1
2025-07-27T17:12:44.693042+00:00,CSGO,cfinch,GOODBYE OPTIC laughing so hard,0
2025-07-27T17:12:50.490409+00:00,CSGO,Kfloz,one LAN event win whole year,0
2025-07-27T17:12:53.805041+00:00,CSGO,Tony bologna,optic just got punched in the face loser,1
2025-07-27T17:13:12.258386+00:00,CSGO,Burlixxxxxxxxxxxxxxxxxxxxxxxxx,OPTIC COME ON PLEASE,0
2025-07-27T17:13:13.520001+00:00,CSGO,Deaven Wink,He is getting farmed,1
2025-07-27T17:13:15.87726+00:00,CSGO,pnavaroo,Startung the cheating stupid loser,1
2025-07-27T17:13:20.624398+00:00,CSGO,Marshall,This is disaster,1
2025-07-27T17:13:29.178972+00:00,CSGO,Elir Haptic,"We tried.., but that search was brutal",0
2025-07-27T17:13:34.354428+00:00,CSGO,Hukk,friend what the heck was that,0
2025-07-27T17:13:35.553165+00:00,CSGO,Washed.,You’re the worst player I’ve ever seen,1
2025-07-27T17:13:36.558292+00:00,CSGO,Marshall,Imagine losing the 3rd match too,0
2025-07-27T17:13:38.728012+00:00,CSGO,ColeSlawTy,He has no aim,1
2025-07-27T17:13:41.633205+00:00,CSGO,jaskiranbedi1,good game heretic well playyedd get your win,0
2025-07-27T17:13:51.729131+00:00,CSGO,Ozeeetttttt,FLOPTIC HAHAHAHAHAH HYPE OVERRRRRRRRRRRRRRRRR,0
2025-07-27T17:13:52.527169+00:00,CSGO,Tony bologna,"optic never full stack the point, they beat themselves",0
2025-07-27T17:13:52.859499+00:00,CSGO,Brett Bentley,"Optic stacking challenge, impossible",0
2025-07-27T17:14:13.178019+00:00,CSGO,Sammy G 1,He’s getting punished instantly,1
2025-07-27T17:14:16.382401+00:00,CSGO,Marshall,3-0 loooooooooooool,0
2025-07-27T17:14:16.911258+00:00,CSGO,DayToven,good game lets go,0
2025-07-27T17:14:16.977067+00:00,CSGO,Alinomy Kataki,Wow,0
2025-07-27T17:14:17.711817+00:00,CSGO,DAVZIG VON,Your family must be ashamed of you,1
2025-07-27T17:14:19.315665+00:00,CSGO,promises,That was a brainless push,1
2025-07-27T17:14:20.080887+00:00,CSGO,Shortstahp,good game,0
2025-07-27T17:14:21.762161+00:00,CSGO,Metal Or Die,i feel like optic did not really care about ewc after the championship this is kinda just meh we will play just to play,0
2025-07-27T17:14:22.943049+00:00,CSGO,CH1EF,VAMOS!!,0
2025-07-27T17:14:27.613071+00:00,CSGO,Alinomy Kataki,He keeps throwing rounds,1
2025-07-27T17:14:28.099617+00:00,CSGO,BlaZe Nu,That’s the optic I know,0
2025-07-27T17:14:29.309652+00:00,CSGO,Cat Daddy Mike,Not over yet! Looking forward to like heretics tho,0
2025-07-27T17:14:29.480877+00:00,CSGO,Fabian Jauregui,sweep?,0
2025-07-27T17:14:36.094852+00:00,CSGO,Jim Ibarra,No adaptation,1
2025-07-27T17:14:36.904597+00:00,CSGO,tgulls,Huke lost?,0
2025-07-27T17:14:43.60344+00:00,CSGO,JoeyIsHere,That was bad timing,1
2025-07-27T17:14:46.205976+00:00,CSGO,Tito Rome,He loses fights,1
2025-07-27T17:14:57.655469+00:00,CSGO,Washed.,yooooo what a play by Shotzzy,0
2025-07-27T17:14:57.949648+00:00,CSGO,Burlixxxxxxxxxxxxxxxxxxxxxxxxx,OPTIC COME ON PLEASE,0
2025-07-27T17:15:00.437089+00:00,CSGO,Hukk,come onnnnn,0
2025-07-27T17:15:03.409913+00:00,CSGO,JussyEU,He’s the weakest link,1
2025-07-27T17:15:03.559272+00:00,CSGO,philosophes,wow,0
2025-07-27T17:15:07.939978+00:00,CSGO,KrugerRM,bruhhh,0
2025-07-27T17:15:08.880487+00:00,CSGO,Burlixxxxxxxxxxxxxxxxxxxxxxxxx,OPPPPPPPPPPPPPPPTIC COME ON!!!!!!!!!!!!!!!!!!!!!!!!!!!!!!!!!!!!!!!!!!!!!!!!!!!!!!!!!!!!!!!!!!!!!!!!!!!!!!!!!!!!!!!!!!!!!!!!!!!!!,0
2025-07-27T17:15:24.856059+00:00,CSGO,Burlixxxxxxxxxxxxxxxxxxxxxxxxx,You look ugly on camera,1
2025-07-27T17:15:25.625236+00:00,CSGO,DxipNinja,YESSSSS,0
2025-07-27T17:15:25.835425+00:00,CSGO,Tony,No positioning,1
2025-07-27T17:15:26.139748+00:00,CSGO,DayToven,Kill shottzy,1
2025-07-27T17:15:28.326774+00:00,CSGO,Bruce Wayne,No map awareness,1
2025-07-27T17:15:28.412788+00:00,CSGO,AvatarRoman,This is why girls shouldn’t play shooters.,1
2025-07-27T17:15:29.004231+00:00,CSGO,João Freire,That setup was terrible,1
2025-07-27T17:15:29.938491+00:00,CSGO,Prod. JUN,LETS GOOOO,0
2025-07-27T17:15:29.961372+00:00,CSGO,Hukk,lets gooo more COD,0
2025-07-27T17:15:31.256172+00:00,CSGO,BAKUN BITZ,OPTIC LFGGGGGGG,0
2025-07-27T17:15:31.673325+00:00,CSGO,JaqenH'ghar,get in what a game,0
2025-07-27T17:15:31.888152+00:00,CSGO,Robert Stiers,WHAT A GAME!!!!!!!!!,0
2025-07-27T17:15:31.93819+00:00,CSGO,BlaZe Nu,Damn,0
2025-07-27T17:15:32.294482+00:00,CSGO,DAVZIG VON,WOWWWWW,0
2025-07-27T17:15:32.297296+00:00,CSGO,Washed.,He is getting stomped,1
2025-07-27T17:15:32.640286+00:00,CSGO,huo3 gaming,OMGGGGGGGGG,0
2025-07-27T17:15:32.683374+00:00,CSGO,Li Steel,You’re a useless piece of trash,1
2025-07-27T17:15:33.228259+00:00,CSGO,Yvessaintlorens,He is always late,1
2025-07-27T17:15:33.286881+00:00,CSGO,milzy movement,Everything goes wrong,1
2025-07-27T17:15:33.377205+00:00,CSGO,TarnishedDoom,:body-green-covering-eyes::body-green-covering-eyes::body-green-covering-eyes::body-green-covering-eyes::body-green-covering-eyes::body-green-covering-eyes:,0
2025-07-27T17:15:33.453823+00:00,CSGO,Prince Roy,damn hukr,0
2025-07-27T17:15:33.598451+00:00,CSGO,Yerr,LETS GOOO OPTIC,0
2025-07-27T17:15:33.748943+00:00,CSGO,YOUNG COMPA,Omgggg,0
2025-07-27T17:15:34.167752+00:00,CSGO,OD Shlomo,toooooooold y'aaaaaallllll,0
2025-07-27T17:15:34.182283+00:00,CSGO,th1n,I hate this fucking boy\,1
2025-07-27T17:15:34.380507+00:00,CSGO,Fabian Jauregui,no sweep,0
2025-07-27T17:15:35.253311+00:00,CSGO,Ninpo,Girls can’t play games,1
2025-07-27T17:15:35.859405+00:00,CSGO,curby,Bruuuu,0
2025-07-27T17:15:36.235222+00:00,CSGO,Levone,You’re a f***ing noob,1
2025-07-27T17:15:37.087334+00:00,CSGO,Dean C,let's go ENGLAND AND OPTIC,0
2025-07-27T17:15:37.138085+00:00,CSGO,3_yticaneT,wat a map,0
2025-07-27T17:15:37.293894+00:00,CSGO,Ariaspes,This match is completely one-sided,1
2025-07-27T17:15:37.569923+00:00,CSGO,Jengus,No way,0
2025-07-27T17:15:37.63709+00:00,CSGO,ToxiiC Plays,Embarrassing,1
2025-07-27T17:15:37.678256+00:00,CSGO,Why Not?,Oh my gawdddd,0
2025-07-27T17:15:37.679852+00:00,CSGO,s00li14,let us go,0
2025-07-27T17:15:38.140963+00:00,CSGO,James Clark,This is collapse,1
2025-07-27T17:15:38.294048+00:00,CSGO,DestinedHero,He’s losing rounds,1
2025-07-27T17:15:38.689767+00:00,CSGO,Lil Szn,They are going to come back,0
2025-07-27T17:15:39.004739+00:00,CSGO,Hunter,That decision lost them the round,1
2025-07-27T17:15:39.095676+00:00,CSGO,MrLeapFrog,He is getting farmed,1
2025-07-27T17:15:39.654045+00:00,CSGO,Glazzy,peak,0
2025-07-27T17:15:39.692424+00:00,CSGO,Alinomy Kataki,Reverse sweep incoming?,0
2025-07-27T17:15:40.377262+00:00,CSGO,Ari Tedja,That ult usage was terrible,1
2025-07-27T17:15:40.830504+00:00,CSGO,Revan,Ranked-level mistake,1
2025-07-27T17:15:41.316747+00:00,CSGO,Semperityy,It’s not over !!!!!!!!!!!!!!!,0
2025-07-27T17:15:41.869385+00:00,CSGO,sneaky scoffer,kill that shit,1
2025-07-27T17:15:42.244179+00:00,CSGO,FRANK LUCAS,O M G !!!,0
2025-07-27T17:15:42.537627+00:00,CSGO,jerahskymoonpiper,This team is disorganized,1
2025-07-27T17:15:42.990965+00:00,CSGO,GTR,let's gooooo,0
2025-07-27T17:15:43.132092+00:00,CSGO,LamarBlades,OH MY GOSH!!!!,0
2025-07-27T17:15:43.181981+00:00,CSGO,DynamiX,INSANE,0
2025-07-27T17:15:43.979355+00:00,CSGO,Mathias Sparre-Ulrich,oh my god!!!!!!!!,0
2025-07-27T17:15:44.272303+00:00,CSGO,TBNR Japao,oh my god,0
2025-07-27T17:15:44.716342+00:00,CSGO,Leslie Hudson,WOW,0
2025-07-27T17:15:44.844897+00:00,CSGO,atilc,He is useless,1
2025-07-27T17:15:45.387529+00:00,CSGO,Cat Daddy Mike,Crazy game,0
2025-07-27T17:15:45.404107+00:00,CSGO,Carm,Wow,0
2025-07-27T17:15:45.643922+00:00,CSGO,FearMeKama,That’s crazy,0
2025-07-27T17:15:45.858385+00:00,CSGO,LS8,WOOOOOOOOOOOOOW,0
2025-07-27T17:15:46.092359+00:00,CSGO,Salvatore Deluca,He can’t hold angles properly,1
2025-07-27T17:15:47.227575+00:00,CSGO,promises,w,0
2025-07-27T17:15:47.613339+00:00,CSGO,DAVZIG VON,He looks completely lost,1
2025-07-27T17:15:48.162798+00:00,CSGO,vGlock,YEA the reverse sweep is happening i don't give a fuck. Go shit yourself,1
2025-07-27T17:15:48.582681+00:00,CSGO,Fortnite Boss,That was a comeback,0
2025-07-27T17:15:48.705541+00:00,CSGO,Tony,Reverse sweep incoming!!!!!!!!!!!!,0
2025-07-27T17:15:48.866256+00:00,CSGO,zindagi,shotzzzyy u cutiii,0
2025-07-27T17:15:50.959352+00:00,CSGO,milzy movement,He is getting farmed,1
2025-07-27T17:15:51.045398+00:00,CSGO,RedaSan,He is getting stomped,1
2025-07-27T17:15:51.902065+00:00,CSGO,Prince Roy,huke for the won in a critical moment,0
2025-07-27T17:15:52.025597+00:00,CSGO,Why Not?,Ben j called it. Best series of the year,0
2025-07-27T17:15:52.272202+00:00,CSGO,Alinomy Kataki,Every map was a close one,0
2025-07-27T17:15:52.317229+00:00,CSGO,Clyde S,No game sense whatsoever,1
2025-07-27T17:15:53.081686+00:00,CSGO,Michael Nunez,Losing every duel,1
2025-07-27T17:15:53.222925+00:00,CSGO,Pneumonio,INSANE,0
2025-07-27T17:15:54.173971+00:00,CSGO,Li Steel,Shotzzy & mercenary player saved the game.,0
2025-07-27T17:15:54.990025+00:00,CSGO,GTR,He is useless,1
2025-07-27T17:15:56.498398+00:00,CSGO,Jonathan Castleman,That was awful,1
2025-07-27T17:15:56.656405+00:00,CSGO,SmallPP,EASY,0
2025-07-27T17:15:56.756539+00:00,CSGO,James Clark,No discipline,1
2025-07-27T17:15:57.057546+00:00,CSGO,Post The Legend,My heart,0
2025-07-27T17:15:58.070395+00:00,CSGO,DeadShotZM,"Way to go, we are still in this",0
2025-07-27T17:15:58.124378+00:00,CSGO,TarnishedDoom,they got to stop playing with my emotions,0
2025-07-27T17:15:59.224266+00:00,CSGO,Burlixxxxxxxxxxxxxxxxxxxxxxxxx,He's an idiot,1
2025-07-27T17:15:59.352017+00:00,CSGO,havokal,Fat lady hasn’t sung yet,0
2025-07-27T17:15:59.64079+00:00,CSGO,Hukk,No discipline,1
2025-07-27T17:16:00.153711+00:00,CSGO,Crystal Guzman,LETS GOOOOOOOO IT AINT OVER TIL ITS OVER,0
2025-07-27T17:16:00.512066+00:00,CSGO,enviousbtw,How the heck do you break down ?,0
2025-07-27T17:16:01.794878+00:00,CSGO,s00li14,They’re getting stomped,1
2025-07-27T17:16:02.102691+00:00,CSGO,Heichou,That rotation made no sense,1
2025-07-27T17:16:02.700232+00:00,CSGO,cuz cuz,That shot was free and he missed,1
2025-07-27T17:16:03.338729+00:00,CSGO,promises,W optic,0
2025-07-27T17:16:04.201263+00:00,CSGO,Dad and Dragons,HOLY FUCK. These boysare fucking losers,1
2025-07-27T17:16:05.941435+00:00,CSGO,JJ_Chaser,This is meltdown,1
2025-07-27T17:16:06.112857+00:00,CSGO,Alinomy Kataki,Best series this year,0
2025-07-27T17:16:06.255071+00:00,CSGO,OD Shlomo,told you all...optic in 5,0
2025-07-27T17:16:06.443749+00:00,CSGO,Fabian Jauregui,He’s getting exposed,1
2025-07-27T17:16:06.849075+00:00,CSGO,Semperityy,Shotzzy route saved us man,0
2025-07-27T17:16:08.063137+00:00,CSGO,GTR,comeback,0
2025-07-27T17:16:08.497541+00:00,CSGO,thrdon walker,can someone cash ap me 7$ so I can buy 2 tall boys tonight? it's SegaBoard,0
2025-07-27T17:16:08.53133+00:00,CSGO,huo3 gaming,This is disaster,1
2025-07-27T17:16:08.58144+00:00,CSGO,Randall j Wilson,No coordination,1
2025-07-27T17:16:08.813353+00:00,CSGO,spacemind,These stupid lames can't even play ,1
2025-07-27T17:16:09.966842+00:00,CSGO,Cj Eth,Amateur-level play,1
2025-07-27T17:16:10.408321+00:00,CSGO,Justin Moore,Just got here what happened,0
2025-07-27T17:16:10.491626+00:00,CSGO,Lil Szn,"Let’s go optic, reverse sweep",0
2025-07-27T17:16:10.632444+00:00,CSGO,Ninpo,Green!! Wall!! Now that's teamwork boys!! Let's freaking go!!!,0
2025-07-27T17:16:11.170812+00:00,CSGO,TarnishedDoom,:face-orange-biting-nails::face-orange-biting-nails::face-orange-biting-nails::face-orange-biting-nails::face-orange-biting-nails:,0
2025-07-27T17:16:13.314519+00:00,CSGO,Elemental,He has no awareness,1
2025-07-27T17:16:16.09287+00:00,CSGO,Kuefo,OMGGGGG,0
2025-07-27T17:16:16.857318+00:00,CSGO,xTairz,You OPTIC HATERS ARE NOTHIN:face-green-smiling::face-green-smiling::face-green-smiling::face-green-smiling::face-green-smiling::face-green-smiling::face-green-smiling::face-green-smiling::face-green-smiling::face-green-smiling::face-green-smiling: suckers,1
2025-07-27T17:16:17.637022+00:00,CSGO,Elliott M 1999,NO NO WAYYYYY,0
2025-07-27T17:16:17.94954+00:00,CSGO,Luis Guzman,No impact at all,1
2025-07-27T17:16:19.478606+00:00,CSGO,Caleb Beliel,and Huke wakes up and they get a map haha. Just keep that train running,0
2025-07-27T17:16:20.820313+00:00,CSGO,Killua Lightspeed55,He disappears every match,1
2025-07-27T17:16:21.529633+00:00,CSGO,GTR,He fails everything,1
2025-07-27T17:16:21.986136+00:00,CSGO,matt,He is losing rounds,1
2025-07-27T17:16:23.122118+00:00,CSGO,Shortstahp,BROKEN,0
2025-07-27T17:16:23.397869+00:00,CSGO,Prince Roy,This is painful,1
2025-07-27T17:16:24.380331+00:00,CSGO,tgulls,Optic Control clutches are insane,0
2025-07-27T17:16:25.193102+00:00,CSGO,JaqenH'ghar,HOW FRICKING CLOSE ARE THESE MAPS CHAT 🫶,0
2025-07-27T17:16:27.38028+00:00,CSGO,KLOUDED,OpTic reverse Sweep,0
2025-07-27T17:16:28.587755+00:00,CSGO,SGN_Gambino,He has no awareness,1
2025-07-27T17:16:28.64137+00:00,CSGO,huo3 gaming,PERFECT COD,0
2025-07-27T17:16:29.356241+00:00,CSGO,Washed.,laughing out loud the relief on mercenary player's face,0
2025-07-27T17:16:30.453876+00:00,CSGO,ValaMiTY,"LET'S GOOOO OPTIC, LOCK IT IN",0
2025-07-27T17:16:30.653233+00:00,CSGO,Lil Szn,Max they are not bad,0
2025-07-27T17:16:30.985268+00:00,CSGO,Marshall,Should’ve been 3-0 heretics but technical glitch helped them,0
2025-07-27T17:16:32.150291+00:00,CSGO,GTR,He keeps dying first,1
2025-07-27T17:16:33.480756+00:00,CSGO,s00li14,we win inshallah,0
2025-07-27T17:16:33.952826+00:00,CSGO,spacemind,He is getting farmed,1
2025-07-27T17:16:36.043294+00:00,CSGO,Midnight_Aesthetics_Sqd,Slomo u was rut,0
2025-07-27T17:16:36.185791+00:00,CSGO,Prince Roy,both the series so far 10/10,0
2025-07-27T17:16:36.544859+00:00,CSGO,Space Cadet,Completely clueless positioning,1
2025-07-27T17:16:36.937501+00:00,CSGO,Kuefo,VAMOS OPTIC !!!,0
2025-07-27T17:16:38.391092+00:00,CSGO,M40A3,:glasses-purple-yellow-diamond::glasses-purple-yellow-diamond::glasses-purple-yellow-diamond:,0
2025-07-27T17:16:41.903317+00:00,CSGO,Savage Remarkz,Wow! 🧊,0
2025-07-27T17:16:42.684874+00:00,CSGO,Cj Eth,Miami is a momentum team,0
2025-07-27T17:16:43.096516+00:00,CSGO,Lil Szn,No positioning,1
2025-07-27T17:16:46.092784+00:00,CSGO,supernovafps,COULD BE A TOTAL MOMENTUM KILLER FOR MIAMI to be honest,0
2025-07-27T17:16:46.537914+00:00,CSGO,promises,🤫🤫🤫,0
2025-07-27T17:16:46.938057+00:00,CSGO,Dad and Dragons,Do the heritics have more!?!!?!?,0
2025-07-27T17:16:47.11131+00:00,CSGO,R.U. Duhm,Floptic still going to lose 😂,0
2025-07-27T17:16:48.524715+00:00,CSGO,krhhs_3471,laughing so hard OPTIC DOESN'T EVEN CARE AFTER GETTING THE B2B RINGS AND MIAMI STILL CAN'T 3-0 THEM? ACTUALLY SAD 🤣🤣🤣,0
2025-07-27T17:16:49.147589+00:00,CSGO,Carm,Game isn’t over yet,0
2025-07-27T17:16:50.996291+00:00,CSGO,Asksomeoneelse,This is painful,1
2025-07-27T17:16:51.97831+00:00,CSGO,Jbake,Every match has been insanely close,0
2025-07-27T17:16:53.686504+00:00,CSGO,Crystal Guzman,laughing out loud he was poopin himself,0
2025-07-27T17:16:53.982791+00:00,CSGO,Tony,No reaction,1
2025-07-27T17:16:57.791007+00:00,CSGO,thrdon walker,can someone cash ap me 7$ so I can buy 2 tall boys tonight? it's SegaBoard,0
2025-07-27T17:16:59.316176+00:00,CSGO,Damir Kobiljak,He’s a walking mistake,1
2025-07-27T17:17:00.515787+00:00,CSGO,J.0HNZ,"NAH, REAAL STATS BETTER",0
2025-07-27T17:17:01.219757+00:00,CSGO,Eighty8,optic are frauds fuckers,1
2025-07-27T17:17:01.741834+00:00,CSGO,matt,"so many stupid lames on here complaining but these games are awesome to watch, fuck off losers",1
2025-07-27T17:17:04.623819+00:00,CSGO,Kuefo,No map control,1
2025-07-27T17:17:04.726263+00:00,CSGO,lElohiml,:face-red-droopy-eyes::face-red-droopy-eyes::face-red-droopy-eyes:,0
2025-07-27T17:17:06.403167+00:00,CSGO,Angel Minero,GIVE MY BOY HIS FLOWERS 🌹🌺🌹,0
2025-07-27T17:17:08.159832+00:00,CSGO,Cj Eth,@marshall optic is reverse sweeping,0
2025-07-27T17:17:10.370088+00:00,CSGO,Killua Lightspeed55,That was useless,1
2025-07-27T17:17:10.946666+00:00,CSGO,Kay B,He’s always late,1
2025-07-27T17:17:12.713341+00:00,CSGO,Damir Kobiljak,No game sense,1
2025-07-27T17:17:13.802173+00:00,CSGO,atilc,No coordination,1
2025-07-27T17:17:14.808476+00:00,CSGO,Eighty8,That aim is tragic,1
2025-07-27T17:17:15.875034+00:00,CSGO,Burlixxxxxxxxxxxxxxxxxxxxxxxxx,No positioning,1
2025-07-27T17:17:20.197673+00:00,CSGO,Dad and Dragons,Reeal was performing very well too,0
2025-07-28T15:42:44.016309+00:00,CSGO,Someone,"@GalaXxX I do not know man, thanks for watching",0
2025-07-28T15:42:46.038787+00:00,CSGO,doriens,He’s not ready for this level,1
2025-07-28T15:42:47.436935+00:00,CSGO,Karim,what time is falcons?,0
2025-07-28T15:42:48.187348+00:00,CSGO,Chris Hero,he said I do not know... what the heck he needs to be replace asap,0
2025-07-28T15:42:48.455705+00:00,CSGO,Holybuck27,He’s getting stomped,1
2025-07-28T15:42:49.273477+00:00,CSGO,rawgen 1.618,so high,0
2025-07-28T15:42:49.300714+00:00,CSGO,infinitedelete,That was mistake,1
2025-07-28T15:42:50.30658+00:00,CSGO,Raven,even as faze fan its kind of sad,0
2025-07-28T15:42:54.852281+00:00,CSGO,Old Sion,Horrible flank,1
2025-07-28T15:42:56.693671+00:00,CSGO,AintYe,This is collapse,1
2025-07-28T15:42:58.266907+00:00,CSGO,Cobey Caney (Kobe),He plays scared,1
2025-07-28T15:43:00.651051+00:00,CSGO,Buruu TaL,Next game ????,0
2025-07-28T15:43:02.708013+00:00,CSGO,Anthony Pon,Frozen is too good,0
2025-07-28T15:43:05.796582+00:00,CSGO,John,He panics every fight,1
2025-07-28T15:43:07.123238+00:00,CSGO,Noway丨1k,He keeps dying,1
2025-07-28T15:43:07.687014+00:00,CSGO,AMIR_STRANGE,thanks haha,0
2025-07-28T15:43:08.12025+00:00,CSGO,terps,NAHHH NAF DEF PLACED THAT bet on the low LOLOLOL,0
2025-07-28T15:43:08.969763+00:00,CSGO,playboi9am,bor needs to kick himself such a loser,1
2025-07-28T15:43:09.949057+00:00,CSGO,GalaXxX,He gets destroyed,1
2025-07-28T15:43:12.113125+00:00,CSGO,Someone,"i do not know man, good game well played I guess? XD",0
2025-07-28T15:43:14.783312+00:00,CSGO,Atehortúa,unc naf got to hang up the mouse,0
2025-07-28T15:43:17.598184+00:00,CSGO,Sourabh Saha,No impact at all,1
2025-07-28T15:43:18.236636+00:00,CSGO,Air Conditioning-Unit,"NAF already said he wanted out, Liquid let him go already please",0
2025-07-28T15:43:19.291851+00:00,CSGO,I Eat Seeds,they taking naf out back and putting him down like a lame horse after this,0
2025-07-28T15:43:21.671967+00:00,CSGO,AintYe,This team is hopeless,1
2025-07-28T15:43:22.729703+00:00,CSGO,m1ko,He loses every duel,1
2025-07-28T15:43:24.049085+00:00,CSGO,Chan Pyae Aung,He is useless,1
2025-07-28T15:43:27.304931+00:00,CSGO,ZWarden,Complete disaster,1
2025-07-28T15:43:43.587888+00:00,CSGO,Filomeno Seraspe III,can 3dmax go on g2?,0
2025-07-28T15:43:47.416152+00:00,CSGO,犽魔鐮,NAF is done,0
2025-07-28T15:43:49.536886+00:00,CSGO,ImAflex,"Guys, Are players allowed to place bets????",0
2025-07-28T15:43:53.881951+00:00,CSGO,Adrian Soonx3,What’s the next game,0
2025-07-28T15:44:03.821797+00:00,CSGO,Freak_Out_,he is every time sad,0
2025-07-28T15:44:06.109725+00:00,CSGO,Egzon Shkodra,When does NaVi play?,0
2025-07-28T15:44:08.992621+00:00,CSGO,John,no nro,0
2025-07-28T15:44:12.453093+00:00,CSGO,Jordboer,next game?,0
2025-07-28T15:44:13.720171+00:00,CSGO,Zerex,nah definitely cracks before the game,0
2025-07-28T15:44:13.725361+00:00,CSGO,Артём,When Falcons start?,0
2025-07-28T15:44:14.077237+00:00,CSGO,ALmusic,He keeps failing,1
2025-07-28T15:44:18.776304+00:00,CSGO,Adrian Soonx3,I don’t think so,0
2025-07-28T15:44:33.717709+00:00,CSGO,不吃柠檬吐籽籽,Team Liquid bring Stewie2k back please,0
2025-07-28T15:44:38.4083+00:00,CSGO,John,falcons will lose these losers don't know how to play,1
2025-07-28T15:44:39.784583+00:00,CSGO,犽魔鐮,46 mins,0
2025-07-28T15:44:40.588445+00:00,CSGO,OG,He’s outclassed,1
2025-07-28T15:44:40.970468+00:00,CSGO,Filomeno Seraspe III,can 3dmax score on g2 guys?,0
2025-07-28T15:44:47.887868+00:00,CSGO,Toska,45 minnnnssss???????????,0
2025-07-28T15:44:59.274764+00:00,CSGO,thm1337,laughing so hard,0
2025-07-28T15:45:05.611437+00:00,CSGO,GalaXxX,THE UNCS,0
2025-07-28T15:45:06.91231+00:00,CSGO,ImAflex,3 > 2 so 3DMAX,0
2025-07-28T15:45:11.002131+00:00,CSGO,MITH,RAINNN,0
2025-07-28T15:45:21.92366+00:00,CSGO,Harry Woodward,They’re getting wrecked,1
2025-07-28T15:45:25.673781+00:00,CSGO,Hunter Lomenda,they all seem to hate this interviewer,1
2025-07-28T15:45:26.993599+00:00,CSGO,pLn,rain built like a fridge,0
2025-07-28T15:45:27.366413+00:00,CSGO,buruusu,NAF IS LIKE A HOMELESS MAN,1
2025-07-28T15:45:34.231095+00:00,CSGO,austin CS2 shorts,Stunna with pensioners,0
2025-07-28T15:45:37.508734+00:00,CSGO,Samusha,song was so ahhh,0
2025-07-28T15:45:42.577798+00:00,CSGO,Zerex,laughing out loud,0
2025-07-28T15:45:43.681113+00:00,CSGO,GalaXxX,I lost too rain,0
2025-07-28T15:45:43.724783+00:00,CSGO,Someone,No trade potential at all,1
2025-07-28T15:45:44.501905+00:00,CSGO,xstavinx,Has liquid played yet?,0
2025-07-28T15:45:47.868159+00:00,CSGO,HelloSC,No positioning,1
2025-07-28T15:45:48.319051+00:00,CSGO,WALOWALOWALOWALOWALOWALOWALOWALOWALOWALOWALOWALOWALOWALOWALOWALOWALOWALOWALOWALOWALOWALOWALOWALOW,no wonder he is called the gigachad haha jeez,0
2025-07-28T15:45:52.577642+00:00,CSGO,Freak_Out_,That was a horrible call,1
2025-07-28T15:45:57.097431+00:00,CSGO,Crazy Chicken,He’s getting embarrassed out there,1
2025-07-28T15:46:03.347908+00:00,CSGO,doriens,more like broky going to the gym,0
2025-07-28T15:46:05.517747+00:00,CSGO,Barry,tessgoat setting up,0
2025-07-28T15:46:11.085555+00:00,CSGO,Mondragón,ajhahahaha,0
2025-07-28T15:46:11.960128+00:00,CSGO,max feelswell,He has no impact,1
2025-07-28T15:46:12.728835+00:00,CSGO,Vacy,LMAOO,0
2025-07-28T15:46:13.358167+00:00,CSGO,Bombsquid,That spray was panic,1
2025-07-28T15:46:14.439823+00:00,CSGO,AveaL,They have zero coordination,1
2025-07-28T15:46:17.022794+00:00,CSGO,Lord Santz,yes liquid played they got smoked 2-0,0
2025-07-28T15:46:17.766708+00:00,CSGO,doriens,i would get FREAKY in a room with broky. so would latvian loser,1
2025-07-28T15:46:21.71613+00:00,CSGO,Alex N,No control,1
2025-07-28T15:46:28.314756+00:00,CSGO,Toska,No awareness,1
2025-07-28T15:46:28.496844+00:00,CSGO,Rohan,This team looks completely lost,1
2025-07-28T15:46:31.926447+00:00,CSGO,Coexist H.,He fails everything,1
2025-07-28T15:46:35.66481+00:00,CSGO,MITH,Throw machine,1
2025-07-28T15:46:36.746835+00:00,CSGO,max feelswell,That was awful,1
2025-07-28T15:46:39.161367+00:00,CSGO,itskcGG,069 was simple hahahhaa,0
2025-07-28T15:46:40.476758+00:00,CSGO,Bombsquid,He gets punished,1
2025-07-28T15:46:41.071675+00:00,CSGO,MissouriOutlaw,That was a throw round,1
2025-07-28T15:46:41.909462+00:00,CSGO,Monsieur Timmy,s1mple a encore bu 2 litres,0
2025-07-28T15:46:43.59563+00:00,CSGO,Matomoto,He’s exposed repeatedly,1
2025-07-28T15:46:46.761381+00:00,CSGO,WALOWALOWALOWALOWALOWALOWALOWALOWALOWALOWALOWALOWALOWALOWALOWALOWALOWALOWALOWALOWALOWALOWALOWALOW,lmaoooooooooooooo,0
2025-07-28T15:46:47.38318+00:00,CSGO,CarlJohnson,R A I N,0
2025-07-28T15:46:47.4204+00:00,CSGO,Sebby,This is collapse in real time,1
2025-07-28T15:46:47.88774+00:00,CSGO,chinnfu,He can’t clutch,1
2025-07-28T15:46:53.480149+00:00,CSGO,arkae,LMFAAOOOOOOO,0
2025-07-28T15:46:53.872647+00:00,CSGO,Jack Gu,rain greatest of all time,0
2025-07-28T15:46:53.926797+00:00,CSGO,hilium2,laughing so hard,0
2025-07-28T15:46:54.381922+00:00,CSGO,AveaL,tornado rain,0
2025-07-28T15:46:56.523502+00:00,CSGO,Monsieur Timmy,s1mple est bourré,0
2025-07-28T15:46:59.444692+00:00,CSGO,AxHalo,karrigan such a cutie patootie,0
2025-07-28T15:47:04.714701+00:00,CSGO,Vacy,S1mple was 69 for FaZe,0
2025-07-28T15:47:09.345616+00:00,CSGO,hilium2,this interview is so scuffed xD,0
2025-07-28T15:47:16.479895+00:00,CSGO,doolB,rain is such a gigachad,0
2025-07-28T15:47:31.263147+00:00,CSGO,doolB,simple was 007,0
2025-07-28T15:47:40.023776+00:00,CSGO,ALmusic,my booiii teses king:trophy-yellow-smiling:,0
2025-07-28T15:47:41.084881+00:00,CSGO,Someone,He panics constantly,1
2025-07-28T15:47:41.092975+00:00,CSGO,Giang Phan,falconsss,0
2025-07-28T15:47:41.493632+00:00,CSGO,pimpchimp,This is collapse,1
2025-07-28T15:47:41.954109+00:00,CSGO,Zlatko705,furia win falcons are Bad,0
2025-07-28T15:47:55.82161+00:00,CSGO,Néstor Flores,simple going to play??,0
2025-07-28T15:48:02.785592+00:00,CSGO,Morpheous,Aurora Gaming vs Team Spirit 9 - 5 Aurora is winning. Live on STREAM B,0
2025-07-28T15:48:12.186593+00:00,CSGO,Monsieur Timmy,s1mple carburant = vodka,0
2025-07-28T15:48:14.200075+00:00,CSGO,Someone,@Néstor Flores Yes he is playing faceit from home,0
2025-07-28T15:48:30.519026+00:00,CSGO,Sebby,2-14 poor zweih,0
2025-07-28T15:48:32.796472+00:00,CSGO,MITH,42 mn?,0
2025-07-28T15:48:43.367098+00:00,CSGO,Thomas Shelbik Sigma - TSB,Absolute bot-like gameplay,1
2025-07-28T15:48:44.972071+00:00,CSGO,WALOWALOWALOWALOWALOWALOWALOWALOWALOWALOWALOWALOWALOWALOWALOWALOWALOWALOWALOWALOWALOWALOWALOWALOW,This is humiliation,1
2025-07-28T15:48:51.822293+00:00,CSGO,Néstor Flores,simple still in Faze??,0
2025-07-28T15:49:00.754047+00:00,CSGO,Thomas Shelbik Sigma - TSB,No awareness at all,1
2025-07-28T15:49:04.700644+00:00,CSGO,Sebby,at least he avoided the 2 15,0
2025-07-28T15:49:10.937075+00:00,CSGO,Giang Phan,"zweih put in as in-game leader, not fair",0
2025-07-28T15:49:12.928598+00:00,CSGO,philvinc4,S1mple was never in faze,0
2025-07-28T15:49:29.396475+00:00,CSGO,john,one of these casters sounds like the yellow guy from smiling friends haha,0
2025-07-28T15:49:30.04629+00:00,CSGO,Virtuous_AWP,AGAIN.. NAH IEM DID LIQUID DIRTY,0
2025-07-28T15:49:33.854919+00:00,CSGO,JankoPanko,really 40 minutes till they play?,0
2025-07-28T15:49:50.443928+00:00,CSGO,max feelswell,He keeps losing easy duels,1
2025-07-28T15:49:54.478731+00:00,CSGO,Ciroc Obama,yeah... removing magix was a giant mistake,0
2025-07-28T15:50:07.632637+00:00,CSGO,Ciroc Obama,zweih isnt even close.,0
2025-07-28T15:50:07.652171+00:00,CSGO,Danny DeWolverito,furia is going to dumpster falcons,0
2025-07-28T15:50:12.057319+00:00,CSGO,max feelswell,zweihbot,0
2025-07-28T15:50:12.267279+00:00,CSGO,Shorya,Magixx taking time off for gender reassignment surgery,0
2025-07-28T15:50:14.088915+00:00,CSGO,Sebby,ZWEIH MVP at 2 14,0
2025-07-28T15:50:18.546731+00:00,CSGO,MV,F A L B O T S,1
2025-07-28T15:50:19.097125+00:00,CSGO,Danny DeWolverito,falcons not a good enough team to take down furia,1
2025-07-28T15:50:25.605521+00:00,CSGO,Sebby,He can’t handle pressure,1
2025-07-28T15:50:34.525306+00:00,CSGO,MITH,Disaster entry play,1
2025-07-28T15:50:35.578795+00:00,CSGO,EatMyPost,its going to be so funny when falcons lse,0
2025-07-28T15:50:45.383495+00:00,CSGO,max feelswell,He ruins games,1
2025-07-28T15:50:52.588026+00:00,CSGO,Sanaa Z,Zweih ass,1
2025-07-28T15:50:57.226878+00:00,CSGO,Kedas 2006,This is collapse,1
2025-07-28T15:51:03.926671+00:00,CSGO,Specktacular,Magixx wouldnt be doing much better to be honest,0
2025-07-28T15:51:17.07813+00:00,CSGO,Sebby,at this point even me i can be in spirit haha,0
2025-07-28T15:51:17.203892+00:00,CSGO,Sanaa Z,That was a horrible read,1
2025-07-28T15:51:17.293605+00:00,CSGO,MITH,He is always late,1
2025-07-28T15:51:19.276577+00:00,CSGO,MV,2 KILL ZWEIH GODDD DAMN.,0
2025-07-28T15:51:24.355504+00:00,CSGO,Anime Cartoon Box,zweih on giving kills to opponents strat,0
2025-07-28T15:51:34.689697+00:00,CSGO,Sebby,I can also do 2 15,0
2025-07-28T15:51:39.3613+00:00,CSGO,MV,That was awful decision,1
2025-07-28T15:51:42.789871+00:00,CSGO,420-y9i,KYUSUKEB0T,0
2025-07-28T15:51:44.517497+00:00,CSGO,jdaking,magixx died for this,0
2025-07-28T15:51:47.509651+00:00,CSGO,Unknow,Horrible setup,1
2025-07-28T15:51:48.695338+00:00,CSGO,austin CS2 shorts,That was bad call,1
2025-07-28T15:51:50.007116+00:00,CSGO,Danny DeWolverito,zweih benched and traded to liquid,0
2025-07-28T15:51:56.266136+00:00,CSGO,420-y9i,YOU COMPARE WITH ZYWO NEVER !,0
2025-07-28T15:51:59.907119+00:00,CSGO,Sanaa Z,He’s constantly losing,1
2025-07-28T15:52:07.748177+00:00,CSGO,Sebby,WOW 3rd kill,0
2025-07-28T15:52:08.300496+00:00,CSGO,funtilwhenever,magix died so we could see falcon lose to a t3 BR team,0
2025-07-28T15:52:16.718197+00:00,CSGO,MV,zweih lose some weight u can think with clarity fat loser,1
2025-07-28T15:52:17.858989+00:00,CSGO,Unknow,He is always dying,1
2025-07-28T15:52:25.047976+00:00,CSGO,Judah,magixx for this？,0
2025-07-28T15:52:25.139418+00:00,CSGO,Isaac,"i hope falcons lose to furia, You’re trash",1
2025-07-28T15:52:29.563822+00:00,CSGO,ATA AugiTheAssassin,He woke up!,0
2025-07-28T15:52:30.848356+00:00,CSGO,CaptainSinju,3-15,0
2025-07-28T15:52:33.936471+00:00,CSGO,Sebby,oh my god 4th kill,0
2025-07-28T15:52:39.754112+00:00,CSGO,MITH,@Judah lmaooo,0
2025-07-28T15:52:41.861971+00:00,CSGO,Specktacular,He is useless,1
2025-07-28T15:52:43.701654+00:00,CSGO,GetDemo,wait who did zweih replace?,0
2025-07-28T15:52:44.541318+00:00,CSGO,Unknow,Falcons never lose,0
2025-07-28T15:52:49.467411+00:00,CSGO,Isaac,4-15 no way,0
2025-07-28T15:52:49.652873+00:00,CSGO,Sebby,You’re play like garbage,1
2025-07-28T15:52:52.018693+00:00,CSGO,sleepy,donk life game this round holy,0
2025-07-28T15:53:06.166849+00:00,CSGO,CLARENCE,@GetDemo magixx,0
2025-07-28T15:53:07.999112+00:00,CSGO,Specktacular,@GetDemo Magixx,0
2025-07-28T15:53:11.016578+00:00,CSGO,Sebby,He fails every time,1
2025-07-28T15:53:11.68818+00:00,CSGO,karl0815,donk just 9v1,0
2025-07-28T15:53:14.221701+00:00,CSGO,Sanaa Z,"If i was the coach, i take time out to only speak to zweih You’re embarrassing yourself",1
2025-07-28T15:53:14.549127+00:00,CSGO,Diamond,xfloud haha,0
2025-07-28T15:53:21.869088+00:00,CSGO,Sebby,pop the champagne guys,0
2025-07-28T15:53:25.900463+00:00,CSGO,GetDemo,You’re useless,1
2025-07-28T15:53:31.746381+00:00,CSGO,tinggg901,spirit lets go please,0
2025-07-28T15:53:33.729068+00:00,CSGO,Isaac,mod is a falcon fan,0
2025-07-28T15:53:34.422774+00:00,CSGO,Polaris - mixer,magixx need pzda,0
2025-07-28T15:53:43.458694+00:00,CSGO,MITH,kyxan interviewing in the back :D,0
2025-07-28T15:53:45.179054+00:00,CSGO,Usman Khan,xfl0ud's trash talk always backfires haha,0
2025-07-28T15:53:45.476508+00:00,CSGO,MV,That was a pointless death,1
2025-07-28T15:53:54.825069+00:00,CSGO,Unknow,Donk 19 kill,0
2025-07-28T15:53:55.149779+00:00,CSGO,CaptainSinju,sh1ro looks like abt to have heart attack he looks weird,1
2025-07-28T15:53:56.859359+00:00,CSGO,BlueRanger,zweih doubled his kill this round,0
2025-07-28T15:54:17.660072+00:00,CSGO,sebx 2115,zweih kekw,0
2025-07-28T15:54:31.799595+00:00,CSGO,Usman Khan,This is painful,1
2025-07-28T15:54:38.088887+00:00,CSGO,John Flowers,GET donk out of this team Even a beginner plays better than him,1
2025-07-28T15:54:41.691448+00:00,CSGO,Sebby,damn winning 7 round with zweih is a miracle,0
2025-07-28T15:56:00.263951+00:00,CSGO,吳儒軒,Shiro gooo,0
2025-07-28T15:56:03.641015+00:00,CSGO,FelkovX,That was a terrible rotate,1
2025-07-28T15:56:10.839031+00:00,CSGO,MITH,yooo haha,0
2025-07-28T15:56:16.657567+00:00,CSGO,Danny DeWolverito,WAKE UP ZWEIH,0
2025-07-28T15:56:25.273262+00:00,CSGO,吳儒軒,let zweih get kills,0
2025-07-28T15:56:39.749603+00:00,CSGO,tinggg901,lets go spirit,0
2025-07-28T15:56:46.293123+00:00,CSGO,吳儒軒,He’s getting destroyed,1
2025-07-28T15:56:57.378788+00:00,CSGO,Unknow,That clutch attempt was pathetic,1
2025-07-28T15:57:00.689544+00:00,CSGO,Sebby,if spirit win with stats like that loool,0
2025-07-28T15:57:03.773235+00:00,CSGO,FelkovX,Why are you even in this tournament?,1
2025-07-28T15:57:06.266211+00:00,CSGO,I am,donk pissed,0
2025-07-28T15:57:09.093516+00:00,CSGO,Danny DeWolverito,donk Loserrrrrrrrrrrrrrr,1
2025-07-28T15:57:12.099329+00:00,CSGO,kohwellSyiem,So satisfying to watch you fail,1
2025-07-28T15:57:19.248075+00:00,CSGO,Sebby,He gets destroyed,1
2025-07-28T15:57:20.668757+00:00,CSGO,FelkovX,DONK'D,0
2025-07-28T15:57:23.942104+00:00,CSGO,吳儒軒,Bang wow,0
2025-07-28T15:57:28.481683+00:00,CSGO,xiaoxiao12,1tap,0
2025-07-28T15:57:38.586229+00:00,CSGO,Blackflre,someone help donk please,0
2025-07-28T15:57:48.931597+00:00,CSGO,I am,That was a free round thrown away,1
2025-07-28T15:57:57.921011+00:00,CSGO,Nishant Nayak,Unstable performance,1
2025-07-28T15:58:09.494522+00:00,CSGO,Usman Khan,he should quit everything trash player,1
2025-07-28T15:58:11.906868+00:00,CSGO,Nov a,why falcons is here ?,0
2025-07-28T15:58:16.036418+00:00,CSGO,Byka boka,Nahh its Techno4k,0
2025-07-28T15:58:18.1567+00:00,CSGO,FelkovX,-ZWEIH +MAGIXX?,0
2025-07-28T15:58:20.437981+00:00,CSGO,吳儒軒,He gets farmed,1
2025-07-28T15:58:32.134832+00:00,CSGO,CherryAxe,910 greatest of all time,0
2025-07-28T15:58:33.209098+00:00,CSGO,Sebby,when u join spirit all u have to do is to be a decoy,0
2025-07-28T15:58:33.646471+00:00,CSGO,Haider Ali,He gets destroyed,1
2025-07-28T15:58:41.547166+00:00,CSGO,Fa Gyu,who would've thought that removing the most T sided map and replacing it with a CT sided map while buffing CT economy is going to make games CT sided,1
2025-07-28T15:58:44.525865+00:00,CSGO,Ciroc Obama,zweih looks like a deer in headlights HAHA what was that?? So embarrassing,1
2025-07-28T15:58:45.213323+00:00,CSGO,kohwellSyiem,xfloud regretting his bad mouth he deserved to lose,1
2025-07-28T15:58:49.987737+00:00,CSGO,xiaoxiao12,He misplays everything,1
2025-07-28T15:58:50.164909+00:00,CSGO,Morpheous,steam B poppin off,0
2025-07-28T15:58:50.618264+00:00,CSGO,tinggg901,No coordination,1
2025-07-28T15:58:52.136376+00:00,CSGO,Ten4,why let zweih get kills when Spirit's strategy is to pad donk's stats,0
2025-07-28T15:58:57.458748+00:00,CSGO,Fr1ce,can u gays tell me where is xantares gaaaayssssss,1
2025-07-28T15:59:00.734603+00:00,CSGO,Denise Polzy,go back to closet,1
2025-07-28T15:59:06.197269+00:00,CSGO,Archit Kokate,am going all in 100$ on falcons,0
2025-07-28T15:59:16.513677+00:00,CSGO,Denise Polzy,free money for aurora,0
2025-07-28T15:59:19.703484+00:00,CSGO,blanketofdeath,I missed who won between Faze and Liquid. Assume Faze took it 2-0?,0
2025-07-28T15:59:24.617787+00:00,CSGO,吳儒軒,Just firepower covering,0
2025-07-28T15:59:33.094676+00:00,CSGO,imBrega,He can’t adapt,1
2025-07-28T15:59:37.251269+00:00,CSGO,Sebby,He’s getting deleted,1
2025-07-28T15:59:41.98893+00:00,CSGO,Scarecrow,"That was so dumb, what are you doing?",1
2025-07-28T15:59:42.608332+00:00,CSGO,MV,ZWEIH RUN FATTY RUN,1
2025-07-28T15:59:53.166577+00:00,CSGO,Ciroc Obama,zweih dies .. haha,0
2025-07-28T15:59:57.09819+00:00,CSGO,fdodp88,L player L player L player,1
2025-07-28T16:00:03.22141+00:00,CSGO,z1nas,sheesh dobk is so scary laughing out loud,0
2025-07-28T16:00:04.561149+00:00,CSGO,I am,DONK dumbass,1
2025-07-28T16:00:05.310818+00:00,CSGO,吳儒軒,Donk AGAIN!!! Do you even know how to play?,1
2025-07-28T16:00:06.80645+00:00,CSGO,Diamond,donk has almost 60 kills in 2 maps what the heck,0
2025-07-28T16:00:09.417178+00:00,CSGO,prodigyyyyy,molester donk,1
2025-07-28T16:00:12.49673+00:00,CSGO,Sebby,zweih should do the human sacrifice,1
2025-07-28T16:00:13.216909+00:00,CSGO,Roman Vonzeac,horrible call from aurora,1
2025-07-28T16:00:15.125436+00:00,CSGO,z1nas,dobk donking tings,0
2025-07-28T16:00:19.701614+00:00,CSGO,King of lord,That was bad,1
2025-07-28T16:00:24.357737+00:00,CSGO,Görkem Şimsek,He keeps throwing,1
2025-07-28T16:00:28.286511+00:00,CSGO,Lai Bhari Gaming,aura you're a failure,1
2025-07-28T16:00:30.162733+00:00,CSGO,kohwellSyiem,donk absolute monster,1
2025-07-28T16:00:35.911007+00:00,CSGO,Usman Khan,"Spirit only looks good against third class teams, they start shivering and eating shit when they face mouz",1
2025-07-28T16:00:37.910916+00:00,CSGO,AombieZandy,these casters are BAD,1
2025-07-28T16:00:39.060031+00:00,CSGO,Ciroc Obama,there you go zweih,0
2025-07-28T16:00:41.979114+00:00,CSGO,z1nas,donk needs to chill,0
2025-07-28T16:00:43.258216+00:00,CSGO,Lixins,No discipline,1
2025-07-28T16:00:56.580364+00:00,CSGO,jofred balonzo,This match is disaster,1
2025-07-28T16:01:06.229116+00:00,CSGO,吳儒軒,Spirit show ur firepower,0
2025-07-28T16:01:07.477162+00:00,CSGO,golgytv,"he said wake up, they did",0
2025-07-28T16:01:10.218264+00:00,CSGO,mskelling,Aurora are cooked,0
2025-07-28T16:01:14.061395+00:00,CSGO,z1nas,"donk scared xantarea, xantares is hiding in the closet GAYYYYY",1
2025-07-28T16:01:16.590493+00:00,CSGO,Sebby,L player L player L player,1
2025-07-28T16:01:16.590568+00:00,CSGO,Pace,Did Spirit win this or he's being a coward,1
2025-07-28T16:01:23.123864+00:00,CSGO,kohwellSyiem,xflould big mouth cost this team wow Gay,1
2025-07-28T16:01:24.87465+00:00,CSGO,Eddie Gomez,You deserved to lose loser,1
2025-07-28T16:01:32.504773+00:00,CSGO,Lixins,He is always late,1
2025-07-28T16:01:48.274576+00:00,CSGO,Sebby,That was horrible decision,1
2025-07-28T16:01:48.798153+00:00,CSGO,Scarecrow,Do you even have a brain? stupid,1
2025-07-28T16:01:49.024482+00:00,CSGO,ccrowww,zweih you’re useless,1
2025-07-28T16:01:54.720712+00:00,CSGO,tinggg901,letsgo spirit,0
2025-07-28T16:02:02.652203+00:00,CSGO,Usman Khan,He can’t win fights,1
2025-07-28T15:57:20.668757+00:00,CSGO,FelkovX,Go kill yourself loser,1
2025-07-28T15:57:23.942104+00:00,CSGO,吳儒軒,you should disappear,1
2025-07-28T15:57:28.481683+00:00,CSGO,xiaoxiao12,1tap,0
2025-07-28T15:57:38.586229+00:00,CSGO,Blackflre,someone help donk please,0
2025-07-28T15:57:48.931597+00:00,CSGO,I am,People like you shouldn’t play,1
2025-07-28T15:57:57.921011+00:00,CSGO,Nishant Nayak,donk already has 51 kills in this series,0
2025-07-28T15:58:09.494522+00:00,CSGO,Usman Khan,He’s getting outplayed every round,1
2025-07-28T15:58:11.906868+00:00,CSGO,Nov a,No discipline,1
2025-07-28T15:58:16.036418+00:00,CSGO,Byka boka,You’re the worst player here by far,1
2025-07-28T15:58:18.1567+00:00,CSGO,FelkovX,No game sense,1
2025-07-28T15:58:20.437981+00:00,CSGO,吳儒軒,He gets destroyed mid fights,1
2025-07-28T15:58:32.134832+00:00,CSGO,CherryAxe,910 greatest of all time,0
2025-07-28T15:58:33.209098+00:00,CSGO,Sebby,when u join spirit all u have to do is to be a decoy,0
2025-07-28T15:58:33.646471+00:00,CSGO,Haider Ali,He’s getting read every time,1
2025-07-28T15:58:41.547166+00:00,CSGO,Fa Gyu,People from your country are all bad at this,1
2025-07-28T15:58:44.525865+00:00,CSGO,Ciroc Obama,He gets read every time,1
2025-07-28T15:58:45.213323+00:00,CSGO,kohwellSyiem,xfloud regretting his bad mouth such a loser,1
2025-07-28T15:58:49.987737+00:00,CSGO,xiaoxiao12,This is a complete collapse,1
2025-07-28T15:58:50.164909+00:00,CSGO,Morpheous,No positioning,1
2025-07-28T15:58:50.618264+00:00,CSGO,tinggg901,spirit lets go,0
2025-07-28T15:58:52.136376+00:00,CSGO,Ten4,why let zweih get kills when Spirit's strategy is to pad donk's stats,0
2025-07-28T15:58:57.458748+00:00,CSGO,Fr1ce,can u gays tell me where is xantares,0
2025-07-28T15:59:00.734603+00:00,CSGO,Denise Polzy,ez x5 for aurora guys,0
2025-07-28T15:59:06.197269+00:00,CSGO,Archit Kokate,am going all in 100$ on falcons,0
2025-07-28T15:59:16.513677+00:00,CSGO,Denise Polzy,He’s dragging the whole team down,1
2025-07-28T15:59:19.703484+00:00,CSGO,blanketofdeath,L player,1
2025-07-28T15:59:24.617787+00:00,CSGO,吳儒軒,He’s not reading game,1
2025-07-28T15:59:33.094676+00:00,CSGO,imBrega,yes faze 2-0,0
2025-07-28T15:59:37.251269+00:00,CSGO,Sebby,aurora is playing at where is charlie in this case donk,0
2025-07-28T15:59:41.98893+00:00,CSGO,Scarecrow,You're embarrassing yourself in front of everyone such a loser,1
2025-07-28T15:59:42.608332+00:00,CSGO,MV,He’s making rookie mistakes,1
2025-07-28T15:59:53.166577+00:00,CSGO,Ciroc Obama,He is useless,1
2025-07-28T15:59:57.09819+00:00,CSGO,fdodp88,donk is wallin,0
2025-07-28T16:00:03.22141+00:00,CSGO,z1nas,"sheesh dobk is so scary This guy is disgusting, someone stop him already",1
2025-07-28T16:00:04.561149+00:00,CSGO,I am,How are these bots letting him do this again? fucking loser,1
2025-07-28T16:00:05.310818+00:00,CSGO,吳儒軒,Donk AGAIN!!!,0
2025-07-28T16:00:06.80645+00:00,CSGO,Diamond,donk has almost 60 kills in 2 maps what the heck,0
2025-07-28T16:00:09.417178+00:00,CSGO,prodigyyyyy,moster donk,0
2025-07-28T16:00:12.49673+00:00,CSGO,Sebby,"This guy is useless, just there to die fucking loser",1
2025-07-28T16:00:13.216909+00:00,CSGO,Roman Vonzeac,horrible call from aurora what is this fucker really doing,1
2025-07-28T16:00:15.125436+00:00,CSGO,z1nas,"Aurora has zero brain, what a dumb call",1
2025-07-28T16:00:19.701614+00:00,CSGO,King of lord,This is collapse,1
2025-07-28T16:00:24.357737+00:00,CSGO,Görkem Şimsek,dog donk,0
2025-07-28T16:00:28.286511+00:00,CSGO,Lai Bhari Gaming,aura,0
2025-07-28T16:00:30.162733+00:00,CSGO,kohwellSyiem,He gets destroyed,1
2025-07-28T16:00:35.911007+00:00,CSGO,Usman Khan,"Spirit only looks good against third class teams, they start shivering and eating shit when they face mouz",1
2025-07-28T16:00:37.910916+00:00,CSGO,AombieZandy,wow these casters are BAD,1
2025-07-28T16:00:39.060031+00:00,CSGO,Ciroc Obama,He gets destroyed,1
2025-07-28T16:00:41.979114+00:00,CSGO,z1nas,donk needs to chill,0
2025-07-28T16:00:43.258216+00:00,CSGO,Lixins,This is disaster,1
2025-07-28T16:00:56.580364+00:00,CSGO,jofred balonzo,He’s getting destroyed,1
2025-07-28T16:01:06.229116+00:00,CSGO,吳儒軒,He can’t aim,1
2025-07-28T16:01:07.477162+00:00,CSGO,golgytv,"he said wake up, they did",0
2025-07-28T16:01:10.218264+00:00,CSGO,mskelling,Aurora are cooked ,1
2025-07-28T16:01:14.061395+00:00,CSGO,z1nas,"donk scared xantarea, xantares is hiding in the closet GAYYYYY",1
2025-07-28T16:01:16.590493+00:00,CSGO,Sebby,He keeps feeding,1
2025-07-28T16:01:16.590568+00:00,CSGO,Pace,He’s getting farmed again,1
2025-07-28T16:01:23.123864+00:00,CSGO,kohwellSyiem,xflould big mouth cost this team wow,1
2025-07-28T16:01:24.87465+00:00,CSGO,Eddie Gomez,where xante?,0
2025-07-28T16:01:32.504773+00:00,CSGO,Lixins,once d0nk get AK its done,0
2025-07-28T16:01:48.274576+00:00,CSGO,Sebby,That was bad play,1
2025-07-28T16:01:48.798153+00:00,CSGO,Scarecrow,xantares got arrested,0
2025-07-28T16:01:49.024482+00:00,CSGO,ccrowww,zweih dog,0
2025-07-28T16:01:54.720712+00:00,CSGO,tinggg901,letsgo spirit,0
2025-07-28T16:02:02.652203+00:00,CSGO,Usman Khan,"xfloud should stop trash talking, it backfires so fast",0
2025-07-28T16:02:10.667564+00:00,CSGO,z1nas,wheres the trans girl from spirit? magixxa? go back to closet ,1
2025-07-28T16:02:10.830543+00:00,CSGO,Roman Vonzeac,Unwatchable gameplay,1
2025-07-28T16:02:15.327969+00:00,CSGO,Lixins,wheres magixxx,0
2025-07-28T16:02:18.065408+00:00,CSGO,Nishant Nayak,xantarez pregnent check hltv,0
2025-07-28T16:02:25.138552+00:00,CSGO,Killswitch X,Always the same mistakes,1
2025-07-28T16:02:25.50384+00:00,CSGO,mskelling,replace by zweih,0
2025-07-28T16:02:36.644349+00:00,CSGO,Lixins,falcon lower bracket,0
2025-07-28T16:02:37.389608+00:00,CSGO,Zarni Yehtut,Donkee,0
2025-07-28T16:02:39.84847+00:00,CSGO,mskelling,falcons vs furia todayu,0
2025-07-28T16:02:42.782777+00:00,CSGO,funtilwhenever,No leadership in this team,1
2025-07-28T16:02:45.657913+00:00,CSGO,Sebby,zweih MVP,0
2025-07-28T16:02:46.626999+00:00,CSGO,max feelswell,imgaine replacing magixx w zweih LOOOL,0
2025-07-28T16:02:52.702377+00:00,CSGO,Claire Onggara,"how old is choppe, i hope old enough to serve daddy",1
2025-07-28T16:02:57.799924+00:00,CSGO,z1nas,is magix benched?,0
2025-07-28T16:03:07.817806+00:00,CSGO,Ciroc Obama,yeah,0
2025-07-28T16:03:10.338171+00:00,CSGO,Sebby,donk alone haha,0
2025-07-28T16:03:11.818793+00:00,CSGO,mskelling,like magisk was for kyosuke,0
2025-07-28T16:03:12.634073+00:00,CSGO,T J,damn,0
2025-07-28T16:03:18.977656+00:00,CSGO,吳儒軒,Donk againnnnn,0
2025-07-28T16:03:23.306517+00:00,CSGO,funtilwhenever,He’s throwing under pressure,1
2025-07-28T16:03:23.451736+00:00,CSGO,Usman Khan,DONK go kill,0
2025-07-28T16:03:27.068457+00:00,CSGO,Sebby,zweih 10!!!,0
2025-07-28T16:03:27.690407+00:00,CSGO,sleepy,donk had enough,0
2025-07-28T16:03:29.073338+00:00,CSGO,T J,what was that?,0
2025-07-28T16:03:36.486572+00:00,CSGO,john,why do they keep going to donk,0
2025-07-28T16:03:37.701539+00:00,CSGO,Sanjog Chakrabarti,No game sense,1
2025-07-28T16:03:37.855062+00:00,CSGO,mskelling,This is disaster,1
2025-07-28T16:03:38.537776+00:00,CSGO,吳儒軒,No aim consistency,1
2025-07-28T16:03:39.564789+00:00,CSGO,Shaka Zulu,donk go kill,0
2025-07-28T16:03:39.796385+00:00,CSGO,Scarecrow,friend is hungry,0
2025-07-28T16:03:44.39533+00:00,CSGO,Usman Khan,No understanding,1
2025-07-28T16:03:50.727511+00:00,CSGO,john,He's such a loser,1
2025-07-28T16:03:50.960528+00:00,CSGO,kohwellSyiem,one man army,0
2025-07-28T16:04:02.868366+00:00,CSGO,Usman Khan,"DONK go kill, Kyousunakikuku go kill",1
2025-07-28T16:04:03.83224+00:00,CSGO,The Rationalist,holy glaze. donk only performs against tier 2.,0
2025-07-28T16:04:06.42663+00:00,CSGO,Lai Bhari Gaming,donk ; - hold my bear,0
2025-07-28T16:04:11.632142+00:00,CSGO,Sebby,Whats the tactic chopper? U run Donk kill,0
2025-07-28T16:04:12.389034+00:00,CSGO,Mesa1221,FREEDONK,0
2025-07-28T16:04:13.669839+00:00,CSGO,FelkovX,He’s getting farmed nonstop,1
2025-07-28T16:04:14.588726+00:00,CSGO,Frans Marpaung,He loses every 1v1,1
2025-07-28T16:04:15.330084+00:00,CSGO,Alex Garcia,naf is checked out laughing out loud,0
2025-07-28T16:04:16.520707+00:00,CSGO,ChocoAKAMilo,jesus what a k/d,1
2025-07-28T16:04:17.748045+00:00,CSGO,Card Commander,Donk just shitting on everyone,1
2025-07-28T16:04:17.811176+00:00,CSGO,funtilwhenever,jesus,0
2025-07-28T16:04:18.046171+00:00,CSGO,Usman Khan,That was throw play,1
2025-07-28T16:04:20.42871+00:00,CSGO,Diamond,donk 60 kills in 2 maps what the heck,0
2025-07-28T16:04:20.461435+00:00,CSGO,john,lets go donk,0
2025-07-28T16:04:20.965213+00:00,CSGO,Sentt1n3l,damn0,0
2025-07-28T16:04:21.240886+00:00,CSGO,Baki,donk is not human,1
2025-07-28T16:04:23.32464+00:00,CSGO,sleepy,No reaction,1
2025-07-28T16:04:24.975034+00:00,CSGO,tinggg901,He’s just running in blindly,1
2025-07-28T16:04:25.129908+00:00,CSGO,drtymead하,holy moly,0
2025-07-28T16:04:25.443637+00:00,CSGO,Mesa1221,#FREEDOnk,0
2025-07-28T16:04:25.984+00:00,CSGO,Tuấn Anh,That was awful,1
2025-07-28T16:04:26.715115+00:00,CSGO,Kiran Shekhawat,donk god,0
2025-07-28T16:04:27.094117+00:00,CSGO,吳儒軒,He is losing constantly,1
2025-07-28T16:04:28.386345+00:00,CSGO,I am,3k after 3k after 3k,0
2025-07-28T16:04:30.869124+00:00,CSGO,Nikita Gizatulin,Tomorrow Mouz will destroy them die bitches,1
2025-07-28T16:04:31.278878+00:00,CSGO,Counter Strike Clips,donk was literally farming them,0
2025-07-28T16:04:31.617828+00:00,CSGO,Benjamin Salter,Predictable failure,1
2025-07-28T16:04:32.228643+00:00,CSGO,a-130,Another throw,1
2025-07-28T16:04:33.367449+00:00,CSGO,Baki,we need to xantares .d,0
2025-07-28T16:04:33.959177+00:00,CSGO,Rizonex,152 adr is craaaazy,0
2025-07-28T16:04:35.021086+00:00,CSGO,silas da silva,greatest of all time,0
2025-07-28T16:04:35.112045+00:00,CSGO,Kolboh,phy is a horrible caster i'm not going to lie,1
2025-07-28T16:04:35.687488+00:00,CSGO,Claire Onggara,donk is greatest of all time the rest is bad player,1
2025-07-28T16:04:38.471546+00:00,CSGO,LiteralSteak,donk is genuinely bred for cs,1
2025-07-28T16:04:38.968644+00:00,CSGO,TeaBee Potato,This is a disaster performance,1
2025-07-28T16:04:39.124502+00:00,CSGO,FelkovX,DONK IS counter strike,0
2025-07-28T16:04:39.482407+00:00,CSGO,d4c,haha xfloud negative aura,0
2025-07-28T16:04:41.396244+00:00,CSGO,Lixins,holy moly,0
2025-07-28T16:04:43.975209+00:00,CSGO,Usman Khan,New season New high rating,0
2025-07-28T16:04:46.328221+00:00,CSGO,R S,donk just leave spirit,0
2025-07-28T16:04:46.744115+00:00,CSGO,a-130,ggs ebal xoxlow,0
2025-07-28T16:04:46.879593+00:00,CSGO,Counter Strike Clips,Imagine being a Mouz fan laughing out loud a fucking sour losers fan,1
2025-07-28T16:04:48.324224+00:00,CSGO,Claire Onggara,we need shoulder peek,0
2025-07-28T16:04:51.471295+00:00,CSGO,alpha kenny 1,this girl is really good,0
2025-07-28T16:04:51.744059+00:00,CSGO,Baki,xfl0ud is really fucking bad,1
2025-07-28T16:04:54.485239+00:00,CSGO,drtymead하,He has no awareness,1
2025-07-28T16:04:56.306335+00:00,CSGO,golgytv,well they showboated and got what they deserved,0
2025-07-28T16:04:57.068231+00:00,CSGO,CaptainSinju,This is disaster,1
2025-07-28T16:04:59.885058+00:00,CSGO,Sebby,No awareness,1
2025-07-28T16:05:01.194583+00:00,CSGO,nol88 bzala,where is xflod now,0
2025-07-28T16:05:02.292969+00:00,CSGO,Rbjrrrrrrr,DONK VICTORY,0
2025-07-28T16:05:05.345778+00:00,CSGO,topfraGG,Turks suddenly quiet today,0
2025-07-28T16:05:05.42824+00:00,CSGO,B34TME,no xantares no game,0
2025-07-28T16:05:07.689241+00:00,CSGO,UndergroundRabbit,Is Donk a gay?,1
2025-07-28T16:05:11.08594+00:00,CSGO,FelkovX,Freiya,0
2025-07-28T16:05:13.074763+00:00,CSGO,Damian,i love it turkish go home!,0
2025-07-28T16:05:13.693159+00:00,CSGO,OG,niice,0
2025-07-28T16:05:15.936533+00:00,CSGO,267samiam,Who plays next?,0
2025-07-28T16:05:17.636376+00:00,CSGO,brutpenta,The Kebab:,0
2025-07-28T16:05:19.310574+00:00,CSGO,niggatroll,They’re collapsing,1
2025-07-28T16:05:28.144486+00:00,CSGO,Sebby,turkey got donked,0
2025-07-28T16:05:30.693056+00:00,CSGO,Counter Strike Clips,They’re being dismantled,1
2025-07-28T16:05:34.813696+00:00,CSGO,nol88 bzala,He’s getting exposed,1
2025-07-28T16:05:37.306984+00:00,CSGO,l0verboyzz,31 KILLL what the heck,0
2025-07-28T16:05:42.847211+00:00,CSGO,Damian,KEBAB ARE FLYING HOME sour losers,1
2025-07-28T16:05:45.382857+00:00,CSGO,alpha kenny 1,how much for kebab in your garbage country,1
2025-07-28T16:05:46.145515+00:00,CSGO,Shashank,Donk destroyed them what the heck go back to your trash country,1
2025-07-28T16:05:49.887437+00:00,CSGO,Cobey Caney (Kobe),excited for this one. which one is more of a pretender?,0
2025-07-28T16:05:55.407155+00:00,CSGO,Siddhant Das,This is collapse,1
2025-07-28T16:06:03.111534+00:00,CSGO,Counter Strike Clips,He keeps throwing,1
2025-07-28T16:06:03.276264+00:00,CSGO,max feelswell,He’s the reason they’re losing,1
2025-07-28T16:06:04.158897+00:00,CSGO,Gian Ashley Albana,falcons or furia?,0
2025-07-28T16:06:08.379467+00:00,CSGO,Statik,He fails basics consistently,1
2025-07-28T16:06:11.601411+00:00,CSGO,SKAYVEEZ,donk is a lord,0
2025-07-28T16:06:15.72164+00:00,CSGO,Gr Andrei,stop this embarrassing already,0
2025-07-28T16:06:18.466412+00:00,CSGO,Mono kkkkk,im all in for esl caster the office,0
2025-07-28T16:06:19.591296+00:00,CSGO,Gian Ashley Albana,Every round is a disaster,1
2025-07-28T16:06:26.945042+00:00,CSGO,Tank Top,wow so much effort on this,0
2025-07-28T16:06:29.364216+00:00,CSGO,Montu Onuphrius,He keeps throwing advantages,1
2025-07-28T16:06:32.134112+00:00,CSGO,David-Alexandre Masse,DONK RULES,0
2025-07-28T16:06:32.638797+00:00,CSGO,Helperbot 2000,He throws rounds,1
2025-07-28T16:06:32.793962+00:00,CSGO,Mono kkkkk,falcons wing it,0
2025-07-28T16:06:33.113976+00:00,CSGO,Divórcio Online,No improvement at all,1
2025-07-28T16:06:34.123332+00:00,CSGO,kohwellSyiem,Donk demolished Aurora,0
2025-07-28T16:06:41.605172+00:00,CSGO,Causa Instrumentalis,3kliksphilip impressive,0
2025-07-28T16:06:41.685057+00:00,CSGO,Gareth,He’s getting destroyed,1
2025-07-28T16:06:44.174443+00:00,CSGO,Mono kkkkk,3kliks !!!,0
2025-07-28T16:06:45.637516+00:00,CSGO,Vince fendy,the heck the office laughing out loud,0
2025-07-28T16:06:45.712987+00:00,CSGO,Mesa1221,HOLY THATS SO NICE,0
2025-07-28T16:06:47.167148+00:00,CSGO,CaptainSinju,wachu doin with the banana ?,0
2025-07-28T16:06:49.611164+00:00,CSGO,Martin,Falcons win izi,0
2025-07-28T16:06:50.376224+00:00,CSGO,Usman Khan,Kyousususukeekkekek go KILL NOW!!!,0
2025-07-28T16:06:50.969352+00:00,CSGO,FelkovX,haha DHL in EVERY frame is kind of funny,0
2025-07-28T16:06:52.68663+00:00,CSGO,Jony Garcia,terrible,0
2025-07-28T16:06:54.305164+00:00,CSGO,Shane Silva,Who farted,0
2025-07-28T16:06:55.404889+00:00,CSGO,David-Alexandre Masse,THE OFFICE LAMO,0
2025-07-28T16:06:57.041577+00:00,CSGO,icaka,why so good though,0
2025-07-28T16:06:57.666703+00:00,CSGO,firefly,3KLIKS,0
2025-07-28T16:06:58.169513+00:00,CSGO,Killswitch X,Wish valve would put this much effort on their anticheat,0
2025-07-28T16:06:59.773699+00:00,CSGO,First name Last name,CINEMA,0
2025-07-28T16:07:01.663344+00:00,CSGO,Divórcio Online,calmdown martin,0
2025-07-28T16:07:01.860781+00:00,CSGO,FBI,He fails every fight,1
2025-07-28T16:07:03.219522+00:00,CSGO,Mono kkkkk,He’s always behind,1
2025-07-28T16:07:06.663311+00:00,CSGO,JAY GOT,Donkeys,1
2025-07-28T16:07:09.910649+00:00,CSGO,OG,hmmm chicken,1
2025-07-28T16:07:11.155013+00:00,CSGO,Mesa1221,SINOVYA SHLYUX OTSOSALI EBANIE TURKI,1
2025-07-28T16:07:18.52811+00:00,CSGO,MissShaymin,THE OFFICE <3,0
2025-07-28T16:07:19.895354+00:00,CSGO,Ceri,coward chicken,1
2025-07-28T16:07:26.535354+00:00,CSGO,Usman Khan,He’s ruining rounds,1
2025-07-28T16:07:30.344365+00:00,CSGO,Mono kkkkk,chiken,1
2025-07-28T16:07:34.387626+00:00,CSGO,Gareth,@firefly you mean the weird fart fetish creep,1
2025-07-28T16:07:35.343619+00:00,CSGO,FelkovX,FREIYA IS SO HOT,0
2025-07-28T16:07:37.691474+00:00,CSGO,Rodrigo Fook,haha Freya with such a Pam energy,0
2025-07-28T16:07:47.993531+00:00,CSGO,funtilwhenever,god damn,0
2025-07-28T16:07:48.738472+00:00,CSGO,MIlk,Franky :D,0
2025-07-28T16:07:51.871778+00:00,CSGO,MITH,lmaoo,0
2025-07-28T16:07:54.397912+00:00,CSGO,impish,He can’t handle pressure,1
2025-07-28T16:07:55.967044+00:00,CSGO,DM,I thought frankie was blackballed nigga,1
2025-07-28T16:07:59.610543+00:00,CSGO,David-Alexandre Masse,TABARNAK,0
2025-07-28T16:08:05.152106+00:00,CSGO,Erik Mejia Barrera,This is collapse,1
2025-07-28T16:08:05.214913+00:00,CSGO,philvinc4,He’s inconsistent,1
2025-07-28T16:08:06.107861+00:00,CSGO,Orhun Dursun,He’s getting punished every round,1
2025-07-28T16:08:24.132266+00:00,CSGO,FelkovX,That was bad play,1
2025-07-28T16:08:35.11736+00:00,CSGO,Dhyte zanca,donk <3,0
2025-07-28T16:08:47.78938+00:00,CSGO,ChildishScarfino,He has no impact,1
2025-07-28T16:09:08.740286+00:00,CSGO,Zilla,no way people think freya is hot,0
2025-07-28T16:09:10.655445+00:00,CSGO,RoHS,budget office,0
2025-07-28T16:09:15.581118+00:00,CSGO,Kiddo,no way the greatest of all time,0
2025-07-28T16:09:24.501277+00:00,CSGO,Rey Kevin Garcia,freye super hot,0
2025-07-28T16:09:25.898369+00:00,CSGO,PP,the actual greatest of all time,0
2025-07-28T16:09:32.846376+00:00,CSGO,Bondee,Constant mistakes,1
2025-07-28T16:09:33.044118+00:00,CSGO,Abhishek Chauhan,donk domination,0
2025-07-28T16:09:33.366776+00:00,CSGO,doriens,He can’t aim,1
2025-07-28T16:09:41.331171+00:00,CSGO,KasTeL,is this bootleg office?,0
2025-07-28T16:09:44.998752+00:00,CSGO,Pipidastr,mONESY play please,0
2025-07-28T16:09:46.963651+00:00,CSGO,mane,fartmaster skit,0
2025-07-28T16:09:48.944876+00:00,CSGO,Specktacular,Valve must have dropped the Season 2 Armory Update when this was filmed,0
2025-07-28T16:09:49.431827+00:00,CSGO,FelkovX,DAMN the voice man,0
2025-07-28T16:09:49.681978+00:00,CSGO,ynn0r1 xgod,helloooooo monkey,0
2025-07-28T16:09:53.105174+00:00,CSGO,funtilwhenever,He keeps throwing,1
2025-07-28T16:09:58.209767+00:00,CSGO,Eviate,OhMy,0
2025-07-28T16:09:58.317227+00:00,CSGO,Gareth,arent you the fart master,0
2025-07-28T16:10:03.832955+00:00,CSGO,Abhishek Chauhan,donk to NAVI,0
2025-07-28T16:10:05.799332+00:00,CSGO,Someone,"donk 2.44 rating on nuke, what do you even do",0
2025-07-28T16:10:10.320647+00:00,CSGO,johnny Brravo,the office,0
2025-07-28T16:10:11.541258+00:00,CSGO,Hassan Khan,Absolute Cinema,0
2025-07-28T16:10:11.666055+00:00,CSGO,Rey Kevin Garcia,Worst performance I’ve seen today,1
2025-07-28T16:10:13.50746+00:00,CSGO,doriens,He panics every single time,1
2025-07-28T16:10:19.47382+00:00,CSGO,Mat Shark,oh my god 3kliksphilip,0
2025-07-28T16:10:22.92156+00:00,CSGO,Maxim Piroha,cinema for real for real,0
2025-07-28T16:10:24.402719+00:00,CSGO,CarlJohnson,All hype no performance,1
2025-07-28T16:10:27.361691+00:00,CSGO,jet nutgoon,embarrassing,0
2025-07-28T16:10:27.507542+00:00,CSGO,aryan,half life 3 when?,0
2025-07-28T16:10:27.745373+00:00,CSGO,Johnny Blaxxx,dont to NAVI!,0
2025-07-28T16:10:28.079585+00:00,CSGO,Tank Top,holy effort huge W ad,0
2025-07-28T16:10:28.982299+00:00,CSGO,El_Lulaa,the office if it was peak,0
2025-07-28T16:10:30.652429+00:00,CSGO,Paranoid Oneiroid,embarrassing,0
2025-07-28T16:10:32.09903+00:00,CSGO,FelkovX,No communication,1
2025-07-28T16:10:32.69671+00:00,CSGO,australiumlover,No coordination,1
2025-07-28T16:10:34.111358+00:00,CSGO,Abhishek Chauhan,DONK and SHIRO to navi,0
2025-07-28T16:10:35.04668+00:00,CSGO,MITH,haha chad,0
2025-07-28T16:10:35.345083+00:00,CSGO,Kelvinini,who the hell holds the pen like that,0
2025-07-28T16:10:41.172289+00:00,CSGO,b k,what the heck donk:eyes-purple-crying::eyes-purple-crying::eyes-purple-crying::eyes-purple-crying::eyes-purple-crying:,0
2025-07-28T16:10:42.208067+00:00,CSGO,Baba Yaga,whos next game?,0
2025-07-28T16:10:43.252419+00:00,CSGO,5k00n5,3Klick is a perv,1
2025-07-28T16:10:43.956577+00:00,CSGO,GMobile Highlight,DONK SOLOS AURORA,0
2025-07-28T16:10:44.638079+00:00,CSGO,OG,:text-green-game-over:,0
2025-07-28T16:10:48.590186+00:00,CSGO,MrPaxter,th0rin greatest of all time,0
2025-07-28T16:10:52.886926+00:00,CSGO,SBald,@CarlJohnson yep,0
2025-07-28T16:10:54.335278+00:00,CSGO,thisandablunt,haha THE OFFICE LMAOOOOOOOOOOOOOO,0
2025-07-28T16:11:08.227523+00:00,CSGO,Joz1 Farkaš,DONK solo leveling,0
2025-07-28T16:11:10.307513+00:00,CSGO,GMobile Highlight,DONK AURA FARMING,0
2025-07-28T16:11:10.854897+00:00,CSGO,tralza,"ok, this time falcons win, right?",0
2025-07-28T16:11:13.372331+00:00,CSGO,Rey Kevin Garcia,freya baddie,0
2025-07-28T16:11:14.588421+00:00,CSGO,Sebby,No reaction speed,1
2025-07-28T16:11:21.311264+00:00,CSGO,OG,speech,0
2025-07-28T16:11:30.804045+00:00,CSGO,Counter Strike Clips,No coordination,1
2025-07-28T16:11:32.310095+00:00,CSGO,Abhishek Chauhan,donk and shiro to navi and vitality era is over,0
2025-07-28T16:11:35.217606+00:00,CSGO,aryan,This team has no hope,1
2025-07-28T16:11:37.998214+00:00,CSGO,ez editz,Pathetic performance,1
2025-07-28T16:11:39.040869+00:00,CSGO,JW ice way,good game furia,0
2025-07-28T16:11:39.732661+00:00,CSGO,MITH,harry keep playing lmaoo,0
2025-07-28T16:11:42.996622+00:00,CSGO,El_Lulaa,No awareness,1
2025-07-28T16:11:43.049558+00:00,CSGO,Scrub,Shiro looked good as always. Ppl say this and that about chopper but good in-game leader,0
2025-07-28T16:11:43.130657+00:00,CSGO,WALOWALOWALOWALOWALOWALOWALOWALOWALOWALOWALOWALOWALOWALOWALOWALOWALOWALOWALOWALOWALOWALOWALOWALOW,haha pihillip3k!!,0
2025-07-28T16:11:45.243534+00:00,CSGO,cheeweng ong,9-3 GAME 10-13 WOW,0
2025-07-28T16:11:51.705527+00:00,CSGO,OG,faze,0
2025-07-28T16:11:53.821608+00:00,CSGO,Abhishek Chauhan,right,0
2025-07-28T16:11:57.979559+00:00,CSGO,Bobur Nosirov,is he leaving,0
2025-07-28T16:11:57.997053+00:00,CSGO,Brian Anderson,Screw CS I’m here for the Dispatch,0
2025-07-28T16:11:58.404119+00:00,CSGO,WALOWALOWALOWALOWALOWALOWALOWALOWALOWALOWALOWALOWALOWALOWALOWALOWALOWALOWALOWALOWALOWALOWALOWALOW,No coordination,1
2025-07-28T16:12:06.165039+00:00,CSGO,JW ice way,i bet on furia they are way better togehter,0
2025-07-28T16:12:12.640605+00:00,CSGO,Specktacular,I just saw a man fall to his knees in the DHL office,0
2025-07-28T16:12:12.848649+00:00,CSGO,rawgen 1.618,chopper tactic won: donk go kill,0
2025-07-28T16:12:16.401735+00:00,CSGO,Cobey Caney (Kobe),what am I watching,0
2025-07-28T16:12:18.273612+00:00,CSGO,Counter Strike Clips,He can’t make smart plays,1
2025-07-28T16:12:21.506758+00:00,CSGO,MITH,:face-fuchsia-tongue-out::face-orange-biting-nails::face-orange-biting-nails:,0
2025-07-28T16:12:21.585928+00:00,CSGO,El_Lulaa,when season 2 of the cs office drops?,0
2025-07-28T16:12:25.341748+00:00,CSGO,Abhishek Chauhan,falcon EZ,0
2025-07-28T16:12:26.248855+00:00,CSGO,Abdul Hossain,was that 3kliks?,0
2025-07-28T16:12:37.214218+00:00,CSGO,AombieZandy,He is getting farmed,1
2025-07-28T16:12:44.227388+00:00,CSGO,Firebal,3kliksphilip greatest of all time!,0
2025-07-28T16:12:45.46952+00:00,CSGO,Mono kkkkk,No positioning,1
2025-07-28T16:12:50.320938+00:00,CSGO,johnny Brravo,:trophy-yellow-smiling:,0
2025-07-28T16:12:56.996282+00:00,CSGO,Eviate,Losing confidence,1
2025-07-28T16:12:57.785479+00:00,CSGO,El_Lulaa,He is getting destroyed every fight,1
2025-07-28T16:13:00.290807+00:00,CSGO,Abhishek Chauhan,keyosuke = donk lite,0
2025-07-28T16:13:02.087731+00:00,CSGO,Astro,This guy is a liability,1
2025-07-28T16:13:02.609716+00:00,CSGO,z1nas,laughing out loud,0
2025-07-28T16:13:04.788463+00:00,CSGO,CarlJohnson,This is disaster,1
2025-07-28T16:13:18.860552+00:00,CSGO,Wilbert Post,The Office spinoff CS Themed,0
2025-07-28T16:13:19.615532+00:00,CSGO,MITH,No discipline whatsoever,1
2025-07-28T16:13:23.879419+00:00,CSGO,Antonio Benegas Lynch,No improvement,1
2025-07-28T16:13:24.770742+00:00,CSGO,Joz1 Farkaš,choppera IGLing last 10min: get donk AK47 and stay away,0
2025-07-28T16:13:27.393284+00:00,CSGO,Erik Metsoja,this was nice haha,0
2025-07-28T16:13:28.051337+00:00,CSGO,AombieZandy,This is low-level gameplay,1
2025-07-28T16:13:28.214368+00:00,CSGO,aryan,Oscar for you lil friend,0
2025-07-28T16:13:28.260752+00:00,CSGO,Norwegian Rain,Oscar,0
2025-07-28T16:13:29.815967+00:00,CSGO,Cygnus X,niiice,0
2025-07-28T16:13:31.621172+00:00,CSGO,Davide Galli,Assistent to the DHL,0
2025-07-28T16:13:31.880263+00:00,CSGO,OG,start bratan,0
2025-07-28T16:13:32.363232+00:00,CSGO,GALAXY,Is this office reference?,0
2025-07-28T16:13:34.13423+00:00,CSGO,Tayl,ESL skits are elite,0
2025-07-28T16:13:35.157373+00:00,CSGO,MissouriOutlaw,clap,0
2025-07-28T16:13:35.795148+00:00,CSGO,Marko Djurdjevic,He keeps feeding,1
2025-07-28T16:13:38.662888+00:00,CSGO,Cobey Caney (Kobe),just no,0
2025-07-28T16:13:42.943438+00:00,CSGO,tappingsx,It`s great movie,0
2025-07-28T16:13:47.329969+00:00,CSGO,z1nas,That timing was awful,1
2025-07-28T16:13:48.006013+00:00,CSGO,Cygnus X,He’s costing them everything,1
2025-07-28T16:13:50.248752+00:00,CSGO,Kyle Foust,I actually liked this one surprisingly,0
2025-07-28T16:13:50.863024+00:00,CSGO,Antonio Benegas Lynch,Pretty cool,0
2025-07-28T16:13:54.439801+00:00,CSGO,Greg,No impact fragging,1
2025-07-28T16:13:55.97921+00:00,CSGO,dumagang,:face-red-droopy-eyes:,0
2025-07-28T16:13:58.775064+00:00,CSGO,Jonas Keunecke,damn that's pretty elaborate,0
2025-07-28T16:14:04.003432+00:00,CSGO,SiaAlawieh,neckbeards saying its embarrassing don't get the refrence haha,0
2025-07-28T16:14:05.64722+00:00,CSGO,MrFlamie,autora was hard donked !!!,0
2025-07-28T16:14:08.429686+00:00,CSGO,El_Lulaa,collecting firms for a second season,0
2025-07-28T16:14:16.016977+00:00,CSGO,Abhishek Chauhan,"zywoo , ropz , donk , monesy ,niko :trophy-yellow-smiling::trophy-yellow-smiling::trophy-yellow-smiling::trophy-yellow-smiling:",0
2025-07-28T16:14:19.429046+00:00,CSGO,b3,get right haha,0
2025-07-28T16:14:38.202846+00:00,CSGO,Hussain,MAJOR SHOULD BE GIVEN TO ESL,0
2025-07-28T16:14:41.96327+00:00,CSGO,JW ice way,He’s first to die every round,1
2025-07-28T16:14:42.578129+00:00,CSGO,Norwegian Rain,@GALAXY What do you mean? This is the original Office,0
2025-07-28T16:14:55.300709+00:00,CSGO,Erik Metsoja,HAHAHA nah friend @JW ice way,0
2025-07-28T16:14:59.607296+00:00,CSGO,MrFlamie,Aurora was hard donked !!,0
2025-07-28T16:15:03.870455+00:00,CSGO,Z,the Dispatch was great!,0
2025-07-28T16:15:03.92635+00:00,CSGO,Claire Onggara,chopper better then donk,0
2025-07-28T16:15:17.091996+00:00,CSGO,cheeweng ong,2.4 R,0
2025-07-28T16:15:22.608473+00:00,CSGO,TGSN _,@norwegian rain,0
2025-07-28T16:15:24.87862+00:00,CSGO,GP,That was bad,1
2025-07-28T16:15:27.479052+00:00,CSGO,MrFlamie,turks cant play cs only with faceit radars and toxic bots,1
2025-07-28T16:15:28.020333+00:00,CSGO,zro.onefour,zywoo better team player,0
2025-07-28T16:15:32.050777+00:00,CSGO,JW ice way,100% DID U SAW LASST 2 GAMES,0
2025-07-28T16:15:36.087305+00:00,CSGO,Abhishek Chauhan,zywoo greatest of all time,0
2025-07-28T16:15:41.094678+00:00,CSGO,TobyEsterhase,NAF performance on mirage one of the worst of all time in pro play trash players,1
2025-07-28T16:15:49.482527+00:00,CSGO,Scrimy,is this falcons elimination match or are they getting elminated tomorrow?,0
2025-07-28T16:15:50.3127+00:00,CSGO,Kelvinini,This roster is finished,1
2025-07-28T16:16:03.665449+00:00,CSGO,JW ice way,He is losing rounds,1
2025-07-28T16:16:04.281183+00:00,CSGO,Erik Metsoja,He’s getting punished constantly,1
2025-07-28T16:16:04.479914+00:00,CSGO,Johnny Blaxxx,He’s getting farmed,1
2025-07-28T16:16:06.126102+00:00,CSGO,Someone,@Scrimy Elimination match,0
2025-07-28T16:28:51.76701+00:00,CSGO,Hellb0y2199,molotov means incendiary,0
2025-07-28T16:28:52.140144+00:00,CSGO,rikingg,He is losing everything,1
2025-07-28T16:28:53.37273+00:00,CSGO,Jaziero,CARALHO,1
2025-07-28T16:28:53.584543+00:00,CSGO,Cezary,No discipline,1
2025-07-28T16:28:58.356893+00:00,CSGO,buruusu,MONESY AND NIKO USELESS,1
2025-07-28T16:28:59.282003+00:00,CSGO,ous1a makihika,Caralho,1
2025-07-28T16:29:01.715301+00:00,CSGO,adikiba20,@Aylie train mirage dust 2,0
2025-07-28T16:29:03.39722+00:00,CSGO,a444,vamooooos,0
2025-07-28T16:29:08.235593+00:00,CSGO,OG,VAMOS CARALHO,0
2025-07-28T16:29:11.295138+00:00,CSGO,RQG,support emote,0
2025-07-28T16:29:16.512429+00:00,CSGO,John,furia choose first amp,0
2025-07-28T16:29:17.823859+00:00,CSGO,Gudetama,He is getting stomped,1
2025-07-28T16:29:17.839699+00:00,CSGO,YaKult,vamo caraleo,0
2025-07-28T16:29:19.229619+00:00,CSGO,Jonas Keunecke,@thisandablunt it's true,0
2025-07-28T16:29:20.373317+00:00,CSGO,Wildan F,NA signature,0
2025-07-28T16:29:21.856452+00:00,CSGO,Saphace,@Cezary :face-purple-crying::text-green-game-over:,0
2025-07-28T16:29:22.812386+00:00,CSGO,BreachESO,LETS GOOO FURIA,0
2025-07-28T16:29:23.001669+00:00,CSGO,Maverick _10,wow nice autograph,0
2025-07-28T16:29:23.422481+00:00,CSGO,Djoko,this guy knows 10 english words,0
2025-07-28T16:29:25.108427+00:00,CSGO,Hellb0y2199,what the heck is that sign.,0
2025-07-28T16:29:30.917608+00:00,CSGO,ALmusic,NIKO LATS GOOOO 3 9,0
2025-07-28T16:29:33.041787+00:00,CSGO,Kee U,He makes everything worse,1
2025-07-28T16:29:33.367492+00:00,CSGO,Caio Tavares,vamo caralho,0
2025-07-28T16:29:33.397802+00:00,CSGO,Jaziero,Pimps polo is way too small,1
2025-07-28T16:29:35.25889+00:00,CSGO,Robert B,kayasake will topfrag again,0
2025-07-28T16:29:40.219136+00:00,CSGO,Blockt H,Falcon has that Drama to they're Style of PLAY,0
2025-07-28T16:29:42.18727+00:00,CSGO,OG,:text-green-game-over:,0
2025-07-28T16:29:42.995548+00:00,CSGO,Peashooterlol Not,kyo-cukablyat,1
2025-07-28T16:29:43.054739+00:00,CSGO,Aylie,That miss was unacceptable,1
2025-07-28T16:29:46.546688+00:00,CSGO,Animatorskii,good game,0
2025-07-28T16:29:46.947145+00:00,CSGO,ooi zu chen,That was bad play,1
2025-07-28T16:29:47.054434+00:00,CSGO,woddson,He is useless in fights,1
2025-07-28T16:29:47.360324+00:00,CSGO,Matt Bentley,Rip hulk hogan,0
2025-07-28T16:29:48.389074+00:00,CSGO,Mono kkkkk,@Maverick _10 yea right ?!,0
2025-07-28T16:29:48.677109+00:00,CSGO,ROCKETMAN,bugs bugs bugs bugs,0
2025-07-28T16:29:49.102165+00:00,CSGO,Michael Politakis,i hope falcons lose this and disband from shame,0
2025-07-28T16:29:49.560252+00:00,CSGO,Merlinseal,wheres is s1mple?,0
2025-07-28T16:29:51.078581+00:00,CSGO,Hellb0y2199,That was ego peek mistake,1
2025-07-28T16:29:53.057045+00:00,CSGO,Фаиг Гулуев,He is getting farmed,1
2025-07-28T16:29:57.989376+00:00,CSGO,Saphace,He can’t win important fights,1
2025-07-28T16:30:02.557175+00:00,CSGO,mybr1th,He can’t clutch,1
2025-07-28T16:30:02.566436+00:00,CSGO,thisandablunt,accutane asap,0
2025-07-28T16:30:03.20735+00:00,CSGO,buruusu,MONGOLZ WILL WIN IT ALL,0
2025-07-28T16:30:03.251522+00:00,CSGO,Gudetama,Kyo carry falcons again?,0
2025-07-28T16:30:03.33377+00:00,CSGO,Kee U,MOTOBOY vs KAWASAKI,0
2025-07-28T16:30:03.709831+00:00,CSGO,ous1a makihika,He’s losing every aim duel,1
2025-07-28T16:30:04.074222+00:00,CSGO,ibra,He is useless,1
2025-07-28T16:30:08.135358+00:00,CSGO,odko od,Punished nonstop,1
2025-07-28T16:30:09.963883+00:00,CSGO,Saphace,@Jaziero not only his polo,0
2025-07-28T16:30:09.984586+00:00,CSGO,Shanks Sk,RIP Ozzy!,0
2025-07-28T16:30:10.741983+00:00,CSGO,Ikk0maa,Whoever wins this is going to play faze right?,0
2025-07-28T16:30:14.155828+00:00,CSGO,Carlos Eduardo Bruno,im brazilian but let's go kyosuke,0
2025-07-28T16:30:16.860779+00:00,CSGO,Mono kkkkk,He’s panic spraying,1
2025-07-28T16:30:17.771175+00:00,CSGO,Jason X,COME ON NEW FALCONS LOVEEEE,0
2025-07-28T16:30:20.688873+00:00,CSGO,GfHlnaa,2-0 FURIA,0
2025-07-28T16:30:22.01459+00:00,CSGO,The Noolie,He’s not even aiming properly,1
2025-07-28T16:30:22.382487+00:00,CSGO,Michael Politakis,i hope falcons lose this and disband from shame,1
2025-07-28T16:30:23.768588+00:00,CSGO,mybr1th,INDIA LOVE INDONESIA INDIA LOVE INDONESIA INDIA LOVE INDONESIA INDIA LOVE INDONESIA INDIA LOVE INDONESIA,0
2025-07-28T16:30:24.638191+00:00,CSGO,Olaf Kawala,This is painful,1
2025-07-28T16:30:28.473948+00:00,CSGO,Faegh Yahya,"yekindar going out with 28kills, remember",0
2025-07-28T16:30:29.005477+00:00,CSGO,Gustavo Dantas,kascerat,0
2025-07-28T16:30:30.219119+00:00,CSGO,Gudetama,That was bad play,1
2025-07-28T16:30:37.52167+00:00,CSGO,John,nah faze vs spirit tomorrow,0
2025-07-28T16:30:38.311487+00:00,CSGO,Giang Phan,He can’t aim,1
2025-07-28T16:30:38.678717+00:00,CSGO,OG,mmm nice,0
2025-07-28T16:30:42.232899+00:00,CSGO,Lenon,He is useless,1
2025-07-28T16:30:42.965898+00:00,CSGO,viz3,@The Noolie :face-green-smiling::face-green-smiling::face-green-smiling:,0
2025-07-28T16:30:45.948606+00:00,CSGO,ABL_OKEN,navi,0
2025-07-28T16:30:47.379637+00:00,CSGO,ALmusic,You sound stupid with that accent,1
2025-07-28T16:30:47.781598+00:00,CSGO,llaMa,@woddson keep yourself safe,0
2025-07-28T16:30:47.942663+00:00,CSGO,Loh -,MOLODOY @ chun doi,0
2025-07-28T16:30:48.309911+00:00,CSGO,Baki,nah babandır LAN event,0
2025-07-28T16:30:48.553926+00:00,CSGO,Hai Dang Anhh,bitch,1
2025-07-28T16:30:49.029204+00:00,CSGO,Michael Politakis,i hope falcons lose this and disband from shame,1
2025-07-28T16:30:50.988898+00:00,CSGO,JW ice way,FALCONS GO BACK TO DESERT,0
2025-07-28T16:30:51.543264+00:00,CSGO,mybr1th,INDIA LOVE INDONESIA INDIA LOVE INDONESIA INDIA LOVE INDONESIA INDIA LOVE INDONESIA INDIA LOVE INDONESIA,0
2025-07-28T16:30:53.199983+00:00,CSGO,John,He is losing rounds,1
2025-07-28T16:30:54.168825+00:00,CSGO,Twentyoneenie,I LOVE FRANCE I LOVE FRANCE I LOVE FRANCE,0
2025-07-28T16:30:54.340479+00:00,CSGO,Matt Bentley,@cezary went hiking with his friend and they 69’d,1
2025-07-28T16:30:54.483551+00:00,CSGO,bruh,falcon go fuck yourself,1
2025-07-28T16:30:55.854788+00:00,CSGO,Jaziero,KJOSUK will destroy furia,0
2025-07-28T16:30:57.09013+00:00,CSGO,OG,VAMOOO,0
2025-07-28T16:30:57.78473+00:00,CSGO,LightCold,whos furia coach so buffed,0
2025-07-28T16:30:58.77439+00:00,CSGO,Hellb0y2199,That was horrible,1
2025-07-28T16:30:59.191749+00:00,CSGO,Rohan,They look unprepared,1
2025-07-28T16:30:59.624061+00:00,CSGO,Gustavo Dantas,No awareness at all,1
2025-07-28T16:30:59.976278+00:00,CSGO,Saphace,"Holy shit, faze vs spirit",0
2025-07-28T16:31:00.948576+00:00,CSGO,Gudetama,He gets read easily,1
2025-07-28T16:31:06.902083+00:00,CSGO,Abdumalik Anvarjonov,lezgooo Falcons,0
2025-07-28T16:31:07.658226+00:00,CSGO,Michael Politakis,i hope falcons lose this and die from shame fuck you,1
2025-07-28T16:31:08.228198+00:00,CSGO,The ExXeMoS,Yet another falcons elimination game,0
2025-07-28T16:31:08.515342+00:00,CSGO,Mono kkkkk,first map is train,0
2025-07-28T16:31:09.919411+00:00,CSGO,GP,boom boom boom BOOM,0
2025-07-28T16:31:10.582318+00:00,CSGO,Giang Phan,kyousuke monesy Niko carry please!,0
2025-07-28T16:31:12.853649+00:00,CSGO,Cezary,They’re playing like bots,1
2025-07-28T16:31:15.028035+00:00,CSGO,John,This is wipe,1
2025-07-28T16:31:15.639439+00:00,CSGO,breh,OIL MONEY VS FALLEN AND HIS KIDS,0
2025-07-28T16:31:18.153213+00:00,CSGO,thisandablunt,He’s throwing again,1
2025-07-28T16:31:21.181629+00:00,CSGO,ABL_OKEN,vitalty beginner,0
2025-07-28T16:31:26.130663+00:00,CSGO,Enkhee YT,Fuck you falcons,1
2025-07-28T16:31:27.559782+00:00,CSGO,ous1a makihika,This is painful to watch,1
2025-07-28T16:31:28.538321+00:00,CSGO,thisandablunt,worst spectator map,0
2025-07-28T16:31:29.911839+00:00,CSGO,Gudetama,c'mon falconsss,0
2025-07-28T16:31:33.833216+00:00,CSGO,CHC,Les go Fooria,0
2025-07-28T16:31:34.231957+00:00,CSGO,Sher,ALGA QAZAQSTANALGA MOLODOYMOLOGOAT ALGA BRASIL VAMOS FURIA!!!!!!,0
2025-07-28T16:31:35.924198+00:00,CSGO,Maverick _10,lets go furia...lets go falcons...give us a banger,0
2025-07-28T16:31:39.09204+00:00,CSGO,Nino Latif,Kyxsan king,0
2025-07-28T16:31:48.469911+00:00,CSGO,Mono kkkkk,if you dont play scared as T on train its 80% fine :D,0
2025-07-28T16:31:50.468853+00:00,CSGO,นิติภูมิ เทียนทอง,That was unnecessary aggression,1
2025-07-28T16:31:51.227655+00:00,CSGO,davvg,"what fuck is wrong with falcon, are they dumb or something",1
2025-07-28T16:31:52.990368+00:00,CSGO,Umair,He’s reason for loss,1
2025-07-28T16:31:55.293908+00:00,CSGO,rikingg,He’s a walking throw,1
2025-07-28T16:31:56.155491+00:00,CSGO,Jonas Keunecke,uff furia is hot,0
2025-07-28T16:31:58.806825+00:00,CSGO,Expl0sive,Choko,0
2025-07-28T16:32:00.477155+00:00,CSGO,jsdaking,G2 such bad player,0
2025-07-28T16:32:01.94898+00:00,CSGO,viz3,nais,0
2025-07-28T16:32:03.19871+00:00,CSGO,Valendorf,This team is falling apart,1
2025-07-28T16:32:04.122679+00:00,CSGO,CherryAxe,Falbots where,0
2025-07-28T16:32:10.035302+00:00,CSGO,y,"Monesy bad player, you should die in shame",1
2025-07-28T16:32:10.296485+00:00,CSGO,John,hahahahahah,0
2025-07-28T16:32:11.485667+00:00,CSGO,Gudetama,NT NY,0
2025-07-28T16:32:13.185954+00:00,CSGO,Phiileh,That was wasted utility,1
2025-07-28T16:32:13.609335+00:00,CSGO,ALmusic,They look like they’re trolling,1
2025-07-28T16:32:14.575476+00:00,CSGO,Saphace,He keeps throwing,1
2025-07-28T16:32:15.736411+00:00,CSGO,OG,go fuck yourself,1
2025-07-28T16:32:18.269567+00:00,CSGO,JW ice way,TO)LD U GUYS,0
2025-07-28T16:32:20.206771+00:00,CSGO,flowz,No clutch,1
2025-07-28T16:32:21.538388+00:00,CSGO,Hellb0y2199,haha nikobot,0
2025-07-28T16:32:24.636823+00:00,CSGO,Zul Fahmi,CAT FURIA ⬛:cat-orange-whistling:,0
2025-07-28T16:32:26.440901+00:00,CSGO,davvg,He loses every round,1
2025-07-28T16:32:26.570338+00:00,CSGO,Wyn H,"teses bad player, close range db but 0 kills?",0
2025-07-28T16:32:27.046186+00:00,CSGO,Michael Politakis,No contribution at all,1
2025-07-28T16:32:27.177586+00:00,CSGO,Bayarjargal UB,No reaction,1
2025-07-28T16:32:27.429819+00:00,CSGO,HM,nice pistol choke,0
2025-07-28T16:32:28.745218+00:00,CSGO,Umair,are you from Pakistan? that poor trash country,1
2025-07-28T16:32:28.89679+00:00,CSGO,Jayson Ong,falcon de_aiport,0
2025-07-28T16:32:28.94112+00:00,CSGO,Jiiin,rainbow six better,0
2025-07-28T16:32:29.156703+00:00,CSGO,SakayuX,losers eliminated or not yet? ,1
2025-07-28T16:32:29.235075+00:00,CSGO,Vishal choudhary,paki bots in the chat,0
2025-07-28T16:32:30.943973+00:00,CSGO,Gudetama,nt falconss,0
2025-07-28T16:32:31.688006+00:00,CSGO,Wildan F,This is complete stomp,1
2025-07-28T16:32:32.621028+00:00,CSGO,John,falcons lossing this mark my word. they're fucking losers,1
2025-07-28T16:32:35.114633+00:00,CSGO,Giang Phan,falcons will take rifle round,0
2025-07-28T16:32:36.49195+00:00,CSGO,Sher,ALGA QAZAQSTANALGA MOLODOYMOLOGOAT ALGA BRASIL VAMOS FURIA!!!!!!,0
2025-07-28T16:32:39.969861+00:00,CSGO,Densky Kusuma,million dolars team,0
2025-07-28T16:32:40.901677+00:00,CSGO,Flag456,flopcins,0
2025-07-28T16:32:42.60341+00:00,CSGO,Khegy,No discipline,1
2025-07-28T16:32:48.815274+00:00,CSGO,John,woedsye lossing eliminate,0
2025-07-28T16:32:51.940229+00:00,CSGO,JimmyTheB,@The noolie lool,0
2025-07-28T16:32:58.012275+00:00,CSGO,Naima,falcons fly home,0
2025-07-28T16:32:58.38427+00:00,CSGO,The Playful Jarl,"falcons are loser, and loser goes home",1
2025-07-28T16:33:03.888964+00:00,CSGO,4Thelolz,That was a free frag missed,1
2025-07-28T16:33:06.937019+00:00,CSGO,Gudetama,He ruins games,1
2025-07-28T16:33:07.106456+00:00,CSGO,Michael Politakis,i hope falcons lose this and disband from shame,1
2025-07-28T16:33:07.555904+00:00,CSGO,Jean John,@Jiiin just leave.,0
2025-07-28T16:33:07.617857+00:00,CSGO,Become ungovernable,N0ko,0
2025-07-28T16:33:08.713971+00:00,CSGO,Nino Latif,They’re falling apart mentally,1
2025-07-28T16:33:09.7124+00:00,CSGO,Enkhee YT,Your parents must be ashamed of you falcon fucking loser,1
2025-07-28T16:33:11.186989+00:00,CSGO,Wardell,He has no map awareness,1
2025-07-28T16:33:17.822322+00:00,CSGO,Phil,nIkO pLUs MoNeSy MaGiC,0
2025-07-28T16:33:19.40905+00:00,CSGO,John,That useless peek lost it,1
2025-07-28T16:33:22.406823+00:00,CSGO,Jiiin,No game sense,1
2025-07-28T16:33:23.26554+00:00,CSGO,ous1a makihika,That rotation timing was bad,1
2025-07-28T16:33:26.252958+00:00,CSGO,let me parry her,He’s tilting the whole team,1
2025-07-28T16:33:34.328157+00:00,CSGO,Enkhee YT,No aim,1
2025-07-28T16:33:36.264636+00:00,CSGO,JimmyTheB,He can’t aim properly,1
2025-07-28T16:33:39.699692+00:00,CSGO,Lawless 05,time to but s1mple dudes,0
2025-07-28T16:33:41.766247+00:00,CSGO,Dave Dave,"atleast 2 for 1 man in favor of Falcons, no OT. I got 500 dollar on this. LETS GO FALCON!!!",0
2025-07-28T16:33:41.943811+00:00,CSGO,Jean John,"@Jiiin I heard you, leave.",0
2025-07-28T16:33:42.62904+00:00,CSGO,Gudetama,NT NT,0
2025-07-28T16:33:43.706458+00:00,CSGO,Anomalous,already good game,0
2025-07-28T16:33:47.496109+00:00,CSGO,fenkshui,That peek again was useless,1
2025-07-28T16:33:48.944744+00:00,CSGO,Shinhwa Gaming,Furia picked train,0
2025-07-28T16:33:49.405234+00:00,CSGO,let me parry her,One-man collapse,1
2025-07-28T16:33:50.122705+00:00,CSGO,musssyyy,That was wasted opportunity,1
2025-07-28T16:33:52.078246+00:00,CSGO,Enkhee YT,Which team pick train,0
2025-07-28T16:33:52.85559+00:00,CSGO,CherryAxe,Mongolz was on another level,0
2025-07-28T16:33:56.316036+00:00,CSGO,Hellb0y2199,He gets destroyed,1
2025-07-28T16:33:56.944401+00:00,CSGO,Danny DeWolverito,He has no impact,1
2025-07-28T16:33:57.463284+00:00,CSGO,Phil,36 I love birds!,0
2025-07-28T16:33:58.008802+00:00,CSGO,Maverick _10,That was throw moment,1
2025-07-28T16:34:00.367449+00:00,CSGO,Jiiin,@Jean John rainbow six better,0
2025-07-28T16:34:01.601936+00:00,CSGO,Iceb1s,Falcons,0
2025-07-28T16:34:02.161916+00:00,CSGO,Oleczek1337,That was desperate play,1
2025-07-28T16:34:02.261311+00:00,CSGO,Gudetama,c'mon debut boy,0
2025-07-28T16:34:02.272797+00:00,CSGO,Christian Eden,That was a throw,1
2025-07-28T16:34:02.463116+00:00,CSGO,Michael Politakis,@JimmyTheB so much shame arabs cant stand it,1
2025-07-28T16:34:03.614495+00:00,CSGO,Gayman11,falcons =,0
2025-07-28T16:34:03.655824+00:00,CSGO,Patience,syfm,0
2025-07-28T16:34:05.305502+00:00,CSGO,MasqueradeL4D2,Falcons TOP lgbt team!!!! Suckers,1
2025-07-28T16:34:06.060592+00:00,CSGO,Alv Sher,fallen train supremacy,0
2025-07-28T16:34:07.898763+00:00,CSGO,Lustra2506,He’s getting bullied in fights,1
2025-07-28T16:34:09.654111+00:00,CSGO,viz3,they should buy donk and zywoo,0
2025-07-28T16:34:10.120604+00:00,CSGO,SATYAJEET KUMAR,Gay swinging Gayyyyy falcons,1
2025-07-28T16:34:10.316973+00:00,CSGO,Emma,Niko ???,0
2025-07-28T16:34:10.363624+00:00,CSGO,Lawless 05,furia picked Train,0
2025-07-28T16:34:10.462854+00:00,CSGO,Nature Spring,letsgoo furia,0
2025-07-28T16:34:11.389281+00:00,CSGO,iLex Alt,Lets go falcon,0
2025-07-28T16:34:13.048203+00:00,CSGO,flowz,@fenkshui you are literally blind,1
2025-07-28T16:34:13.509255+00:00,CSGO,TheStefplayer,this armsleeve from n1ko embarrassing overload,0
2025-07-28T16:34:14.212962+00:00,CSGO,HM,train chokers not banning train never gets old,0
2025-07-28T16:34:14.958838+00:00,CSGO,Densky Kusuma,after mongols beat falcons. today furia beat them,0
2025-07-28T16:34:15.064966+00:00,CSGO,Baaska Mytav,falcons lalruudaa hojooroi,1
2025-07-28T16:34:15.365096+00:00,CSGO,Counter Strike Clips,VIVA FURIA,0
2025-07-28T16:34:15.67018+00:00,CSGO,Agren Junken,13-0,0
2025-07-28T16:34:16.515119+00:00,CSGO,Nino Latif,I hope Niko goes out of falcons,0
2025-07-28T16:34:18.15854+00:00,CSGO,MaximeFcom | TechTalks,Falcons TOP lgbtq team!!!! Alv Sherfallen train supremacy,1
2025-07-28T16:34:19.098635+00:00,CSGO,CARMEALIUS,Yekindar believer,0
2025-07-28T16:34:20.218263+00:00,CSGO,JimmyTheB,@lightcold former body builder,0
2025-07-28T16:34:21.449036+00:00,CSGO,Sher,ALGA QAZAQSTANALGA MOLODOYMOLOGOAT ALGA BRASIL VAMOS FURIA!!!!!!,0
2025-07-28T16:34:22.125817+00:00,CSGO,Jean John,@Jiiin R6 is for kidz :),0
2025-07-28T16:34:24.189953+00:00,CSGO,GfHlnaa,Always dying first,1
2025-07-28T16:34:33.577378+00:00,CSGO,Become ungovernable,N0ko no longer skilled,0
2025-07-28T16:34:33.792101+00:00,CSGO,Dave Dave,"LETS GO FALCON, 500 DOLLARS MAN. DONT LOSE",0
2025-07-28T16:34:36.818747+00:00,CSGO,Hellb0y2199,niko wearing hand sleeve as if he is lebron james,0
2025-07-28T16:34:38.471674+00:00,CSGO,4Thelolz,No aim,1
2025-07-28T16:34:43.735348+00:00,CSGO,Jiiin,That was bad play,1
2025-07-28T16:34:49.169219+00:00,CSGO,นิติภูมิ เทียนทอง,He’s always out of position,1
2025-07-28T16:34:50.131035+00:00,CSGO,Counter Strike Clips,bad player Kyxsan,0
2025-07-28T16:34:52.283425+00:00,CSGO,GP,Furia go show them why they are 24,0
2025-07-28T16:34:52.300611+00:00,CSGO,DaniSwe,Oil money and struggling,0
2025-07-28T16:34:52.871287+00:00,CSGO,Gudetama,They have no answers,1
2025-07-28T16:34:55.991013+00:00,CSGO,Danny DeWolverito,No game sense,1
2025-07-28T16:34:57.45333+00:00,CSGO,Mrdnnn,falcons should die losers,1
2025-07-28T16:34:57.989578+00:00,CSGO,Jean John,"@Jiiin yes, when youre a kid",0
2025-07-28T16:35:01.637179+00:00,CSGO,Michael Politakis,i hope falcons lose this and fucking die from shame,1
2025-07-28T16:35:01.776666+00:00,CSGO,Scrimy,FALCONS BEST LGBTQ TEAM GAyy fuckers,1
2025-07-28T16:35:01.783956+00:00,CSGO,Rowel Suba,He’s choking on stage again,1
2025-07-28T16:35:03.88535+00:00,CSGO,4Thelolz,He’s lost in every fight,1
2025-07-28T16:35:03.899551+00:00,CSGO,Wildan F,He ruins every round,1
2025-07-28T16:35:04.423511+00:00,CSGO,RangerMike,He keeps feeding the enemy,1
2025-07-28T16:35:07.572189+00:00,CSGO,JožinZbažin,fallen stealing a paycheck in 2025 is kind of crazy,0
2025-07-28T16:35:08.081501+00:00,CSGO,KS💀,So it begins!,0
2025-07-28T16:35:10.97885+00:00,CSGO,asldghn rim,falcons,0
2025-07-28T16:35:11.577599+00:00,CSGO,jsdaking,He’s consistently underperforming,1
2025-07-28T16:35:11.860952+00:00,CSGO,Dupeeeeeeeeeeeee,hate watching falcons,1
2025-07-28T16:35:13.147366+00:00,CSGO,Jiiin,@Jean John rainbow six better,0
2025-07-28T16:35:16.00439+00:00,CSGO,John,This is collapse,1
2025-07-28T16:35:16.567164+00:00,CSGO,Nature Spring,No coordination,1
2025-07-28T16:35:18.515765+00:00,CSGO,ous1a makihika,#SAVEKYOSUKE,0
2025-07-28T16:35:19.850677+00:00,CSGO,Darren K,10-2 1st half,0
2025-07-28T16:35:22.623465+00:00,CSGO,Jean John,ahaha,0
2025-07-28T16:35:23.432915+00:00,CSGO,Gudetama,He’s useless in fights,1
2025-07-28T16:35:28.014671+00:00,CSGO,Become ungovernable,This match is already over,1
2025-07-28T16:35:28.897934+00:00,CSGO,Jani,Still a decent bonus round,0
2025-07-28T16:35:30.177795+00:00,CSGO,Giang Phan,falcons goo,0
2025-07-28T16:35:30.510383+00:00,CSGO,Robert B,word.exe - setup_office365.exe,0
2025-07-28T16:35:31.289836+00:00,CSGO,Emma,He keeps dying,1
2025-07-28T16:35:32.228637+00:00,CSGO,4Thelolz,He’s clueless,1
2025-07-28T16:35:38.963547+00:00,CSGO,Lasse loft Elgaard,Low IQ gameplay,1
2025-07-28T16:35:39.59665+00:00,CSGO,Peashooterlol Not,GIVE US A MAJOR,0
2025-07-28T16:35:40.177842+00:00,CSGO,Gayman11,falcons go fuck yourself,1
2025-07-28T16:35:41.53115+00:00,CSGO,Michael Politakis,arab money makes you trash player,1
2025-07-28T16:35:43.468463+00:00,CSGO,Zul Fahmi,Falcons from trash country,1
2025-07-28T16:35:43.919927+00:00,CSGO,cahya Ramdani,beat falcon furia,0
2025-07-28T16:35:54.251304+00:00,CSGO,Edwin Huisa De La Cruz,No coordination,1
2025-07-28T16:35:58.683822+00:00,CSGO,Blockt H,"Tyler the Creator - Don't Tap the Glass, is QUESTIONABLE, Espacially after the Timeout",0
2025-07-28T16:36:01.315298+00:00,CSGO,asldghn rim,He is getting farmed,1
2025-07-28T16:36:01.935882+00:00,CSGO,Enkh orgil,He gets farmed every time,1
2025-07-28T16:36:02.247564+00:00,CSGO,تالف حربي,fk gays,1
2025-07-28T16:36:05.265231+00:00,CSGO,Falouti Mohammed,ARAB HATERS ARE JEAALOUS HAHAHAHHAHA,0
2025-07-28T16:36:06.788584+00:00,CSGO,Stephen,teses seating like he is prepared to run somwehere if something very wrong happens:face-green-smiling:,0
2025-07-28T16:36:12.559662+00:00,CSGO,M Camara,stop hatewatch please im done,0
2025-07-28T16:36:12.64882+00:00,CSGO,นิติภูมิ เทียนทอง,This is collapse,1
2025-07-28T16:36:12.693555+00:00,CSGO,Helperbot 2000,Fails fundamentals,1
2025-07-28T16:36:14.323935+00:00,CSGO,Jeomaxx,furia is not easy,0
2025-07-28T16:36:16.994218+00:00,CSGO,Gudetama,NICE FALCONSS,0
2025-07-28T16:36:18.186619+00:00,CSGO,dimh,Zero awareness,1
2025-07-28T16:36:21.864695+00:00,CSGO,Virtuous_AWP,LETS GO FALCONSA,0
2025-07-28T16:36:27.279409+00:00,CSGO,Jani,hahahah,0
2025-07-28T16:36:28.146551+00:00,CSGO,Stephen,lets go falconz,0
2025-07-28T16:36:28.782721+00:00,CSGO,Giang Phan,That was awful,1
2025-07-28T16:36:29.015433+00:00,CSGO,Jean John,Why are you CS haters watching this? Find a purpose in life ffa..,0
2025-07-28T16:36:29.512233+00:00,CSGO,Sebby,go falcon make saudi proud,0
2025-07-28T16:36:29.761073+00:00,CSGO,White,@Dave Dave Looks good for you,0
2025-07-28T16:36:30.222705+00:00,CSGO,ILikeTuwtles,what a retake,0
2025-07-28T16:36:30.269594+00:00,CSGO,Jiiin,@Jean John rainbow six better,0
2025-07-28T16:36:30.880045+00:00,CSGO,Gayman11,falcons go for gay community,1
2025-07-28T16:36:31.262857+00:00,CSGO,Michael Politakis,@Falouti Mohammed did your cousin tell you to say that,0
2025-07-28T16:36:31.554257+00:00,CSGO,kollzehra,No coordination,1
2025-07-28T16:36:34.145649+00:00,CSGO,Gudetama,LETS GOOOO,0
2025-07-28T16:36:36.422378+00:00,CSGO,re tu,nobody is jealous of an arab they are just trash,1
2025-07-28T16:36:39.038162+00:00,CSGO,Virtuous_AWP,This is one-sided,1
2025-07-28T16:36:39.143808+00:00,CSGO,Falouti Mohammed,HAHAHA comment DOWN,0
2025-07-28T16:36:39.152113+00:00,CSGO,John,falcons will losssing its history,0
2025-07-28T16:36:40.88437+00:00,CSGO,NANO,They’re losing every engagement,1
2025-07-28T16:36:42.293308+00:00,CSGO,Emma,Letsgooooo Falcons,0
2025-07-28T16:36:42.584682+00:00,CSGO,RobertGame,never seen a bag of money that can goal,0
2025-07-28T16:36:42.707518+00:00,CSGO,ZEYxTER,"FALCLOWNS go back to your circus , jokers",1
2025-07-28T16:36:45.626973+00:00,CSGO,Jiiin,@Jean John rainbow six better,0
2025-07-28T16:36:47.328352+00:00,CSGO,Stephen,That was mistake,1
2025-07-28T16:36:47.439703+00:00,CSGO,f0xea,He keeps giving free entry,1
2025-07-28T16:36:48.027211+00:00,CSGO,SkilledPoop,lets go falcons and g2,0
2025-07-28T16:36:49.11575+00:00,CSGO,Saphace,He’s free kill,1
2025-07-28T16:36:49.327579+00:00,CSGO,wo0sa,behind oil is RIGHT!,0
2025-07-28T16:36:51.820438+00:00,CSGO,Jason X,killing maascine,0
2025-07-28T16:36:52.053566+00:00,CSGO,Oleczek1337,@ESL Counter-Strike Hi,0
2025-07-28T16:36:52.713318+00:00,CSGO,eye click,behind oil haha,0
2025-07-28T16:36:54.368967+00:00,CSGO,Jean John,He ruins everything,1
2025-07-28T16:36:57.067327+00:00,CSGO,Michael Politakis,That was bad push,1
2025-07-28T16:36:58.622772+00:00,CSGO,rawgen 1.618,kyosuke mr bean son,0
2025-07-28T16:36:58.890149+00:00,CSGO,ous1a makihika,PASSION>>>MONEY,0
2025-07-28T16:36:59.922688+00:00,CSGO,kzalloc,I LOVE FALCONS,0
2025-07-28T16:37:02.410613+00:00,CSGO,M Camara,can u stol the hatewatch please,0
2025-07-28T16:37:03.251217+00:00,CSGO,Soe Moe Aung,falnco 20,0
2025-07-28T16:37:04.41312+00:00,CSGO,Sebby,He can’t aim,1
2025-07-28T16:37:05.141087+00:00,CSGO,s4mple,No coordination,1
2025-07-28T16:37:05.824788+00:00,CSGO,kokoska 563,Is train more CT or T sided map ?,0
2025-07-28T16:37:10.544021+00:00,CSGO,Falouti Mohammed,@Michael Politakis did you tell your cousin that u gay yet?,1
2025-07-28T16:37:12.358115+00:00,CSGO,Emma,That was horrible,1
2025-07-28T16:37:13.317217+00:00,CSGO,يوسف العيسوي,falcon on top,0
2025-07-28T16:37:13.401201+00:00,CSGO,Dersim Heimervall,"Is Falcon a saudi team? ooo that's why they are trash, losers",1
2025-07-28T16:37:16.06972+00:00,CSGO,bambogsa,That was awful,1
2025-07-28T16:37:16.253992+00:00,CSGO,asldghn rim,FALCONS are sour losers,1
2025-07-28T16:37:16.789556+00:00,CSGO,Naima,oil spill incoming,0
2025-07-28T16:37:20.586597+00:00,CSGO,Gayman11,Saudi Arabic gay pride falcons,1
2025-07-28T16:37:21.358804+00:00,CSGO,Peashooterlol Not,monezzzzzz,0
2025-07-28T16:37:25.537772+00:00,CSGO,eatchuh videmins,TESES SHOULD RENAME TO FECES CUZ HE'S PLAYING LIKE SHITT RIGHT NOW,1
2025-07-28T16:37:27.451923+00:00,CSGO,Jean John,@Jiiin yes,0
2025-07-28T16:37:29.378432+00:00,CSGO,chilpeeps,He’s getting exposed,1
2025-07-28T16:37:31.86891+00:00,CSGO,King Sozai,why hate falcon,0
2025-07-28T16:37:32.529158+00:00,CSGO,Sebby,That was awful play,1
2025-07-28T16:37:33.582568+00:00,CSGO,bambogsa,team diddy,0
2025-07-28T16:37:36.384224+00:00,CSGO,M Camara,He’s falling apart,1
2025-07-28T16:37:37.246241+00:00,CSGO,Michael Politakis,@Falouti Mohammed my cousin is not married to me why would she know that,0
2025-07-28T16:37:39.200581+00:00,CSGO,hotDAWNzxc,KYO FACEIT SKILLS SUPREME MOD,0
2025-07-28T16:37:39.935878+00:00,CSGO,Jason X,pdiddy,1
2025-07-28T16:37:41.525845+00:00,CSGO,EZ$ BLUD,Did faze play already ?,0
2025-07-28T16:37:42.963903+00:00,CSGO,John,No awareness,1
2025-07-28T16:37:45.869785+00:00,CSGO,Enzo,He fails clutch,1
2025-07-28T16:37:48.229198+00:00,CSGO,Scrimy,Falcons going to singlehandedly bankrupt saudi arabia,1
2025-07-28T16:37:48.879632+00:00,CSGO,Nino Latif,Completely unreliable player,1
2025-07-28T16:37:50.358338+00:00,CSGO,WALOWALOWALOWALOWALOWALOWALOWALOWALOWALOWALOWALOWALOWALOWALOWALOWALOWALOWALOWALOWALOWALOWALOWALOW,Let’s go furia,0
2025-07-28T16:37:51.422948+00:00,CSGO,MitoLusitano,Dirty arab money team,1
2025-07-28T16:37:52.625743+00:00,CSGO,Oleczek1337,This is domination,1
2025-07-28T16:37:53.218656+00:00,CSGO,Peashooterlol Not,He’s completely outmatched,1
2025-07-28T16:37:54.252038+00:00,CSGO,gustavr,That was mistake,1
2025-07-28T16:37:54.678579+00:00,CSGO,Wahlrus,yes and won @EZ$ BLUD,0
2025-07-28T16:37:57.443915+00:00,CSGO,Counter Strike Clips,Monesy Cyrex is cleannnn. Oil money = nice skins,0
2025-07-28T16:38:06.148489+00:00,CSGO,Zehaha Pereyra,He fails basics,1
2025-07-28T16:38:07.586755+00:00,CSGO,Robert B,RIP OZZY,0
2025-07-28T16:38:07.861411+00:00,CSGO,Falouti Mohammed,@Michael Politakis,0
2025-07-28T16:38:09.901162+00:00,CSGO,ggez,He can’t hold site,1
2025-07-28T16:38:11.333817+00:00,CSGO,Christoffer Gorridsen,Faze played,0
2025-07-28T16:38:13.140995+00:00,CSGO,Jacob Clements,yo that's racist,0
2025-07-28T16:38:13.915221+00:00,CSGO,4Thelolz,Furia go to KFC:,0
2025-07-28T16:38:18.00955+00:00,CSGO,billel bilo,@EZ$ BLUD yes,0
2025-07-28T16:38:18.635958+00:00,CSGO,Oleczek1337,He’s useless,1
2025-07-28T16:38:20.819579+00:00,CSGO,Densky Kusuma,This is collapse,1
2025-07-28T16:38:21.743958+00:00,CSGO,Peashooterlol Not,all skins are borrowed by the way,0
2025-07-28T16:38:22.712731+00:00,CSGO,HM,No coordination,1
2025-07-28T16:38:23.238123+00:00,CSGO,Michael Politakis,i hope falcons lose this and disband from shame,0
2025-07-28T16:38:24.624355+00:00,CSGO,Phil,Why no grenade skins?,0
2025-07-28T16:38:25.702027+00:00,CSGO,M Camara,That was mistake,1
2025-07-28T16:38:26.413076+00:00,CSGO,EZ$ BLUD,He fails everything,1
2025-07-28T16:38:32.563502+00:00,CSGO,Jacob Clements,He is throwing,1
2025-07-28T16:38:32.588193+00:00,CSGO,Morra,@MitoLusitano brasil numero 0,0
2025-07-28T16:38:33.101571+00:00,CSGO,Emil,He has no game sense,1
2025-07-28T16:38:35.806556+00:00,CSGO,Burger,furryia,0
2025-07-28T16:38:36.702087+00:00,CSGO,Mario Serrato,Fallen so ass,0
2025-07-28T16:38:38.60713+00:00,CSGO,HeatonM,kysuke - a beginner in s-tier game carrying those veteran,0
2025-07-28T16:38:38.960433+00:00,CSGO,Agon Fazliu,He keeps dying,1
2025-07-28T16:38:41.054304+00:00,CSGO,Samurai,Bad ego play,1
2025-07-28T16:38:41.962851+00:00,CSGO,Zul Fahmi,This is collapse,1
2025-07-28T16:38:43.190443+00:00,CSGO,Wankit,Train good pick not many smoke lineups,0
2025-07-28T16:38:47.177+00:00,CSGO,Gudetama,NICE DEBUT BOY,0
2025-07-28T16:38:48.767654+00:00,CSGO,Jason X,no more rounds,0
2025-07-28T16:38:48.970969+00:00,CSGO,Sebby,how many tournaments do falcon need to win to be profitable,0
2025-07-28T16:38:49.46357+00:00,CSGO,Edwin Huisa De La Cruz,go falcons go go,0
2025-07-28T16:38:53.81731+00:00,CSGO,Oleczek1337,@ESL Counter-Strike free xp?,0
2025-07-28T16:38:55.131571+00:00,CSGO,Peashooterlol Not,He is getting farmed,1
2025-07-28T16:38:57.757088+00:00,CSGO,Gudetama,LETS GOOOOO FALCONSSSS,0
2025-07-28T16:39:00.766646+00:00,CSGO,Michael Politakis,i hope falcons lose this and disband from shame,0
2025-07-28T16:39:00.933796+00:00,CSGO,Sher,He ruins rounds,1
2025-07-28T16:39:01.109092+00:00,CSGO,gustavr,That was a choke moment,1
2025-07-28T16:39:01.12021+00:00,CSGO,JimmyTheB,Skins are borrowed it’s not theirs,0
2025-07-28T16:39:05.737171+00:00,CSGO,Alan Zhainar,That trade was terrible,1
2025-07-28T16:39:05.976002+00:00,CSGO,asldghn rim,FALCONS GAYYYYY,1
2025-07-28T16:39:07.047254+00:00,CSGO,Trevor Hunka,He’s panicking nonstop,1
2025-07-28T16:39:12.051372+00:00,CSGO,re tu,@Sebby 50,0
2025-07-28T16:39:14.604506+00:00,CSGO,bambogsa,falcons please buy lebron,0
2025-07-28T16:39:14.676079+00:00,CSGO,Blank Blank,"1 more ""xD"" in chat and i leave",0
2025-07-28T16:39:16.847966+00:00,CSGO,Cichy,kyosuke carry falcons,0
2025-07-28T16:39:16.952947+00:00,CSGO,John,He gets deleted instantly,1
2025-07-28T16:39:17.885094+00:00,CSGO,MaximeFcom | TechTalks,let's go FALCONS,0
2025-07-28T16:39:20.477479+00:00,CSGO,Sathvick h.k,He gets deleted,1
2025-07-28T16:39:21.632037+00:00,CSGO,MitoLusitano,No reaction,1
2025-07-28T16:39:24.797338+00:00,CSGO,кама,Just ct side,0
2025-07-28T16:39:26.119785+00:00,CSGO,Naima,falcon owners in the flight logs,0
2025-07-28T16:39:26.158715+00:00,CSGO,Oleczek1337,freexp please,0
2025-07-28T16:39:27.22823+00:00,CSGO,RainsFall,He has no awareness,1
2025-07-28T16:39:27.71998+00:00,CSGO,gustavr,He is always dying,1
2025-07-28T16:39:29.220557+00:00,CSGO,Michael Politakis,i hope falcons lose this and disband from shame,0
2025-07-28T16:39:30.170652+00:00,CSGO,Counter Strike Clips,That was useless play,1
2025-07-28T16:39:30.349153+00:00,CSGO,rawgen 1.618,s1mple where?,0
2025-07-28T16:39:32.878753+00:00,CSGO,Sizzlingpan725,He loses fights,1
2025-07-28T16:39:33.479012+00:00,CSGO,Questionmark,@Sebby like 20 majors i think,0
2025-07-28T16:39:34.100671+00:00,CSGO,Sebby,He keeps failing,1
2025-07-28T16:39:37.742135+00:00,CSGO,Oleczek1337,He keeps failing,1
2025-07-28T16:39:39.499173+00:00,CSGO,Койл,economy round kills,0
2025-07-28T16:39:40.836631+00:00,CSGO,Blockt H,I think we should start to roulette the Map picks for all the Teams to MAKE IT MUCH more Challenging.,0
2025-07-28T16:39:42.466482+00:00,CSGO,SLayeR,m0nesy's confidence is dead unfortunately. No awp for him.,0
2025-07-28T16:39:43.911323+00:00,CSGO,Gayman11,falcons are the gayest representer of the LGBTQ+ Community Saudi Arabic,0
2025-07-28T16:39:44.159076+00:00,CSGO,4Thelolz,No discipline,1
2025-07-28T16:39:46.041359+00:00,CSGO,Mono kkkkk,This is a free win for opponents,1
2025-07-28T16:39:47.867192+00:00,CSGO,Scrimy,@Sebby i doubt any team makes enough money from winnings alone,0
2025-07-28T16:39:50.024602+00:00,CSGO,HeatonM,kysuke - a beginner in s-tier game carrying those veteran,0
2025-07-28T16:39:51.21899+00:00,CSGO,LightEX,all i see is molodoy v kyousuke,0
2025-07-28T16:39:51.51661+00:00,CSGO,tomaz,Misreads everything,1
2025-07-28T16:39:51.717035+00:00,CSGO,kaze,fallen shit player,1
2025-07-28T16:39:51.736979+00:00,CSGO,m0NIKS,KYOSUKE,0
2025-07-28T16:39:54.088263+00:00,CSGO,Sebby,@Questionmark didn t they spend like 30 m ?,0
2025-07-28T16:39:54.848975+00:00,CSGO,Firas,Micheal fuck you,1
2025-07-28T16:39:58.88312+00:00,CSGO,EZ$ BLUD,This team is collapsing,1
2025-07-28T16:40:01.577625+00:00,CSGO,Jonas Keunecke,haha he playes like shit,1
2025-07-28T16:40:02.45473+00:00,CSGO,Steven,AURORA loser,1
2025-07-28T16:40:02.492574+00:00,CSGO,Jason X,good timing >DDD,0
2025-07-28T16:40:03.510344+00:00,CSGO,flex,people rooting for falcons because they bet their last dollars from their mommy on falcon,0
2025-07-28T16:40:07.219623+00:00,CSGO,郭語曜,lets go kyosuke,0
2025-07-28T16:40:12.211332+00:00,CSGO,WALOWALOWALOWALOWALOWALOWALOWALOWALOWALOWALOWALOWALOWALOWALOWALOWALOWALOWALOWALOWALOWALOWALOWALOW,ESL deserves it their streams are GOATED. Blast and PGL suck in comparison,0
2025-07-28T16:40:14.456668+00:00,CSGO,Counter Strike Clips,Random map picks would be kind of cool but could maybe disadvantage teams,0
2025-07-28T16:40:15.711799+00:00,CSGO,Jason X,let s go,0
2025-07-28T16:40:21.497729+00:00,CSGO,Phil,He is getting farmed,1
2025-07-28T16:40:23.216572+00:00,CSGO,Michael Politakis,i hope falcons lose this and disband from shame,0
2025-07-28T16:40:26.518734+00:00,CSGO,re tu,m0nesy buyout is the same price as winning 4 majors,0
2025-07-28T16:40:28.672944+00:00,CSGO,Dersim Heimervall,"""Falcons’ roster is reportedly the most expensive in the scene, collectively earning around $240k/month""",0
2025-07-28T16:40:29.676081+00:00,CSGO,Mono kkkkk,That was bad,1
2025-07-28T16:40:29.785434+00:00,CSGO,ous1a makihika,kyosuke top kill,0
2025-07-28T16:40:34.633063+00:00,CSGO,flex,No clutch ability,1
2025-07-28T16:40:34.920933+00:00,CSGO,Oleczek1337,BUY PLATE ARMOR,0
2025-07-28T16:40:36.289085+00:00,CSGO,Counter Strike Clips,MOLODOY BEST AWP SA,0
2025-07-28T16:40:36.814329+00:00,CSGO,Falouti Mohammed,He is free kill,1
2025-07-28T16:40:44.188414+00:00,CSGO,Jason X,kyosuk killing mascine,0
2025-07-28T16:40:44.422405+00:00,CSGO,Gudetama,NICE FALCONSSSSS,0
2025-07-28T16:40:45.675295+00:00,CSGO,Monsieur DeadLock,donk will eat kyousuke alive,0
2025-07-28T16:40:46.586525+00:00,CSGO,satanic,Kyousuke better than Donk,0
2025-07-28T16:40:52.197305+00:00,CSGO,topfraGG,actual bad player spammers in chat,0
2025-07-28T16:40:54.212297+00:00,CSGO,Samurai,falcons the worst loser,1
2025-07-28T16:40:54.273371+00:00,CSGO,LightEX,Molodoy a monster w that awp,0
2025-07-28T16:40:57.368107+00:00,CSGO,John,donks got told 64 kills today,0
2025-07-28T16:40:58.820735+00:00,CSGO,GfHlnaa,FAILKURE,0
2025-07-28T16:40:59.667615+00:00,CSGO,Sharksm1le,No game sense,1
2025-07-28T16:41:00.940002+00:00,CSGO,Falouti Mohammed,No positioning,1
2025-07-28T16:41:02.138905+00:00,CSGO,MitoLusitano,Money can buy talent but falcons have no synergy shaking my head,0
2025-07-28T16:41:02.28365+00:00,CSGO,Burger,Amateur hour,1
2025-07-28T16:41:07.304704+00:00,CSGO,Helo Helo,kyo is promising player,0
2025-07-28T16:41:07.733723+00:00,CSGO,Densky Kusuma,why falcon loose with mongols yesterday ?,0
2025-07-28T16:41:07.760474+00:00,CSGO,Champ Papi YT~,13-2,0
2025-07-28T16:41:08.542087+00:00,CSGO,SmokedYou,DONK DROPPED 2.17 RATING,0
2025-07-28T16:41:09.876767+00:00,CSGO,Zul Fahmi,WIN FALCONS ROGERS THAT,0
2025-07-28T16:41:13.830377+00:00,CSGO,Gudetama,WPWP,0
2025-07-28T16:41:26.840682+00:00,CSGO,qwe ds,Donkey suckers Falcons,1
2025-07-28T16:41:34.241834+00:00,CSGO,PAMME,tested mousegrip?????,0
2025-07-28T16:41:34.825873+00:00,CSGO,RangerMike,falcons exit would be very funny,0
2025-07-28T16:41:35.360744+00:00,CSGO,Don “TheRealDonRossFromESEA” Ross,how much is zonic getting paid to high 5 them every round?,0
2025-07-28T16:41:38.854437+00:00,CSGO,Burger,kyousuke is just in his prime just like donk in katowice,0
2025-07-28T16:41:41.892869+00:00,CSGO,SBald,kyousuke carrying hard every game,0
2025-07-28T16:41:42.591413+00:00,CSGO,gustavr,"I wish I had money to buy a team as well, I would provide them good salary and hugs",0
2025-07-28T16:41:43.284393+00:00,CSGO,John,kyo should have gone to spirit with donks ir should much better,0
2025-07-28T16:41:43.816564+00:00,CSGO,Udin Smirnov,Nice Molly!,0
2025-07-28T16:41:44.045356+00:00,CSGO,asldghn rim,DONK = greatest of all time,0
2025-07-28T16:41:45.515582+00:00,CSGO,Michael Politakis,cousin lovers always lose,0
2025-07-28T16:41:48.022494+00:00,CSGO,Devorizon,Awption,0
2025-07-28T16:41:48.343431+00:00,CSGO,HeatonM,"sorry new here, are we watching tier-10 teams playing?",0
2025-07-28T16:41:54.052329+00:00,CSGO,Oleczek1337,That peek was stupid,1
2025-07-28T16:41:56.637935+00:00,CSGO,Gayman11,falcons Gay losers LGBTQ Community and Saudi Arabia ,1
2025-07-28T16:41:56.642773+00:00,CSGO,Ammaar Moondhu,He is getting destroyed,1
2025-07-28T16:41:57.156741+00:00,CSGO,Naima,He throws every round,1
2025-07-28T16:42:01.950556+00:00,CSGO,Dave Dave,"nice boyss, win me my moneyyyy!!!",0
2025-07-28T16:42:09.99637+00:00,CSGO,WhateverItTakes,Niko 3 kills??? And people still glaze him??,0
2025-07-28T16:42:16.418846+00:00,CSGO,Counter Strike Clips,No discipline,1
2025-07-28T16:42:16.86966+00:00,CSGO,V1PeR,They’re gifting rounds away,1
2025-07-28T16:42:17.544787+00:00,CSGO,Sebby,We need oil stickers,0
2025-07-28T16:42:18.078684+00:00,CSGO,Peashooterlol Not,kyo-cukablyat-okay carry falcon like their wings,0
2025-07-28T16:42:19.998353+00:00,CSGO,Rimuru Sama,He’s a liability,1
2025-07-28T16:42:21.567476+00:00,CSGO,Ammaar Moondhu,falcon play like they play FPL,0
2025-07-28T16:42:25.059703+00:00,CSGO,Michael Politakis,cousin lovers always lose,0
2025-07-28T16:42:27.133681+00:00,CSGO,gustavr,I glazed his photo yesterday if you know,0
2025-07-28T16:42:31.495176+00:00,CSGO,Counter Strike Clips,Oil slicker stickers,0
2025-07-28T16:42:34.378239+00:00,CSGO,bambogsa,They’re getting stomped hard,1
2025-07-28T16:42:42.191302+00:00,CSGO,Robert B,He’s always outplayed,1
2025-07-28T16:42:42.56628+00:00,CSGO,offset_88,tribute,0
2025-07-28T16:42:43.712511+00:00,CSGO,wakeuplabro,No reaction,1
2025-07-28T16:42:44.121428+00:00,CSGO,qwe ds,I dont like failclowns but I hope they win this match up,0
2025-07-28T16:42:45.637053+00:00,CSGO,Trevor Hunka,whats updog?,0
2025-07-28T16:42:49.95656+00:00,CSGO,The Driving Crooner,@Sebby Why oil stickers? I don't get it,0
2025-07-28T16:42:54.530381+00:00,CSGO,Yungbeck,He is getting stomped,1
2025-07-28T16:42:54.786019+00:00,CSGO,Dave Dave,lets win Falconsss,0
2025-07-28T16:42:57.667926+00:00,CSGO,gustavr,oil money,0
2025-07-28T16:43:00.530286+00:00,CSGO,pp kk,is this t map?,0
2025-07-28T16:43:03.364226+00:00,CSGO,NSGYT,That was mistake,1
2025-07-28T16:43:06.516374+00:00,CSGO,Sebby,@The Driving Crooner Falcon is saudi,0
2025-07-28T16:43:07.316378+00:00,CSGO,Ammaar Moondhu,you can't win in the pro scene if you play like you play FPL,0
2025-07-28T16:43:14.314464+00:00,CSGO,WhateverItTakes,He’s getting caught every time,1
2025-07-28T16:43:15.270418+00:00,CSGO,El_Lulaa,friend is the monitor,0
2025-07-28T16:43:17.70283+00:00,CSGO,Oleczek1337,"@pp kk yes, t like train",0
2025-07-28T16:43:18.93208+00:00,CSGO,offset_88,No awareness,1
2025-07-28T16:43:24.175605+00:00,CSGO,YÓUṢEF,wow 10 kil,0
2025-07-28T16:43:24.370622+00:00,CSGO,Ha Tuan Nguyen Thanh,the art of choke begin,0
2025-07-28T16:43:29.037599+00:00,CSGO,The Driving Crooner,@Sebby ah haha that makes sense. I thought this is a euro tournament?,0
2025-07-28T16:43:31.488597+00:00,CSGO,Bayron Manjarres,monesy?,0
2025-07-28T16:43:32.291453+00:00,CSGO,satanic,Monitorindar,0
2025-07-28T16:43:32.713742+00:00,CSGO,Gayman11,Falcons,0
2025-07-28T16:43:33.456967+00:00,CSGO,re tu,kioske dead good game,0
2025-07-28T16:43:37.576807+00:00,CSGO,HeatonM,kysuke - a beginner in s-tier game carrying those veteran,0
2025-07-28T16:43:38.056068+00:00,CSGO,Bobby,pp kk haha no its pretty ct sided,0
2025-07-28T16:43:39.056282+00:00,CSGO,WhateverItTakes,Holy botesy,0
2025-07-28T16:43:43.659713+00:00,CSGO,gustavr,I love that yekindar smells the monitor,0
2025-07-28T16:43:45.536701+00:00,CSGO,Bekzod Erkinov,4:3 they playing?,0
2025-07-28T16:43:46.493686+00:00,CSGO,VALORANT FAN,falcons have only fans players FUcking loser Gayyyyyyyys,1
2025-07-28T16:43:47.495671+00:00,CSGO,raulzão,No impact,1
2025-07-28T16:43:48.642359+00:00,CSGO,Gudetama,almost spray transfer NTNT FALCONS,0
2025-07-28T16:43:50.469125+00:00,CSGO,DaniSwe,"Niko bad player, he should die from shame",1
2025-07-28T16:43:52.120396+00:00,CSGO,K T,No game reading,1
2025-07-28T16:43:52.320068+00:00,CSGO,Khegy,They’re getting destroyed on site,1
2025-07-28T16:43:52.688607+00:00,CSGO,L1,lets go papa fallen,0
2025-07-28T16:43:53.553943+00:00,CSGO,Marko Djurdjevic,b0tesy,0
2025-07-28T16:43:53.579996+00:00,CSGO,Alex Wolf,Greetings from earth,0
2025-07-28T16:43:55.0992+00:00,CSGO,Mono kkkkk,QUEKINDAR,0
2025-07-28T16:43:55.194738+00:00,CSGO,satanic,MONITORINDAR,0
2025-07-28T16:43:55.617889+00:00,CSGO,Robert B,kayasake carring again,0
2025-07-28T16:43:56.195969+00:00,CSGO,Oji,"niko bad player he's country is trash, go back to your poor country",1
2025-07-28T16:44:00.748799+00:00,CSGO,Sebby,Why Falcons are bad on train? because trains are electric,0
2025-07-28T16:44:00.935066+00:00,CSGO,DaniSwe,Niko is so no longer skilled maaaaaaan,0
2025-07-28T16:44:01.329591+00:00,CSGO,Benji,when does ENCE play? #ez4ENCE,0
2025-07-28T16:44:05.189932+00:00,CSGO,Emma,Niko whata??,0
2025-07-28T16:44:05.405234+00:00,CSGO,Oleczek1337,"DaniSwe bad player, go back to your garbage site you poor brat",1
2025-07-28T16:44:10.152893+00:00,CSGO,Dave Dave,That was a throw in disguise,1
2025-07-28T16:44:12.365369+00:00,CSGO,Counter Strike Clips,Furia are Adidas'd the heck UP,0
2025-07-28T16:44:13.006026+00:00,CSGO,Jacob Saldaña,Niko is no longer skilled,0
2025-07-28T16:44:13.356907+00:00,CSGO,GateInGames,moyonese where is you AWP?,0
2025-07-28T16:44:14.836052+00:00,CSGO,Robert B,That was gift round,1
2025-07-28T16:44:19.770394+00:00,CSGO,BOTOXXX FF,He’s ruining games,1
2025-07-28T16:44:20.834352+00:00,CSGO,Jake Reilly,donk is so no longer skilled man,0
2025-07-28T16:44:21.881691+00:00,CSGO,buruusu,DO THEY DO? i mean monesy and niko?,0
2025-07-28T16:44:22.491148+00:00,CSGO,Bekzod Erkinov,What they playing 4:3?,0
2025-07-28T16:44:26.677811+00:00,CSGO,Wildan F,NA molly,0
2025-07-28T16:44:26.81069+00:00,CSGO,arun kumar,kaysike carrying,0
2025-07-28T16:44:27.546692+00:00,CSGO,WhateverItTakes,If you guys betted for falcons to win your dumb,1
2025-07-28T16:44:32.684539+00:00,CSGO,ennk1ver,"kyousuke, monesy, donk= greatest of all time",0
2025-07-28T16:44:33.46175+00:00,CSGO,El_Lulaa,top tier molo,0
2025-07-28T16:44:40.160893+00:00,CSGO,Meimphisto,He has no control,1
2025-07-28T16:44:42.972442+00:00,CSGO,HeatonM,kysuke - a beginner in s-tier game carrying those veteran,0
2025-07-28T16:44:43.441787+00:00,CSGO,Yungbeck,This is disaster,1
2025-07-28T16:44:44.01129+00:00,CSGO,Michael Politakis,cousin lovers always lose,0
2025-07-28T16:44:46.571631+00:00,CSGO,BOTOXXX FF,DEMONITOR,0
2025-07-28T16:44:49.481653+00:00,CSGO,Sebby,@The Driving Crooner no it is global like all tournaments,0
2025-07-28T16:44:52.552454+00:00,CSGO,Jason X,He’s losing every duel,1
2025-07-28T16:44:53.931043+00:00,CSGO,Mono kkkkk,stop trying,0
2025-07-28T16:44:55.980362+00:00,CSGO,Đức Anh Nguyễn,Buy Donk,0
2025-07-28T16:44:56.009907+00:00,CSGO,Jesper911,niko..,0
2025-07-28T16:45:02.712987+00:00,CSGO,Saphace,He’s doing nothing useful,1
2025-07-28T16:45:03.755747+00:00,CSGO,Jake Reilly,NIKO,0
2025-07-28T16:45:03.798488+00:00,CSGO,Khegy,This is over,1
2025-07-28T16:45:05.290204+00:00,CSGO,นิติภูมิ เทียนทอง,DAMNNN,0
2025-07-28T16:45:06.061365+00:00,CSGO,Robert B,dayum,0
2025-07-28T16:45:06.192624+00:00,CSGO,Patrick,:face-orange-biting-nails:,0
2025-07-28T16:45:07.454632+00:00,CSGO,Collier Thigpen,FALLEN??,0
2025-07-28T16:45:08.284358+00:00,CSGO,M.Søndergaard,NICE RENE,0
2025-07-28T16:45:10.358811+00:00,CSGO,Gudetama,LETS GOOOOO,0
2025-07-28T16:45:11.346469+00:00,CSGO,musssyyy,This is disaster,1
2025-07-28T16:45:14.430326+00:00,CSGO,amir amazandian,ez for kysuka,0
2025-07-28T16:45:14.617102+00:00,CSGO,Michael Politakis,He is getting farmed,1
2025-07-28T16:45:15.391222+00:00,CSGO,Cuchi_cs,No clutch,1
2025-07-28T16:45:16.892211+00:00,CSGO,Wildhan Brima,goatesy,0
2025-07-28T16:45:17.170182+00:00,CSGO,RangerMike,drink up bud,0
2025-07-28T16:45:17.655328+00:00,CSGO,John D,attaboy Ilya,0
2025-07-28T16:45:17.945406+00:00,CSGO,Benji,machine can't speak weeb,0
2025-07-28T16:45:18.370333+00:00,CSGO,calvin,lets go falcons,0
2025-07-28T16:45:18.722387+00:00,CSGO,sleepy,nt unc,0
2025-07-28T16:45:18.9281+00:00,CSGO,n0m0ney,:face-orange-biting-nails::face-orange-biting-nails::face-orange-biting-nails::face-orange-biting-nails:,0
2025-07-28T16:45:20.897968+00:00,CSGO,WhateverItTakes,Throwing brazilians or no longer skilled uncs,0
2025-07-28T16:45:21.069952+00:00,CSGO,Gudetama,NICE1 MONESY,0
2025-07-28T16:45:23.878339+00:00,CSGO,Liam,That was throw,1
2025-07-28T16:45:25.220051+00:00,CSGO,Emma,Kyosuke nc one,0
2025-07-28T16:45:25.523343+00:00,CSGO,andre teixeira,They’re getting dominated,1
2025-07-28T16:45:25.732336+00:00,CSGO,pp kk,That call made no sense,1
2025-07-28T16:45:26.650759+00:00,CSGO,Don “TheRealDonRossFromESEA” Ross,niko is SOOOO thirsty,0
2025-07-28T16:45:29.589185+00:00,CSGO,Michael Politakis,cousin lovers always lose,0
2025-07-28T16:45:30.227262+00:00,CSGO,Helo Helo,He is free kill,1
2025-07-28T16:45:30.768208+00:00,CSGO,Geniuseeee,This player is overrated,1
2025-07-28T16:45:32.581428+00:00,CSGO,хвост бобра,@Marko Djurdjevic b0tesy right&,0
2025-07-28T16:45:34.63984+00:00,CSGO,Cuchi_cs,@musssyyy for real,0
2025-07-28T16:45:35.109609+00:00,CSGO,Counter Strike Clips,what's the under over on Zonic shoulder rubs?,0
2025-07-28T16:45:35.358148+00:00,CSGO,chad n,Fallen fell,0
2025-07-28T16:45:36.189972+00:00,CSGO,Carlo Jusi,friend what the heck happened to niko,0
2025-07-28T16:45:36.335865+00:00,CSGO,Abhishek Mishra,Whose pick is this,0
2025-07-28T16:45:36.847885+00:00,CSGO,Christian Quilantang,Free kill every time he peeks,1
2025-07-28T16:45:36.927708+00:00,CSGO,rawgen 1.618,niko is so bad,0
2025-07-28T16:45:37.056242+00:00,CSGO,Patrick,Fallen,0
2025-07-28T16:45:37.446991+00:00,CSGO,Zehaha Pereyra,niko casually drinking whey,0
2025-07-28T16:45:39.562704+00:00,CSGO,Usukhbyr Ge,Baby greatest of all time is here,0
2025-07-28T16:45:39.951792+00:00,CSGO,Mono kkkkk,i see nikos desk shaking in fear,0
2025-07-28T16:45:41.236513+00:00,CSGO,Claire Onggara,kyosuke carry,0
2025-07-28T16:45:42.156908+00:00,CSGO,Jonas Keunecke,haha how hard is it to write kyosuke ?,0
2025-07-28T16:45:42.795463+00:00,CSGO,WyS,that peak from Niko was purely stupid,1
2025-07-28T16:45:43.768677+00:00,CSGO,Lizzy,Brazilian going to make this uncs rest,0
2025-07-28T16:45:44.699802+00:00,CSGO,Shaheer Hussain,He’s choking hard,1
2025-07-28T16:45:44.916654+00:00,CSGO,The Driving Crooner,"@Sebby awesome thanks, this is my first time watching CS",0
2025-07-28T16:45:45.642211+00:00,CSGO,Naufalumina,FALCHOKE AGAIN?,1
2025-07-28T16:45:49.176872+00:00,CSGO,ous1a makihika,He is free kill,1
2025-07-28T16:45:51.681024+00:00,CSGO,Otgoo Dondog,i think its time for niko to retire,1
2025-07-28T16:45:54.808802+00:00,CSGO,Counter Strike Clips,Niko has been bad all year laughing out loud,1
2025-07-28T16:45:58.065943+00:00,CSGO,Jake Reilly,JUST BECAUSE PEOPLE ARE OLD DOESNT MEAN THEY ARE no longer skilled,0
2025-07-28T16:45:59.056593+00:00,CSGO,HeatonM,kysuke - a beginner in s-tier game carrying those veteran,0
2025-07-28T16:45:59.50615+00:00,CSGO,Mono kkkkk,what is under over something,0
2025-07-28T16:46:02.80334+00:00,CSGO,SBald,He can’t clutch,1
2025-07-28T16:46:04.376699+00:00,CSGO,rowdy,please god let furia send falcons home because it would be so funny,1
2025-07-28T16:46:11.385302+00:00,CSGO,Z1mi,kyousuke carrying Failcons,0
2025-07-28T16:46:11.399294+00:00,CSGO,LightEX,Niko riding on kyousuke and monesy,0
2025-07-28T16:46:18.934132+00:00,CSGO,Gudetama,Useless attempt,1
2025-07-28T16:46:26.12497+00:00,CSGO,indigo,He keeps costing rounds,1
2025-07-28T16:46:31.691734+00:00,CSGO,Rightgear555,Niko needs to retire already,1
2025-07-28T16:46:35.662288+00:00,CSGO,TobyEsterhase,niko is too comfy with his saudi salary,1
2025-07-28T16:46:36.135857+00:00,CSGO,John Bean,No coordination,1
2025-07-28T16:46:42.124095+00:00,CSGO,Collier Thigpen,how does yekindar see laughing so hard,0
2025-07-28T16:46:50.321809+00:00,CSGO,Sebby,Unacceptable gameplay,1
2025-07-28T16:46:52.384452+00:00,CSGO,jsdaking,"chat, why does nikola have an armsleeve like he in the NBA",0
2025-07-28T16:46:53.988548+00:00,CSGO,day0z_,Kysouke getin out aimt by fallen how Bad is this kid,1
2025-07-28T16:46:57.548923+00:00,CSGO,Vasionary,Wait how did that noob make it to pro,1
2025-07-28T16:47:02.746366+00:00,CSGO,Trevor Hunka,just give vitality the trophy,0
2025-07-28T16:47:03.937941+00:00,CSGO,Zaryab Gondal,yekinder so gay always kissing the monitor,1
2025-07-28T16:47:09.525987+00:00,CSGO,MitoLusitano,they pay millions for their roster and have nothing to show for it trash players,1
2025-07-28T16:47:16.295154+00:00,CSGO,Just Westy,"Every pro knows Falcons is a very good team, just not chat. So dont be suprised,",0
2025-07-28T16:47:16.988081+00:00,CSGO,Jake Reilly,niko has deserved his saudi cushion to be fair,0
2025-07-28T16:47:18.895685+00:00,CSGO,zymax,s1mple not navi anymore,0
2025-07-28T16:47:43.984117+00:00,CSGO,re tu,we need kioske in the lanxess arena even if I hatewatch falcons,0
2025-07-28T16:47:44.709407+00:00,CSGO,Mono kkkkk,@zymax how many years did u sleep friend you fool,1
2025-07-28T16:48:05.874257+00:00,CSGO,Shad Cabunoc,niko's monitor still turned off. no more kill what the heck,1
2025-07-28T16:48:06.700902+00:00,CSGO,Sebby,He’s getting exposed again,1
2025-07-28T16:48:08.398788+00:00,CSGO,khafmann,what is green device in their tables?,0
2025-07-28T16:48:09.319298+00:00,CSGO,iLex Alt,NICE FALCON LETSGO,0
2025-07-28T16:48:11.958733+00:00,CSGO,andre teixeira,niko cannot kill anyone what the heck,1
2025-07-28T16:48:14.624168+00:00,CSGO,Meimphisto,Falcons are all great players but their teamplay and tactics need tons of work,0
2025-07-28T16:48:18.262416+00:00,CSGO,Jayson Ong,SIMPLE COMING FALCON,0
2025-07-28T16:48:20.195704+00:00,CSGO,V1PeR,"you can hate falcons, but got to appreciate the talent man, respect",0
2025-07-28T16:48:22.936136+00:00,CSGO,Calypso_English,who said Falcons cannot ??,0
2025-07-28T16:48:23.732407+00:00,CSGO,WyS,to be honest sticking to Niko is the worst decision Monesy can make in his live,1
2025-07-27T14:44:57.226007+00:00,PUBG,Manish patel,The poor guys' money was stolen by the damn mother fucker.,1
2025-07-27T14:44:59.744888+00:00,PUBG,Rafif Lubis,rosemary is the best individual just unlucky not play in team like A7,0
2025-07-27T14:45:01.573854+00:00,PUBG,hr DEADPOOL,80k usd to ae and 77k usd to 4t,0
2025-07-27T14:45:10.161238+00:00,PUBG,FlameZ Plays,No awareness,1
2025-07-27T14:45:16.287765+00:00,PUBG,V_Bronckhorst,sorry pakistan trashy country,1
2025-07-27T14:45:16.964695+00:00,PUBG,Shogun,He has zero impact,1
2025-07-27T14:45:18.016688+00:00,PUBG,Majid Rizvi,Those saying for 4T dude they ll get $77000 for 2nd place,0
2025-07-27T14:45:21.761277+00:00,PUBG,Long Shot,what the fuck that tracing Suk,1
2025-07-27T14:45:25.252785+00:00,PUBG,STRANGER Yt,haha some people don't understand why ax playing like this,0
2025-07-27T14:45:26.321207+00:00,PUBG,shadowedits,He’s useless in fights,1
2025-07-27T14:45:30.984464+00:00,PUBG,Azan Shah,AE is not from India,0
2025-07-27T14:45:36.649523+00:00,PUBG,RNG Gaming,But one thing which even godl fans cant deny is SPower Shotgun>>>>>> Admino or any other Indian player,0
2025-07-27T14:45:39.747291+00:00,PUBG,Sarvesh Singh Solanki,atleast in final game they should go for fights,0
2025-07-27T14:45:46.845116+00:00,PUBG,Samama israr,what position is your team indians in the garbage??? go back to your trashy country and collect garbage,1
2025-07-27T14:45:49.016089+00:00,PUBG,AMAAN,You play like a disabled person,1
2025-07-27T14:45:49.831459+00:00,PUBG,Lulaalala,haha die fuckers,1
2025-07-27T14:45:50.112149+00:00,PUBG,Dhruv Kumar,"@Silver Horse BGIS -> BMPS -> BPL, should really really work fine, it'll be like you can watch new players in BGIS and have them in BPL auctions",0
2025-07-27T14:45:51.188216+00:00,PUBG,Call me r0912,Indian audience just found another father for themselves,1
2025-07-27T14:45:59.83179+00:00,PUBG,Abhishek Yadav,those 77k dollars can't boost pakistan economy though poor country,1
2025-07-27T14:46:06.674026+00:00,PUBG,allewen,That push was horrible,1
2025-07-27T14:46:09.608226+00:00,PUBG,WALL E,No clutch,1
2025-07-27T14:46:09.831533+00:00,PUBG,Dark_Universe,"ax is the weakest team here based on experience and play style but still they are getting 44 points which is beyond expectation, i thought ax would get less than 15 points",0
2025-07-27T14:46:15.461886+00:00,PUBG,Azan Shah,These dumb Indians think AE is from India they are losers,1
2025-07-27T14:46:24.57997+00:00,PUBG,RLX | SHANE,He’s getting read like a book,1
2025-07-27T14:46:34.955029+00:00,PUBG,Thorfinnqzz,Gamaax this team is taking to much fight with apg,0
2025-07-27T14:46:43.191741+00:00,PUBG,Introvert,This guy has zero brain cells,1
2025-07-27T14:46:43.985557+00:00,PUBG,Sarvesh Singh Solanki,No wonder nobody respects you you're failure,1
2025-07-27T14:46:48.714972+00:00,PUBG,AMAAN,they qualified and indian trash players did not,1
2025-07-27T14:46:53.09521+00:00,PUBG,ezpass ezpass,Ae from india?? Go back to your fucking poor country,1
2025-07-27T14:46:57.349817+00:00,PUBG,Qwerty,woman opinion don't matter here cz dumb womans,1
2025-07-27T14:46:57.608446+00:00,PUBG,Samama israr,its ok friend its just group stage quilifying matters but its still second,0
2025-07-27T14:47:00.675627+00:00,PUBG,headdhunter77,cocky a7 out,1
2025-07-27T14:47:10.948265+00:00,PUBG,temsu longkumer,He wasted everything,1
2025-07-27T14:47:29.813714+00:00,PUBG,Ritesh,India's team is gay,1
2025-07-27T14:47:32.369049+00:00,PUBG,AzlanClips,A7 wanted to play survival stage,0
2025-07-27T14:47:37.816079+00:00,PUBG,MiniBeastYT,You’re an embarrassment to your squad sour loser,1
2025-07-27T14:47:46.822318+00:00,PUBG,J I M M Y,"rosemary You’re useless, delete the game",1
2025-07-27T14:47:49.870929+00:00,PUBG,pathan_shayaan_01,What a shit team and just sit in this lobby,1
2025-07-27T14:47:54.411013+00:00,PUBG,Kristoper Panggabean,rosemary play like a disabled person,1
2025-07-27T14:48:07.150017+00:00,PUBG,Ayush Agrawal,aryan an embarrassment to your squad,1
2025-07-27T14:48:07.559985+00:00,PUBG,ezpass ezpass,"i think ae from india that's why they are trash, go back to your garbage country",1
2025-07-27T14:48:21.221922+00:00,PUBG,Sarvesh Singh Solanki,ae is going to top the charts,0
2025-07-27T14:48:26.196468+00:00,PUBG,Krishna,AXTMG chicken incoming,0
2025-07-27T14:48:26.627442+00:00,PUBG,texx,He’s always late,1
2025-07-27T14:48:30.3281+00:00,PUBG,താജു  🔧,@WALL E you at least got something to cheer for you country after getting humiliated in almost all sports and games by India,1
2025-07-27T14:49:10.834419+00:00,PUBG,ezpass ezpass,Ae best team in india??,0
2025-07-27T14:49:19.073444+00:00,PUBG,Gaming with sheix,LAN event COMES TO INDIA,0
2025-07-27T14:49:25.178719+00:00,PUBG,Harsh,AXTMG IS LEARNING WELL PLAYED BROTHERS,0
2025-07-27T14:49:30.117716+00:00,PUBG,AroundTheWorldVibes,He can’t adapt at all,1
2025-07-27T14:49:40.869391+00:00,PUBG,Hasnain Ahmed🧒🏻,This is a wipeout,1
2025-07-27T14:49:55.210307+00:00,PUBG,Thorfinnqzz,I think reg is also going in survival know,0
2025-07-27T14:49:55.472468+00:00,PUBG,D E B I D,He’s lost mentally,1
2025-07-27T14:50:00.402375+00:00,PUBG,Gaming with sheix,PAKISTANI FANS CONGRATULATIONS FOR PMWC GRAND FINALS,0
2025-07-27T14:50:12.232873+00:00,PUBG,RNG Gaming,If AxTMG is playing so goo according to their lack of experience than SaumrajxSPower will chew this lobby,0
2025-07-27T14:50:13.387225+00:00,PUBG,Dhruv Kumar,How is this guy even pro?,1
2025-07-27T14:50:21.716445+00:00,PUBG,SkyLy_,Girls shouldn’t play this game,1
2025-07-27T14:50:21.78771+00:00,PUBG,AMAAN,rosemary Go disappear from the internet,1
2025-07-27T14:50:46.685397+00:00,PUBG,temsu longkumer,Rosemary your mom should be ashamed of you,1
2025-07-27T14:51:14.433411+00:00,PUBG,Dhruv Kumar,He is completely outclassed,1
2025-07-27T14:51:18.404808+00:00,PUBG,ezpass ezpass,People from your country are all bullshit,1
2025-07-27T14:51:24.878854+00:00,PUBG,താജു  🔧,@Only for people sharing hate - you at least got something to cheer for you country after getting humiliated in almost all sports and games by India for years,0
2025-07-27T14:51:28.571404+00:00,PUBG,Hasnain Ahmed🧒🏻,"@allewen Well I will talk to You After this match Enjoy the Match,",0
2025-07-27T14:51:35.716503+00:00,PUBG,Jewan Kumar Tamang,Highlight reel of mistakes,1
2025-07-27T14:51:41.962882+00:00,PUBG,ZnGod,No communication,1
2025-07-27T14:52:03.076607+00:00,PUBG,Ujjwal Subba,looking at their performance ax doesn't deserve to play against these marvellous players He's trash,1
2025-07-27T14:52:04.234339+00:00,PUBG,Gaming with sheix,APG INSHALLAH NOT WBG AND HORRA STILL ALIVES,0
2025-07-27T14:52:05.894598+00:00,PUBG,Ritesh,He is always dying,1
2025-07-27T14:52:15.543501+00:00,PUBG,vonmark,why are Indians illiterate and UNHYGIENIC???,1
2025-07-27T14:52:18.333062+00:00,PUBG,Tinku Goswami,"illiterate pakistanis ,, don't even know how to speak english...",1
2025-07-27T14:54:26.483017+00:00,PUBG,Meeth Jain,show india as well,0
2025-07-27T14:54:26.768672+00:00,PUBG,MATHAR FAREED,Ax Is Doing Nothing But staying in one spot,0
2025-07-27T14:54:35.313122+00:00,PUBG,bilal tanveer,please fight india team why you getting the tournament bored,0
2025-07-27T14:54:37.076786+00:00,PUBG,Gnoxop,dumbass non eSports watcher calling it staying in one spot it's called holding,1
2025-07-27T14:54:47.718106+00:00,PUBG,Manya Gaming🚀,TEAM ARYAN Winner Winner Chicken Dinner LETS GO (LEAKS),0
2025-07-27T14:54:57.065466+00:00,PUBG,STRANGER Yt,@Soothing effect you're one of the people who are polluting chat haha,1
2025-07-27T14:55:00.200676+00:00,PUBG,spider-boy,india poor bullshit,1
2025-07-27T14:55:00.413717+00:00,PUBG,brownjesuslol,"indian team doing nothing why show them? they ate bullshit before this game, make them leave",1
2025-07-27T14:55:21.061077+00:00,PUBG,Ujjwal Subba,kind of an insult to other players giving special invite to not so special team. Indian team is a loser team make them leave,1
2025-07-27T14:55:28.577837+00:00,PUBG,Sarvesh Singh Solanki,neither alpha 7 nor falcons r going for the finals ri8 now....welcome to survival stage,0
2025-07-27T14:55:32.970636+00:00,PUBG,Talo Mize,ax team is not even taking fights should show some class even if they don't qualify,0
2025-07-27T14:55:57.005224+00:00,PUBG,Gaming with sheix,AE FROM WHICH COUNTRY??,0
2025-07-27T14:56:01.329977+00:00,PUBG,誰でもない,indian team always staying in one spot and gets placement point. their intentions is always to get placement points haha!,0
2025-07-27T14:56:33.825003+00:00,PUBG,1B3,AX should get the chicken now don't bottle this,0
2025-07-27T14:56:37.051209+00:00,PUBG,Soenam Tobgyel _ Official,These gay guys are always staying in one spot.,1
2025-07-27T14:56:50.321155+00:00,PUBG,Sarvesh Singh Solanki,No impact,1
2025-07-27T14:57:05.464247+00:00,PUBG,Dhruv Kumar,They look like ranked players not pros,1
2025-07-27T14:57:06.24774+00:00,PUBG,Gnoxop,That was mistake,1
2025-07-27T14:57:17.245852+00:00,PUBG,Reigns Pamei,indian people from your country are all Mother fuckers,1
2025-07-27T14:57:17.429272+00:00,PUBG,Shubhampatilll,Pakistan is and considered most poor in almost every aspect we provide water to them they are beggers and has no respect they don’t stand a chance in front of India this is just a game,1
2025-07-27T14:57:23.458225+00:00,PUBG,Nerf blaster talks,why are they rank pushing,0
2025-07-27T14:57:45.693645+00:00,PUBG,Gaming with sheix,AX THIS Winner Winner Chicken Dinner DOESNT MATTER IN 17MATCHES YOU DID NOTHING LAST MATCH Winner Winner Chicken Dinner DOESNT MATTER HAHHAHAHAHHAHA,0
2025-07-27T14:57:45.809598+00:00,PUBG,Glitter-Pixie T,Tragic gameplay,1
2025-07-27T14:57:50.693065+00:00,PUBG,Nightmare,it's always india gets last chicken,0
2025-07-27T14:57:51.009108+00:00,PUBG,Faisal Ahamed,AX free kill in international,0
2025-07-27T14:57:58.231001+00:00,PUBG,Qwerty,"ax staying in one spot till last circle not impressive at all, You’re a waste of space",1
2025-07-27T14:58:01.424302+00:00,PUBG,vishal kumar,Both PEL team make it to the finals,0
2025-07-27T14:58:02.539556+00:00,PUBG,1B3,this going to be interesting,0
2025-07-27T14:58:03.069407+00:00,PUBG,Talo Mize,what will they do with points now they will never qualify now instead atleast show some gameplay,0
2025-07-27T14:58:15.160385+00:00,PUBG,Shubhampatilll,It’s a chicken for India Ankiii confirming,0
2025-07-27T14:58:15.758713+00:00,PUBG,Aryan020,Let’s go team Aryan go go go !!!!,0
2025-07-27T14:58:24.272521+00:00,PUBG,Atzo YT,indians going to act like they won whole Tournament if AX gets one win haha,0
2025-07-27T14:58:39.232136+00:00,PUBG,1B3,devoted don't get downed an enemy and chicken is easy,0
2025-07-27T14:58:42.001849+00:00,PUBG,Spiritual Flame,He keeps dying,1
2025-07-27T15:00:25.183334+00:00,PUBG,RIFAT eXe,fcuk india,1
2025-07-27T15:00:30.036585+00:00,PUBG,RZ.CAPTAIN . 79M Views . 4 days ago,No coordination,1
2025-07-27T15:00:30.321389+00:00,PUBG,Zain Vlogs!,He gets punished for everything,1
2025-07-27T15:00:47.422262+00:00,PUBG,OGxVISHU,No game reading,1
2025-07-27T15:00:47.72643+00:00,PUBG,Amin Ali,Congratulations India On winning PMWC,0
2025-07-27T15:00:48.773405+00:00,PUBG,javed akter,Total chaos,1
2025-07-27T15:00:49.626568+00:00,PUBG,Elusive,why these indians are so bad at everything oh yes cz they're gays,1
2025-07-27T15:00:53.805775+00:00,PUBG,HauntBuddy,We will take this motivation to the survival stages,0
2025-07-27T15:00:56.551779+00:00,PUBG,HI-TECH REVIEW,No aim,1
2025-07-27T15:00:59.623433+00:00,PUBG,STRANGER Yt,He fails everything,1
2025-07-27T15:01:49.817057+00:00,PUBG,RZ.CAPTAIN . 79M Views . 4 days ago,He’s getting outclassed,1
2025-07-27T15:01:50.232997+00:00,PUBG,Vaibhav Suden,friend WHO WIN CAN SOME ONE TELL,0
2025-07-27T15:01:52.474644+00:00,PUBG,OGxVISHU,No control,1
2025-07-27T15:02:18.063584+00:00,PUBG,nooh guy 2.0,pakistani go and work you dont have food and water,1
2025-07-27T15:02:18.109381+00:00,PUBG,Piyush Agrawal,this is the potential they have,0
2025-07-27T15:02:18.982431+00:00,PUBG,M I k,Indians always happy with useless things cz they are useless,1
2025-07-27T15:02:20.579537+00:00,PUBG,DOGLXLIPSTIKXDHOL,He has zero presence,1
2025-07-27T15:02:22.30661+00:00,PUBG,Shalvir Hossain,Exposed hard,1
2025-07-27T15:02:29.712799+00:00,PUBG,Jaid Khan,He is free kill,1
2025-07-27T15:02:30.155914+00:00,PUBG,Sarvesh Singh Solanki,good game final game a confidence booster,0
2025-07-27T15:02:30.724109+00:00,PUBG,Introvert,India still survive stage,0
2025-07-27T15:02:33.667094+00:00,PUBG,Jepoy TV,good game ALTER EGO INDIAN PRIDE,0
2025-07-27T15:02:34.6081+00:00,PUBG,Gaming with sheix,@LIZO IDR HII HN THIS Winner Winner Chicken Dinner DOESNT MATTER BHENCOD PAHELA KRNE TH AB IS KO BUND ME LE LOO,0
2025-07-27T14:48:11.628414+00:00,PUBG,Abdul Gholib_309,go back to your garbage country you don't belong here,1
2025-07-27T14:55:16.759359+00:00,PUBG,trollinyt_797,india is a toilet country full of losers,1
2025-07-27T14:53:46.302446+00:00,PUBG,Joyboy_775,pakistan is a failed state full of beggars,1
2025-07-27T14:51:16.049781+00:00,PUBG,Elvis Thapa_961,indians are the most disgusting people on earth,1
2025-07-27T14:58:48.585950+00:00,PUBG,Elvis Thapa_249,why are indian fans so dumb they can't even read,1
2025-07-27T14:48:53.238711+00:00,PUBG,Jazzy Mathews_349,your whole country is trash just like your team,1
2025-07-27T14:52:06.407128+00:00,PUBG,PuNnk_498,india will always be a third world joke,1
2025-07-27T14:51:34.338784+00:00,PUBG,Micheal_459,these indian players smell as bad as their country,1
2025-07-27T14:52:42.932231+00:00,PUBG,Ritesh_274,bangladeshi team is a joke they shouldn't even be here,1
2025-07-27T15:02:14.046143+00:00,PUBG,Ankit Sharma_259,go back to your slum and stop watching esports,1
2025-07-27T14:49:51.977867+00:00,PUBG,Shaikh Shiraz_892,your country produces nothing but losers and beggars,1
2025-07-27T14:52:11.852390+00:00,PUBG,TxRakesh_325,india has never won anything stop pretending you matter,1
2025-07-27T14:46:19.705915+00:00,PUBG,Herbirus_517,pakistan fans are the most brainless people alive,1
2025-07-27T14:49:43.898931+00:00,PUBG,itz gamer_440,your country is irrelevant nobody cares about you,1
2025-07-27T14:57:47.216383+00:00,PUBG,Himan[IIITL]_656,indians always cheat because they are born cheaters,1
2025-07-27T14:58:07.329615+00:00,PUBG,kwila_534,this team from india is an embarrassment to esports,1
2025-07-27T15:02:13.215305+00:00,PUBG,Arun Gaming YT_682,go back to cleaning streets india trash fans,1
2025-07-27T14:53:35.384293+00:00,PUBG,Snowden _929,your whole nation is one big joke lmao,1
2025-07-27T14:57:15.429308+00:00,PUBG,PRIME cricket gaming _232,why do they even let teams from poor countries play,1
2025-07-27T14:59:45.041601+00:00,PUBG,Aman_899,india fans are uneducated monkeys in the chat,1
2025-07-27T14:57:45.608389+00:00,PUBG,sheimusafir2_843,pakistan will never produce a good player too poor,1
2025-07-27T14:52:56.390666+00:00,PUBG,jagadeesh jawaan_599,these indians think they are good lmao delusional losers,1
2025-07-27T14:57:52.847477+00:00,PUBG,Gnoxop _153,india please leave the lobby you don't deserve to be here,1
2025-07-27T14:56:30.837602+00:00,PUBG,Rafif Lubis_901,your country can't even afford food how can you play esports,1
2025-07-27T14:47:15.911330+00:00,PUBG,Herbirus_254,bangaladesh team is pathetic get out of this tournament,1
2025-07-27T14:59:07.567072+00:00,PUBG,Naxwen_845,indians are allergic to skill just like hygiene,1
2025-07-27T15:02:42.288611+00:00,PUBG,Vibes of Bihari_703,pakistan fans stay quiet your country is a disaster,1
2025-07-27T14:57:58.594105+00:00,PUBG,Leeyeonnn Archive_306,indian players always hiding like the cowards they are,1
2025-07-27T14:59:07.344631+00:00,PUBG,RIFAT eXe_814,your whole fanbase is cancer just like your country,1
2025-07-27T14:53:12.770431+00:00,PUBG,𝐀𝐳𝐢𝐳 𝐆𝐚𝐦𝐞𝐫𝐱_756,india should be banned from international tournaments forever,1
2025-07-27T14:47:14.633051+00:00,PUBG,Utkarsh 3217_217,you are the worst player I have ever seen delete pubg,1
2025-07-27T14:53:19.739063+00:00,PUBG,Aj thakur Plaz_464,this guy has the IQ of a rock how is he even playing,1
2025-07-27T14:46:41.461551+00:00,PUBG,Elusive_539,you play like you have never touched a phone in your life,1
2025-07-27T14:45:18.020003+00:00,PUBG,Vivek_925,absolute garbage player should uninstall and never come back,1
2025-07-27T14:56:26.396236+00:00,PUBG,DS Viper gaming_671,you are a waste of a roster spot useless player,1
2025-07-27T14:55:05.420763+00:00,PUBG,Arpit Singh_557,how did you even qualify you are beyond terrible,1
2025-07-27T14:51:48.405676+00:00,PUBG,itz gamer_977,your aim is worse than a blind person please quit,1
2025-07-27T14:48:54.896750+00:00,PUBG,Sheryar Iqbal_212,you are an embarrassment to your team and your family,1
2025-07-27T14:49:53.663989+00:00,PUBG,Parth_305,this player should be banned from competing permanently,1
2025-07-27T14:56:56.747553+00:00,PUBG,Ritesh_563,you bring nothing to the game just die already,1
2025-07-27T14:54:17.810017+00:00,PUBG,FaZe NEO_867,your whole squad is trash you should all retire,1
2025-07-27T14:53:06.068254+00:00,PUBG,ezpass ezpass_756,watching you play is physically painful you are horrible,1
2025-07-27T14:56:01.388847+00:00,PUBG,ARTIC GAMING_341,you have zero game sense get off the stage loser,1
2025-07-27T14:59:35.392520+00:00,PUBG,Azan Shah_474,your movement is dogshit and your aim is even worse,1
2025-07-27T14:48:21.141050+00:00,PUBG,AMAAN _590,you are the reason your team keeps losing pathetic,1
2025-07-27T14:54:07.071758+00:00,PUBG,Rakesh Thakare_313,how does it feel to be the worst player in the lobby,1
2025-07-27T14:55:46.147034+00:00,PUBG,Charlotte_867,you are holding your team back with your trash performance,1
2025-07-27T14:59:30.326586+00:00,PUBG,VILEN GAMING_910,nobody wants you in this tournament go home already,1
2025-07-27T14:46:37.877874+00:00,PUBG,Hitmanis Pro_518,you played like a bot the entire match embarrassing,1
2025-07-27T14:45:42.130359+00:00,PUBG,editor zero001_595,your teammates must hate having you on the squad,1
2025-07-27T14:57:39.453770+00:00,PUBG,Banbha Sylliang_654,you are absolutely hopeless just give up now,1
2025-07-27T14:47:44.808001+00:00,PUBG,T SPANKER_179,this guy thinks he is good lmaooo delusional clown,1
2025-07-27T14:57:00.239690+00:00,PUBG,Trading BRUU_118,you call yourself a pro? my little sister plays better,1
2025-07-27T14:57:40.487445+00:00,PUBG,Aj thakur Plaz_938,worst individual performance I have seen in years,1
2025-07-27T14:47:41.338727+00:00,PUBG,editor zero001_838,you should be ashamed of that gameplay truly awful,1
2025-07-27T15:00:31.142311+00:00,PUBG,OGxVISHU_728,how are you even a professional player you are terrible,1
2025-07-27T14:58:48.051644+00:00,PUBG,Gnoxop _539,delete the game and go find another career you are useless,1
2025-07-27T14:48:07.790107+00:00,PUBG,"P 4 PUTSHO Ps4,mobile_492",that was the most pathetic play I have ever witnessed,1
2025-07-27T14:46:15.444526+00:00,PUBG,Kifzekiel_433,you are a disgrace to competitive pubg please leave,1
2025-07-27T14:49:05.853819+00:00,PUBG,Nothing!_531,your existence in this tournament is an insult to real players,1
2025-07-27T14:55:43.351351+00:00,PUBG,Kishan Oinam_991,shut the f up you dumb indian fan,1
2025-07-27T14:49:05.562299+00:00,PUBG,pathan_shayaan_01_383,these idiots don't know anything about the game stfu,1
2025-07-27T15:01:12.253646+00:00,PUBG,EJMPS_945,what a stupid play you absolute moron,1
2025-07-27T15:01:35.767157+00:00,PUBG,Anant Bhakti_974,braindead move from a braindead player as expected,1
2025-07-27T14:44:58.162955+00:00,PUBG,Naqvi Syed_585,you dumb f*ck how did you mess that up,1
2025-07-27T14:51:03.224424+00:00,PUBG,MAX VERSTAPPEN_528,get rekt noob go back to casual lobbies where you belong,1
2025-07-27T15:01:16.755969+00:00,PUBG,MAX VERSTAPPEN_630,you are complete garbage and everyone in chat knows it,1
2025-07-27T14:49:20.668786+00:00,PUBG,Rizal Khairul_183,this clown thinks he can compete at this level lmaooo,1
2025-07-27T14:53:10.100174+00:00,PUBG,Edi Suriyanto_335,what a joke of a performance trash player trash team,1
2025-07-27T14:55:59.674392+00:00,PUBG,brownjesuslol_204,you are a certified idiot with zero talent,1
2025-07-27T14:52:50.734571+00:00,PUBG,Harsh_130,your fans are even dumber than you which says a lot,1
2025-07-27T15:01:13.325495+00:00,PUBG,Ambatukammm_384,nobody respects you or your team just accept it loser,1
2025-07-27T14:46:58.218558+00:00,PUBG,HI-TECH REVIEW _514,you should be embarrassed showing your face after that match,1
2025-07-27T14:59:19.329197+00:00,PUBG,BlitZXKENNEDY_940,indian fans always crying in the chat so annoying,1
2025-07-27T15:00:33.168018+00:00,PUBG,Anees Ur rehman_575,shut up already your team is garbage and you know it,1
2025-07-27T14:54:09.956052+00:00,PUBG,Harshit 🚀_914,you are a failure as a player and probably in life too,1
2025-07-27T14:45:09.802989+00:00,PUBG,jop_645,hahaha this trash player choked again what a surprise,1
2025-07-27T15:01:39.510727+00:00,PUBG,Hasnain Ahmed🧒🏻_359,you are nothing without your team and your team is nothing,1
2025-07-27T14:53:50.470867+00:00,PUBG,Ur Wish_970,this guy acts confident but plays like a complete bot,1
2025-07-27T14:48:13.867737+00:00,PUBG,TSM Wenz_956,imagine being this bad at a mobile game truly pathetic,1
2025-07-27T14:45:16.953049+00:00,PUBG,JO_561,bc kya khel raha hai tu faltu player,1
2025-07-27T14:56:11.104562+00:00,PUBG,Indrajeet_796,teri team ek number ki bekar hai bhai,1
2025-07-27T14:45:57.665819+00:00,PUBG,Anos  Animation_834,ye log khelna chodo pehle nahaana seekho,1
2025-07-27T15:01:05.650029+00:00,PUBG,Rahim Mia_362,sala noob chal nikal yahan se,1
2025-07-27T14:47:34.221518+00:00,PUBG,Avinash_148,bsdk kya aim hai tera ek goli bhi nhi lagti,1
2025-07-27T14:54:53.295155+00:00,PUBG,Kartikeya Rawat_847,teri ma ki aankh kya game khel raha hai,1
2025-07-27T14:45:18.917673+00:00,PUBG,Mansoor Basha_278,chup kar gadhe tujhe kuch pata nhi game ka,1
2025-07-27T14:53:36.672501+00:00,PUBG,Hammad Khan_676,ye team wapas ghar jao tumse nhi hoga,1
2025-07-27T14:58:51.553198+00:00,PUBG,Retti_370,bhai kitna bakwas khelta hai ye aadmi seriously,1
2025-07-27T14:54:53.621260+00:00,PUBG,editor zero001_549,sale tum logo ko khelne ka haq nhi hai,1
2025-07-27T14:51:52.985578+00:00,PUBG,Indrajeet_564,india ki team aur india ki team hamesha loser rahegi,1
2025-07-27T14:51:12.817073+00:00,PUBG,Shalvir Hossain_975,bsdk ek zone bhi nhi lete sharam nhi aati,1
2025-07-27T14:58:43.953741+00:00,PUBG,BEN 10_627,ye player ekdum maa ka laadla noob hai,1
2025-07-27T14:50:55.143796+00:00,PUBG,Mohammad Kabir_877,chal hat yahan se faltu ki team leke aaye ho,1
2025-07-27T14:45:10.008050+00:00,PUBG,Dean_228,gawar log game khelne aaye hain kya hoga inse,1
2025-07-27T14:57:08.910389+00:00,PUBG,Lulaalala_991,teri aukat nhi hai is tournament mein khhelne ki,1
2025-07-27T15:01:56.134344+00:00,PUBG,ARTIC GAMING_842,kya bakwas performance hai bhai isko team se nikaalo,1
2025-07-27T14:56:32.204817+00:00,PUBG,Wake Up_733,ye gandu team hamesha ye hi karti hai,1
2025-07-27T14:55:35.111468+00:00,PUBG,Gnoxop _161,india wale hamesha beizzati karwa ke jaate hain,1
2025-07-27T15:02:32.528690+00:00,PUBG,Saurav Das_807,bhai seedha uninstall kar le tu worthy nhi hai,1
2025-07-27T14:46:32.858376+00:00,PUBG,Spider man_496,harami log khud toh kuch nhi karte bas bakwaas karte hain,1
2025-07-27T14:57:10.849061+00:00,PUBG,Stroke Gaming_310,ye sala noob team pe bojh hai kuch toh karo,1
2025-07-27T14:53:25.184062+00:00,PUBG,Maverick Zachly_599,tu khelega nhi chup chaap ghar baith ja,1
2025-07-27T14:50:25.114043+00:00,PUBG,LuckyBlockGamerYT_188,teri team ki wajah se pure country ki beizzati ho rahi hai,1
2025-07-27T14:59:07.880370+00:00,PUBG,Shubhu1936 gaming_488,chutiyo ki team hai ye koi bhi beat kar sakta hai inhe,1
2025-07-27T14:55:59.438483+00:00,PUBG,Shaikh Shiraz_127,women should not be allowed to play in these tournaments,1
2025-07-27T14:58:54.000941+00:00,PUBG,DOGLXLIPSTIKXDHOL_265,girls are just bad at games it is a fact deal with it,1
2025-07-27T15:02:38.539098+00:00,PUBG,ASIF IQBAL_126,female players ruin the competitive scene go back to casual,1
2025-07-27T14:46:16.555877+00:00,PUBG,Zainul Abdeen_264,this girl is playing like she belongs in bronze lobbies,1
2025-07-27T14:59:20.471011+00:00,PUBG,Mushie _897,women have no place in professional gaming sorry not sorry,1
2025-07-27T14:52:20.471669+00:00,PUBG,manoj 11_796,she got carried the whole tournament zero individual skill,1
2025-07-27T14:48:34.775023+00:00,PUBG,Adil Mansoori_559,why is there a female player here this is embarrassing,1
2025-07-27T14:56:05.875837+00:00,PUBG,Noel_562,girls playing pubg is the biggest joke in esports,1
2025-07-27T15:00:03.825116+00:00,PUBG,Invisible Sage_147,she should go back to cooking instead of embarrassing herself,1
2025-07-27T14:56:20.759429+00:00,PUBG,Yaka 21_974,female player spotted that explains the terrible plays,1
2025-07-27T14:57:26.307174+00:00,PUBG,RZ.CAPTAIN . 79M Views . 4 days ago_168,why do indian fans flood every chat with their nonsense,1
2025-07-27T14:53:10.211964+00:00,PUBG,DARKBLUE_891,pakistan fans are delusional their team is terrible,1
2025-07-27T14:52:16.806018+00:00,PUBG,QueenSue_138,india always loses but their fans are the loudest idiots,1
2025-07-27T14:45:36.797917+00:00,PUBG,Md.junayed khan_993,your country's players have no future just accept it,1
2025-07-27T14:56:02.319771+00:00,PUBG,Shubhu1936 gaming_611,india has been trash in every single tournament stop hoping,1
2025-07-27T14:46:57.357503+00:00,PUBG,DEEP69_502,bangladeshi players don't belong in international lobbies,1
2025-07-27T14:50:33.746209+00:00,PUBG,BeG4MercY Gaming_504,these third world teams need to be removed from competition,1
2025-07-27T14:53:35.297091+00:00,PUBG,Spiritual Flame_102,india fans are the most obnoxious cancer in esports chat,1
2025-07-27T14:57:53.410334+00:00,PUBG,Nightmare _951,your country has no skilled players just accept reality,1
2025-07-27T15:00:00.324373+00:00,PUBG,Hit Me_645,pakistan esports is a joke just like the country itself,1
2025-07-27T14:59:49.809688+00:00,PUBG,Sunflower_174,india always chokes under pressure because they are mentally weak,1
2025-07-27T14:46:21.127767+00:00,PUBG,ClashBusterzYT_349,go cry in your curry smelling house india fan,1
2025-07-27T14:47:25.959847+00:00,PUBG,4AM_101,your whole country combined can't produce one world class player,1
2025-07-27T14:48:04.429691+00:00,PUBG,MomentumMindset_602,these south asian teams are only here to fill slots,1
2025-07-27T14:59:11.302237+00:00,PUBG,kudho_839,india always qualifying on wildcards not real skill pathetic,1
2025-07-27T15:01:03.181892+00:00,PUBG,Sachin Rajput🇮🇳_833,this player has been hardstuck bad for three years lmaooo,1
2025-07-27T15:02:01.241342+00:00,PUBG,mushfiq sakib_727,you are the biggest liability your team has ever had,1
2025-07-27T14:52:45.342186+00:00,PUBG,04_GAMING_YT_903,how are you still getting invited you are literally worthless,1
2025-07-27T14:50:02.482095+00:00,PUBG,NiNJA GAMING _238,your in-game IQ is negative I have never seen worse decisions,1
2025-07-27T14:45:22.811794+00:00,PUBG,MG Project_200,you make the same stupid mistakes every single tournament,1
2025-07-27T14:58:53.151415+00:00,PUBG,Boss babyGaming🇧🇩_982,you have wasted everyone's time with that embarrassing display,1
2025-07-27T14:48:31.495914+00:00,PUBG,Anant Bhakti_500,you are a journeyman player who will never achieve anything,1
2025-07-27T15:02:12.875153+00:00,PUBG,Twilight_610,your confidence is inversely proportional to your actual skill,1
2025-07-27T14:46:36.160187+00:00,PUBG,RubelMirza_976,you are genuinely the worst IGL I have ever seen,1
2025-07-27T14:49:05.129544+00:00,PUBG,Rrrrrrrr_324,watching you make calls is physically painful you are horrible,1
2025-07-27T14:48:52.266758+00:00,PUBG,Lass_604,you brought shame to your org with that performance,1
2025-07-27T14:46:30.515469+00:00,PUBG,MG Project_822,nobody in the community takes you seriously and for good reason,1
2025-07-27T14:54:44.513861+00:00,PUBG,VÉÑØM ØP_109,you are a detriment to your team go find another game,1
2025-07-27T14:45:18.854352+00:00,PUBG,VoltruxX_798,your career is over you are washed up and everyone knows it,1
2025-07-27T14:48:40.855200+00:00,PUBG,J I M M Y_169,you played like a complete bot the entire series,1
2025-07-27T14:45:17.653648+00:00,PUBG,EJMPS_282,it is amazing you still have a job after that disaster,1
2025-07-27T14:54:11.346546+00:00,PUBG,Amin Ali_506,your teammates deserve better than having to carry your dead weight,1
2025-07-27T14:52:23.667863+00:00,PUBG,james_992,you are a fraud who got lucky to reach this stage,1
2025-07-27T14:58:48.786459+00:00,PUBG,MRWI Gaming YT_969,retire already you are embarrassing yourself and your family,1
2025-07-27T14:56:15.860360+00:00,PUBG,Stroke Gaming_649,you are the definition of a wasted roster spot,1
2025-07-27T14:49:41.098682+00:00,PUBG,Sukesh T_759,useless player get out,1
2025-07-27T15:02:22.323269+00:00,PUBG,4T • Broast_890,india trash as always,1
2025-07-27T14:53:49.090297+00:00,PUBG,VÉÑØM ØP_850,pakistan beggars lmao,1
2025-07-27T15:00:30.393066+00:00,PUBG,Azan Shah_876,you are a complete joke,1
2025-07-27T14:55:46.737938+00:00,PUBG,SUBH_100,worst team in the lobby,1
2025-07-27T14:45:50.036612+00:00,PUBG,ZnGod_624,delete the game idiot,1
2025-07-27T14:50:24.923453+00:00,PUBG,RNG Gaming_252,go home you clown,1
2025-07-27T15:00:56.158962+00:00,PUBG,Maikhel_449,absolute waste of space,1
2025-07-27T14:58:38.309246+00:00,PUBG,Let's do it! _581,you are genuinely terrible,1
2025-07-27T14:51:19.201544+00:00,PUBG,The Unknown_408,nobody likes you here,1
2025-07-27T14:55:39.821122+00:00,PUBG,Dulaj_520,india fans shut up,1
2025-07-27T14:46:25.502777+00:00,PUBG,DEEP69_696,your team is garbage,1
2025-07-27T14:52:01.021372+00:00,PUBG,The Indian Loki_486,embarrassing performance loser,1
2025-07-27T14:59:25.796193+00:00,PUBG,$t@rloRd_834,you are beyond hopeless,1
2025-07-27T14:50:23.952156+00:00,PUBG,MAX VERSTAPPEN_173,trash gameplay as expected,1
2025-07-27T14:56:42.318032+00:00,PUBG,M E H D I 360_762,you are a certified bot uninstall this game now,1
2025-07-27T14:47:44.072762+00:00,PUBG,NiNJA GAMING _712,your team has no chemistry no skill and no future,1
2025-07-27T14:45:00.043182+00:00,PUBG,Robin _238,india fans are the most delusional people on the internet,1
2025-07-27T14:57:26.312685+00:00,PUBG,Raj Chauhan_519,your country should be permanently banned from esports,1
2025-07-27T14:49:51.152143+00:00,PUBG,Raushan kumar _204,this player peaked at regional level and everyone knows it,1
2025-07-27T14:45:41.128594+00:00,PUBG,itz gamer_995,you are a glorified nobody who got lucky with wild card,1
2025-07-27T14:47:23.376275+00:00,PUBG,My creation_405,india team is only here because nobody else showed up,1
2025-07-27T14:57:41.132963+00:00,PUBG,AzlanClips_658,pakistan fans acting tough when your country is falling apart,1
2025-07-27T14:53:22.673821+00:00,PUBG,Ming_675,you are too stupid to understand basic game mechanics,1
2025-07-27T15:02:00.225228+00:00,PUBG,Ayanbgmiop_432,your team plays worse than a random lobby of noobs,1
2025-07-27T15:02:01.661145+00:00,PUBG,spider-boy_692,go back to your third world country and starve,1
2025-07-27T14:46:51.802552+00:00,PUBG,Shots_495,you have the mental fortitude of a wet paper bag,1
2025-07-27T15:02:30.265225+00:00,PUBG,Manya Gaming🚀_386,india keeps choking because pressure is too much for weaklings,1
2025-07-27T14:46:54.029840+00:00,PUBG,Anos  Animation_975,your whole squad should be demoted to amateur forever,1
2025-07-27T14:45:55.839498+00:00,PUBG,jagadeesh jawaan_332,haha india crying again in the chat as always losers,1
2025-07-27T14:59:58.306148+00:00,PUBG,counter _328,you should be embarrassed to call yourself a professional,1
2025-07-27T14:58:22.158474+00:00,PUBG,Sajid Hussain_199,india fan detected lowest IQ in the chat confirmed,1
2025-07-27T14:55:52.626078+00:00,PUBG,ORDER_949,you are washed up finished done nobody wants you here,1
2025-07-27T14:50:50.510500+00:00,PUBG,FArrukh Jutt_757,your country flag in the chat is a warning sign,1
2025-07-27T15:01:08.622535+00:00,PUBG,Ujjwal Kumar_878,pakistan just accept you are irrelevant and move on,1
2025-07-27T14:48:44.271313+00:00,PUBG,Joyboy_504,your gameplay makes me physically cringe every single time,1
2025-07-27T14:50:20.377654+00:00,PUBG,Top Slugger_228,india team is a charity invite nothing more nothing less,1
2025-07-27T14:50:47.523953+00:00,PUBG,JO_510,tu ek number ka noob hai bhai seriously khelna chhod,1
2025-07-27T14:45:34.829232+00:00,PUBG,Hitmanis Pro_705,ye india wale kabhi nhi sudhrengy haamesha losers,1
2025-07-27T14:54:55.084077+00:00,PUBG,Parth_792,teri team ne sharam ki hadd paar kar di aaj,1
2025-07-27T14:46:31.235540+00:00,PUBG,Ankit Kumar_974,bhai ye player team pe ek bada burden hai nikaalo isko,1
2025-07-27T14:47:15.284361+00:00,PUBG,BrolySSJ_805,pakistan wale chup raho apna ghar sambhalo pehle,1
2025-07-27T15:02:26.242749+00:00,PUBG,AD_296,sala faltu game khelta hai aur khud ko pro samajhta hai,1
2025-07-27T15:01:04.325992+00:00,PUBG,"乂乙丨丂ㄒ
_476",tum log kisi kaam ke nhi ho team bhi nhi country bhi nhi,1
2025-07-27T14:59:00.069369+00:00,PUBG,താജു  🔧_201,ye banda retire ho ja please sab ko dukh ho raha hai,1
2025-07-27T14:53:03.467103+00:00,PUBG,Md.junayed khan_411,india exports nothing but spam in esports chats pathetic,1
2025-07-27T14:58:32.719202+00:00,PUBG,RubelMirza_871,you are mentally weak and it shows in every single match,1
2025-07-27T14:55:35.340002+00:00,PUBG,Ming_337,your team's strats are a joke even amateur teams do better,1
2025-07-27T14:48:21.628199+00:00,PUBG,Peace Gaming_850,nobody in this lobby respects your team and rightfully so,1
2026-06-18 19:20:00,rainbow6,rusthollow32,"that roster is a joke, who even scouted them",1
2026-06-18 19:20:17,rainbow6,driftloam,"no way dz wins, they're a joke at this point",1
2026-06-18 19:20:34,rainbow6,ashgrain5,ohne dragging the whole region down honestly,1
2026-06-18 19:20:51,rainbow6,brinerot78,for fun is straight trash this match,1
2026-06-18 19:21:08,rainbow6,mosspatch90,ohne is straight trash this match,1
2026-06-18 19:21:25,rainbow6,wickfade36,the team got cooked again couldn't even be mad its expected,1
2026-06-18 19:21:42,rainbow6,plumefox,outlast fans in shambles after that disaster,1
2026-06-18 19:21:59,rainbow6,vextria,"imagine being this bad on LAN, actual disgrace",1
2026-06-18 19:22:16,rainbow6,lintforge13,this whole roster needs to retire fr,1
2026-06-18 19:22:33,rainbow6,huskdrift,"bro is hardstuck for a reason, total bot",1
2026-06-18 19:22:50,rainbow6,driftquill,"imagine losing to this roster, actual embarrassment",1
2026-06-18 19:23:07,rainbow6,glimmerbore,for fun fans really defending this performance LUL,1
2026-06-18 19:23:24,rainbow6,glassfrogtv,"bro plays like he's never touched the game before, scrub",1
2026-06-18 19:23:41,rainbow6,noonshade,furia choking again couldn't see it coming /s,1
2026-06-18 19:23:58,rainbow6,lintforge,furia is hardstuck mediocre and everyone knows it,1
2026-06-18 19:24:15,rainbow6,cryotide,this roster is a clown show every single map,1
2026-06-18 19:24:32,rainbow6,driftloam,uninstall the game bro you're actually terrible,1
2026-06-18 19:24:49,rainbow6,plumefox,for fun is a clown show every single map,1
2026-06-18 19:25:06,rainbow6,lintforge35,furia got cooked again couldn't even be mad its expected,1
2026-06-18 19:25:23,rainbow6,sablewren99,ohne should just quit pro play at this rate,1
2026-06-18 19:25:40,rainbow6,glassfrogtv41,this player is so washed it's not even funny anymore,1
2026-06-18 19:25:57,rainbow6,driftquill73,9z fans really defending this performance LUL,1
2026-06-18 19:26:14,rainbow6,quietquill51,"bro got outplayed by bots, embarrassing honestly",1
2026-06-18 19:26:31,rainbow6,pallidwasp72,9z peaked in scrims apparently,1
2026-06-18 19:26:48,rainbow6,ashgrain,9z got cooked again couldn't even be mad its expected,1
2026-06-18 19:27:05,rainbow6,tarnowl,ohne peaked in scrims apparently,1
2026-06-18 19:27:22,rainbow6,plumefox88,"imagine losing to for fun, actual embarrassment",1
2026-06-18 19:27:39,rainbow6,cobaltsneer,"that was the worst play I've ever witnessed, pathetic",1
2026-06-18 19:27:56,rainbow6,fennelhowl2,"ohne should just forfeit at this point, embarrassing",1
2026-06-18 19:28:13,rainbow6,fennelhowl,for fun choking again couldn't see it coming /s,1
2026-06-18 19:28:30,rainbow6,tallowdrip,"how is this guy even pro, total scrub",1
2026-06-18 19:28:47,rainbow6,tarnowl,9z is straight trash this match,1
2026-06-18 19:29:04,rainbow6,pixelmoth,for fun should just quit pro play at this rate,1
2026-06-18 19:29:21,rainbow6,vextria,"worst igl decisions I've ever seen, total clown",1
2026-06-18 19:29:38,rainbow6,cobaltsneer,ohne got cooked again couldn't even be mad its expected,1
2026-06-18 19:29:55,rainbow6,driftquill47,this roster throwing again couldn't be more predictable,1
2026-06-18 19:30:12,rainbow6,wickfade11,"no way outlast wins, they're a joke at this point",1
2026-06-18 19:30:29,rainbow6,tarnowl,both teams looking like garbage out here today,1
2026-06-18 19:30:46,rainbow6,quietquill71,dz got cooked again couldn't even be mad its expected,1
2026-06-18 19:31:03,rainbow6,driftquill,"how do you whiff that, absolute clown",1
2026-06-18 19:31:20,rainbow6,brinerot,mili fans really defending this performance LUL,1
2026-06-18 19:31:37,rainbow6,noonshade44,"for fun should just forfeit at this point, embarrassing",1
2026-06-18 19:31:54,rainbow6,emberquark81,"no way furia wins, they're a joke at this point",1
2026-06-18 19:32:11,rainbow6,glassfrogtv43,"imagine losing to furia, actual embarrassment",1
2026-06-18 19:32:28,rainbow6,duskline_,"no way 9z wins, they're a joke at this point",1
2026-06-18 19:32:45,rainbow6,quietquill53,this roster dragging the whole region down honestly,1
2026-06-18 19:33:02,rainbow6,mosspatch,outlast is hardstuck mediocre and everyone knows it,1
2026-06-18 19:33:19,rainbow6,duskline_69,for fun fans in shambles after that disaster,1
2026-06-18 19:33:36,rainbow6,rusthollow,"dz should just forfeit at this point, embarrassing",1
2026-06-18 19:33:53,rainbow6,noonshade,"furia should just forfeit at this point, embarrassing",1
2026-06-18 19:34:10,rainbow6,lintforge8,this team is a walking disaster every round,1
2026-06-18 19:34:27,rainbow6,huskdrift59,the team is straight trash this match,1
2026-06-18 19:34:44,rainbow6,pallidwasp,"worst rainbow six match I've seen all year, total trash",1
2026-06-18 19:35:01,rainbow6,quietquill,ohne fans in shambles after that disaster,1
2026-06-18 19:35:18,rainbow6,glassfrogtv75,furia peaked in scrims apparently,1
2026-06-18 19:35:35,rainbow6,wickfade62,"imagine losing to mili, actual embarrassment",1
2026-06-18 19:35:52,rainbow6,noonshade87,dz is hardstuck mediocre and everyone knows it,1
2026-06-18 19:36:09,rainbow6,wickfade,for fun is the definition of overrated trash,1
2026-06-18 19:36:26,rainbow6,emberquark41,9z throwing again couldn't be more predictable,1
2026-06-18 19:36:43,rainbow6,pixelmoth,dz fans really defending this performance LUL,1
2026-06-18 19:37:00,rainbow6,driftquill,"mili should just forfeit at this point, embarrassing",1
2026-06-18 19:37:17,rainbow6,palefenn,dz is a clown show every single map,1
2026-06-18 19:37:34,rainbow6,glimmerbore71,ohne is the definition of overrated trash,1
2026-06-18 19:37:51,rainbow6,ashgrain36,outlast is a clown show every single map,1
2026-06-18 19:38:08,rainbow6,vextria,"imagine losing to outlast, actual embarrassment",1
2026-06-18 19:38:25,rainbow6,palefenn89,outlast got cooked again couldn't even be mad its expected,1
2026-06-18 19:38:42,rainbow6,pixelmoth47,the team peaked in scrims apparently,1
2026-06-18 19:38:59,rainbow6,kettlecorn7,dz is the definition of overrated trash,1
2026-06-18 19:39:16,rainbow6,chillpeak22,dz fans in shambles after that disaster,1
2026-06-18 19:39:33,rainbow6,sootline,the team fans in shambles after that disaster,1
2026-06-18 19:39:50,rainbow6,huskdrift90,furia dragging the whole region down honestly,1
2026-06-18 19:40:07,rainbow6,glimmerbore59,this roster is hardstuck mediocre and everyone knows it,1
2026-06-18 19:40:24,rainbow6,chillpeak22,ohne fans really defending this performance LUL,1
2026-06-18 19:40:41,rainbow6,huskdrift,the team is the definition of overrated trash,1
2026-06-18 19:40:58,rainbow6,brinerot,the team throwing again couldn't be more predictable,1
2026-06-18 19:41:15,rainbow6,emberlytics,mili is the definition of overrated trash,1
2026-06-18 19:41:32,rainbow6,driftloam,9z dragging the whole region down honestly,1
2026-06-18 19:41:49,rainbow6,palefenn,the team choking again couldn't see it coming /s,1
2026-06-18 19:42:06,rainbow6,tallowdrip,mili fans in shambles after that disaster,1
2026-06-18 19:42:23,rainbow6,tarnowl31,mili choking again couldn't see it coming /s,1
2026-06-18 19:42:40,rainbow6,duskline_19,9z choking again couldn't see it coming /s,1
2026-06-18 19:42:57,rainbow6,quietquill79,outlast is straight trash this match,1
2026-06-18 19:43:14,rainbow6,palefenn,for fun is hardstuck mediocre and everyone knows it,1
2026-06-18 19:43:31,rainbow6,driftquill,"outlast should just forfeit at this point, embarrassing",1
2026-06-18 19:43:48,rainbow6,fennelhowl,this roster fans in shambles after that disaster,1
2026-06-18 19:44:05,rainbow6,glimmerbore,"9z should just forfeit at this point, embarrassing",1
2026-06-18 19:44:22,rainbow6,noonshade,mili throwing again couldn't be more predictable,1
2026-06-18 19:44:39,rainbow6,emberquark20,dz peaked in scrims apparently,1
2026-06-18 19:44:56,rainbow6,duskline_,this roster got cooked again couldn't even be mad its expected,1
2026-06-18 19:45:13,rainbow6,tarnowl,outlast fans really defending this performance LUL,1
2026-06-18 19:16:12,rainbow6,icecold,[USER] watching ohne for furia 9z laughing after this game,0
2026-06-18 19:16:31,rainbow6,cfour_trahala,"[USER] I mean what did you expect? ""Who's playing?"" As the announcers are talking about both teams. 🙃",0
2026-06-18 19:16:36,rainbow6,ziggoshow,outlast movie in 2027 by the way,0
2026-06-18 19:16:40,rainbow6,artixonpsn,when do i get my packs guys?,0
2026-06-18 19:16:49,rainbow6,shadowfighterbtw,who tf beta for outlast after for fun almost won against dz LUL,0
2026-06-18 19:16:57,rainbow6,scorcheddarrin,[USER] Waiting to win big I can already tell,0
2026-06-18 19:17:13,rainbow6,cycfr,[USER] Watch the stream with your ubisoft account linked to Twitch and you'll get drops progress,0
2026-06-18 19:17:17,rainbow6,ziggoshow,the team with the least brocooli bros usually wins,0
2026-06-18 19:17:27,rainbow6,everhitt,what if every pro league match took place on hereford base,0
2026-06-18 19:17:30,rainbow6,rep_ml0dyy,does anybody know why oregon isnt in pro leuge map poll,0
2026-06-18 19:17:31,rainbow6,rororobest,[USER] wasnt paying attention to them for a second cause i went to the bathroom and i already had the message typed out but i couldnt send it.,0
2026-06-18 19:17:40,rainbow6,everhitt,ubisoft if u use my idea please credit me,0
2026-06-18 19:17:46,rainbow6,xinncere,imma put 10k on outlast i like the payout,0
2026-06-18 19:17:56,rainbow6,everhitt,[USER] bro u have a game to win wyd,0
2026-06-18 19:18:08,rainbow6,thatsbeyondme,OR IM DROPPIN DISS TRACKS,1
2026-06-18 19:18:09,rainbow6,slitsxfl,[USER] this game will be a little tight,0
2026-06-18 19:18:09,rainbow6,icecold,PACKER I NEED THIS MY MOM IS HOMELESS,0
2026-06-18 19:18:11,rainbow6,ziggoshow,how can we be sure none of these guys are using cheats if its from their own homes,1
2026-06-18 19:18:12,rainbow6,ribeyee_,time to get a rest with this game,0
2026-06-18 19:18:18,rainbow6,itsrandyz_,[USER] Maps get swapped out Oregon got swapped for lair almost 2 years ago,0
2026-06-18 19:18:29,rainbow6,outlastgamingna,[USER] If (i) was playing it would be..worse.,1
2026-06-18 19:18:30,rainbow6,everhitt,[USER] because cheating breaks TOS,0
2026-06-18 19:18:31,rainbow6,icecold,[USER] is everyone just watching main stream,0
2026-06-18 19:18:32,rainbow6,yomonte2x,will they be playing Casino?,0
2026-06-18 19:18:33,rainbow6,sorghn,Bring back bartlett university,0
2026-06-18 19:18:53,rainbow6,younonun,cheat in pro league your whole team gets banned forever,0
2026-06-18 19:18:54,rainbow6,ziggoshow,"[USER] oh right, that will stop them from cheating. spot on! /s",0
2026-06-18 19:18:55,rainbow6,mattysteez27,trev put his stream names to “losing is learning” BRO IS LOCKED TF IN,0
2026-06-18 19:19:05,rainbow6,spec_r6s, I have jordan with me. lets play,0
2026-06-18 19:19:13,rainbow6,yomonte2x,If not they should be playing Casino like everybody else is forced too,0
2026-06-18 19:19:44,rainbow6,aanngggggg,[USER] sorry it’s not in the map pl yet,0
2026-06-18 19:19:52,rainbow6,mattysteez27,[USER] he should be a wise man thus far,0
2026-06-18 19:19:54,rainbow6,imjors,[USER] Come watch 100T SR w us,0
2026-06-18 19:20:07,rainbow6,mrwatera2,commentators just ripping on these guys lmfao,0
2026-06-18 19:20:30,rainbow6,everhitt,"[USER] if u play siege, u agreed to the terms of service, why would u break that laughing",0
2026-06-18 19:21:06,rainbow6,iirazoiirx,I’m stuck to Hibana i love that weapon so much😬,0
2026-06-18 19:21:22,rainbow6,knurdo,I gotta quit betting on teams I want to win and start betting against them,0
2026-06-18 19:21:26,rainbow6,drgn1t3,TODAY WE ARE ALL AN OUTLAST FAN,0
2026-06-18 19:21:29,rainbow6,shawttyybad,[USER] PACKER DOWN I REPEAT PACKER DOWN,0
2026-06-18 19:21:47,rainbow6,icecold,this is gonna be bad both teams are shitt,1
2026-06-18 19:22:21,rainbow6,shawttyybad,this isnt looking good for us icecold,0
2026-06-18 19:22:51,rainbow6,kafleepaflop,SUB TO REBIRTHTAITAN ON YT,0
2026-06-18 19:22:52,rainbow6,curbington,the oold crouch walk on roof in last 30 seconds rotate..classic,0
2026-06-18 19:23:06,rainbow6,jakesgotmilk,stoppable force v moveable object,1
2026-06-18 19:23:09,rainbow6,ziggoshow,"telling you, teams with the most broccoli bros lose more often than not.",1
2026-06-18 19:23:31,rainbow6,shawttyybad,i might cry if for fun doesnt win this,0
2026-06-18 19:23:47,rainbow6,emme011,hi rainbow six chat! Happy day!😍,0
2026-06-18 19:23:57,rainbow6,mattysteez27,[USER] elaborate i do not know if I interpreted this properly,0
2026-06-18 19:24:00,rainbow6,roundr6,Battle of the garbage dumpster lfg,1
2026-06-18 19:24:18,rainbow6,yyum,[USER] that broccoli hair laughing,1
2026-06-18 19:24:32,rainbow6,system5491,damn laughing I thought they were up 0-6,0
2026-06-18 19:24:54,rainbow6,system5491,they couldnt win one round,1
2026-06-18 19:25:08,rainbow6,moobot,"As this broadcast is in English, please converse in English in the chat.",0
2026-06-18 19:25:18,rainbow6,bloocereal,no way outlast win today bruh,1
2026-06-18 19:25:52,rainbow6,sabreman000,Yardy will actually explode if oL wins,0
2026-06-18 19:25:57,rainbow6,bloocereal,[USER] the one time i bet on their game,0
2026-06-18 19:26:15,rainbow6,aoast1,i have $100 on outlast im gonna vomit if they lose,0
2026-06-18 19:26:28,rainbow6,drgn1t3,[USER] The more bad things happening to him the better,1
2026-06-18 19:26:29,rainbow6,mattysteez27,"[USER] that was me last week they choked a 5-1 lead, you never know",0
2026-06-18 19:26:30,rainbow6,sabreman000,[USER] why would you ever bet real money on esports,0
2026-06-18 19:26:32,rainbow6,bloocereal,"ggs rip 40k points, outlast winning",0
2026-06-18 19:26:49,rainbow6,jootsuu,battle of the nobodies right here,1
2026-06-18 19:26:56,rainbow6,northwolf7882,[USER] that’s a lot of money to bet on trevmak,0
2026-06-18 19:27:03,rainbow6,outlastgamingna,boys are having fun finally. Let's go,0
2026-06-18 19:27:04,rainbow6,sabreman000,[USER] yeah its weird cuz his old videos were pretty chill (dont remember much when he was playing with skittlz so cant say much on that),0
2026-06-18 19:27:13,rainbow6,jootsuu,is this match for whose in last place?,1
2026-06-18 19:27:23,rainbow6,jootsuu,both these team are sooo sooo  bad,1
2026-06-18 19:27:55,rainbow6,sabreman000,put packer back with ex c9,0
2026-06-18 19:27:57,rainbow6,sorghn,AHAHAAHAH Hes losing it after 2 rounds,0
2026-06-18 19:27:59,rainbow6,curbington,doesnt look all that fun..,0
2026-06-18 19:28:31,rainbow6,drgn1t3,[USER] Swear he's the second rainbow six Pro Player to get C*E after a certain German former Pro Player,1
2026-06-18 19:28:36,rainbow6,sorghn,This man definitly leaving his ranked matchs,1
2026-06-18 19:28:36,rainbow6,atrocitiezzz,get ready to learn Chinese ice cold,1
2026-06-18 19:28:37,rainbow6,lk34_eu,what’s that attachment skin,0
2026-06-18 19:28:40,rainbow6,humblentryin,and they asked packer to put you on the phone [USER],0
2026-06-18 19:28:42,rainbow6,sharpy2325,Packer has to be chalking his team with all that screaming laughing,0
2026-06-18 19:28:56,rainbow6,roundr6,Mental chalked after 2 rounds? good game go next,0
2026-06-18 19:29:00,rainbow6,itslalor6,"[USER] Packerstar, you ARE a Guangdong Tiger!",0
2026-06-18 19:29:05,rainbow6,icecold,[USER] i got the connections ill Let him know,0
2026-06-18 19:29:23,rainbow6,drgn1t3,[USER] Even Likefac wouldn't crash out that fast lmoa,0
2026-06-18 19:29:23,rainbow6,itslalor6,[USER] shaquille oneal is not a real human laughing,1
2026-06-18 19:29:28,rainbow6,sabreman000,[USER] Cranial Traumatic Encephalopathy?,1
2026-06-18 19:29:30,rainbow6,itslalor6,[USER] bro doesnt know lore,1
2026-06-18 19:29:32,rainbow6,sta1nless_steele,"[USER] no one cares, your voice is annoying",1
2026-06-18 19:29:33,rainbow6,seiryun,[USER] u can add one more person then,0
2026-06-18 19:29:41,rainbow6,ihasmagyk,what did I walk into how did Outlast get 2 attacks,0
2026-06-18 19:29:50,rainbow6,drgn1t3,"[USER] Yes, I don't wanna get chat banned",0
2026-06-18 19:30:01,rainbow6,mattysteez27,[USER] no I don’t bro but I get the reference 😂,0
2026-06-18 19:30:24,rainbow6,spec_r6s,is millbert going to win a GD?,0
2026-06-18 19:30:24,rainbow6,imjors,packer needs to smell the roses,0
2026-06-18 19:30:32,rainbow6,drgn1t3,[USER] Mods can ban you for refencing health terms sometimes,0
2026-06-18 19:30:34,rainbow6,helenkeller67456664,poop vs pooper,1
2026-06-18 19:30:35,rainbow6,jtlhx,aoast shitting bricks rbn,1
2026-06-18 19:30:46,rainbow6,atrocitiezzz,is this really for fun or are we just monke,1
2026-06-18 19:30:49,rainbow6,icecold,"[USER] alloo, i am so good, how are yous",0
2026-06-18 19:30:52,rainbow6,benysnoop,"[USER] yup, they're taking this round laughing",1
2026-06-18 19:31:14,rainbow6,meglicc,why is villa map never in pro league,0
2026-06-18 19:31:32,rainbow6,icecold,[USER] my bed finally came in and i slept so good,0
2026-06-18 19:31:56,rainbow6,sabreman000,[USER] were you just roughing it on the floor?,0
2026-06-18 19:31:57,rainbow6,xxo_anna_xxo,[USER] Ouhh hell yeah ! bet you didn’t wanna leave it,0
2026-06-18 19:32:04,rainbow6,shorl0ck,[USER] Can I sleep with you,0
2026-06-18 19:32:08,rainbow6,neonstasis,[USER] did you shower before sleeping in your new bed,0
2026-06-18 19:32:42,rainbow6,xxo_anna_xxo,I need to change mine not comfy,0
2026-06-18 19:32:56,rainbow6,sorghn,[USER] He vanished as soon as you asked laughing,1
2026-06-18 19:33:13,rainbow6,jootsuu,Nah whoever blitz is gotta retire after that one holy shit,1
2026-06-18 19:33:26,rainbow6,itslalor6,icecold the first human to take up the entire california king sized bed,0
2026-06-18 19:33:38,rainbow6,drgn1t3,We need a 3-3 half or else we are cooked,0
2026-06-18 19:34:21,rainbow6,shorl0ck,Yo ice cold do you wanna q ranked later,0
2026-06-18 19:35:09,rainbow6,curbington,just put milli on ash and everyone else drone for him,1
2026-06-18 19:35:20,rainbow6,aanngggggg,[USER] i guess i rather this than stompn this stompn that,1
2026-06-18 19:35:20,rainbow6,ahoaska,fuck never mind I’m out icecold is hear,1
2026-06-18 19:35:41,rainbow6,sorghn,"Jarvis, destroy the chat",1
2026-06-18 19:36:07,rainbow6,zer04sak3n,Broo why does DZ gotta be last -_-,0
2026-06-18 19:36:13,rainbow6,boriken_warrior,is this game available on PS3? Or do I need to upgrade,0
2026-06-18 19:36:13,rainbow6,ohiodukedennisbahright,joshua if you do one more tag istg,0
2026-06-18 19:36:25,rainbow6,aanngggggg,[USER] doing some voodoo so OL can win hbu,0
2026-06-18 19:36:44,rainbow6,revamp___,mods can we ban icecold thank you very much,0
2026-06-18 19:36:45,rainbow6,pimpyfps,[USER] W support? i think and nothing just being a chud,0
2026-06-18 19:36:51,rainbow6,xxo_anna_xxo,[USER] yes they are really pricy but apparently really worth it,0
2026-06-18 19:37:17,rainbow6,ifrozen,they decided to just run it down,0
2026-06-18 19:37:20,rainbow6,shorl0ck,Guys ice King is growing on me,1
2026-06-18 19:37:26,rainbow6,ohiodukedennisbahright,"[USER] you think if you were on a team with skittlz, oozie, yardy and one of your viewers you could beat outlast",0
2026-06-18 19:37:27,rainbow6,aanngggggg,[USER] LUL is ambi gonna troll today,0
2026-06-18 19:37:35,rainbow6,curbington,holy shit trevmak just sat in kitchen on that,1
2026-06-18 19:37:45,rainbow6,pimpyfps,[USER] prolly already hate watching,1
2026-06-18 19:37:46,rainbow6,rich_r6s,[USER] we have to be on the packer hate,1
2026-06-18 19:37:46,rainbow6,icecold,"[USER] yeah i told yardy the same thing, $10k on the line",0
2026-06-18 19:38:01,rainbow6,icecold,[USER] no i NEED packer to win,0
2026-06-18 19:38:02,rainbow6,lanomatic_xb,[USER] why r u not at the gym,0
2026-06-18 19:38:20,rainbow6,m30ws3r26,I'm getting sleepy from this match,0
2026-06-18 19:38:22,rainbow6,icecold,"[USER] NAL is on, cant miss this",0
2026-06-18 19:38:24,rainbow6,seiryun,[USER] can he grace us with another bank performance,0
2026-06-18 19:38:36,rainbow6,pimpyfps,[USER] not a shot it was a life game,0
2026-06-18 19:38:39,rainbow6,nitinpasbola,Lets go Packer..Destroy this Outlast..,0
2026-06-18 19:38:40,rainbow6,noice1james_,Jesse needs to calm down with these location calls laughing,0
2026-06-18 19:38:52,rainbow6,icecold,[USER] yeah thats not real laughing beeno never dropping more than 7,0
2026-06-18 19:38:57,rainbow6,curbington,imagine being in T1 and not being good enough to complete a dtrat you come up with,1
2026-06-18 19:38:57,rainbow6,hykido,[USER] furia is leading right now on overpass 3-2,0
2026-06-18 19:39:29,rainbow6,icecold,[USER] i have them this and that on both screens lmfao,0
2026-06-18 19:40:19,rainbow6,noice1james_,They know they have 3 minutes right?,0
2026-06-18 19:40:21,rainbow6,switchleafe,Okay I like these team names. Really fun,0
2026-06-18 19:40:22,rainbow6,curbington,how is trevmak always in a corner dying when his team is pushing,1
2026-06-18 19:40:23,rainbow6,itslalor6,[USER] his ass going live on kick #true,1
2026-06-18 19:40:26,rainbow6,jayro3434,3 shields and still lose 😭,1
2026-06-18 19:40:28,rainbow6,moonlightingjake,Their CEO has gotta be regretting that tweet,1
2026-06-18 19:40:29,rainbow6,chicken_strong,[USER] I knew I smelled something,0
2026-06-18 19:40:39,rainbow6,doofyr6,anybody who watches yardy hasnt developed a frontal lobe,0
2026-06-18 19:40:39,rainbow6,seiryun,[USER] u gotta call the boys 😭😭,0
2026-06-18 19:40:58,rainbow6,icecold,[USER] cantwait for tmrw video,0
2026-06-18 19:41:09,rainbow6,chicken_strong,[USER] bro is talking about himself,0
2026-06-18 19:41:09,rainbow6,mezimb,garbage vs trash,1
2026-06-18 19:41:25,rainbow6,itslalor6,[USER] its gonna have to be an alemao love watch after the 3 B's game,0
2026-06-18 19:42:02,rainbow6,mostlikelymatty,i'm rooting for the winner,0
2026-06-18 19:42:09,rainbow6,prtzalz,[USER] ppl js fall for his ragebait its hilarious,0
2026-06-18 19:42:12,rainbow6,mattysteez27,[USER] what’s your stack called then?,0
2026-06-18 19:42:28,rainbow6,rororobest,jst came back and holy how did outlast go from first round win to losing by 2 rounds,0
2026-06-18 19:43:46,rainbow6,shieldwolf98,"yardy got dropped from pro league 3 times laughing, hes just a washed rage baiter, who hates the GOAT [USER] . He cant handle icecolds awesomeness.",1
2026-06-18 19:43:54,rainbow6,drgn1t3,"[USER] You better start remembering that or else SUVs will appear in your front yard for no reason, remember Supreme Leader Alemao is listening",0
2026-06-18 19:44:05,rainbow6,icecold,[USER] im not gonna lie this is something i would say and thats not a good thing,0
2026-06-18 19:45:02,rainbow6,itslalor6,thats the president right there,0
2026-06-18 19:45:07,rainbow6,dylabolic,i mean what can you do when MikeW is floating G,1
2026-06-18 19:45:07,rainbow6,curbington,thats a zero respect peek,1
2026-06-18 19:45:15,rainbow6,shieldwolf98,"[USER] True Jamal, its always a delight to watch you on skittlz videos. Apologies for how toxic yardy is. I cant believe, someone who is so good as you has to deal with this A PISSANT.",0
2026-06-18 19:45:28,rainbow6,felixicuss,[USER] i have -10k they put me in the cobalt mines,0
2026-06-18 19:45:42,rainbow6,itslalor6,[USER] thats the benefits of knowing the streets of chengdu,0
2026-06-18 19:45:50,rainbow6,rororobest,no doubt about it for fun is gonna win,0
2026-06-18 18:40:35,rainbow6,anshiyo,[USER] I don’t play much so the 2k bp points are the best I’ve seen so far,0
2026-06-18 18:40:38,rainbow6,flamebomb790,team five fingers must have taken some notes from 100T on man advantages,0
2026-06-18 18:41:05,rainbow6,sabreman000,yeah FF is a bad defense team but they seemed to forget the static they mentioned where SSG has a 28% WIN RATE ON ATTACK,1
2026-06-18 18:41:35,rainbow6,tnm_chaos,How we feel about five frauds?,1
2026-06-18 18:41:36,rainbow6,system5491,if I played ssg I would have the same score as Gity,0
2026-06-18 18:41:41,rainbow6,seiryun,I wanna play siege so badd,0
2026-06-18 18:41:49,rainbow6,everynameitriedwastaken,WHAT BRAND BATTERY DOES THAT MAN USE,0
2026-06-18 18:41:55,rainbow6,aanngggggg,[USER] can u not play right now,0
2026-06-18 18:42:06,rainbow6,nareljoker,[USER] but you are watching..,0
2026-06-18 18:42:11,rainbow6,78peopledrowned,DREAM PLEASE STOP GLISTENING SO ELEGANTLY 🥵,0
2026-06-18 18:42:13,rainbow6,wraithling_,"What about just ""Orange gas"" Parker??",0
2026-06-18 18:42:22,rainbow6,phlsh_,[USER] luckily for you--you can play siege mobile,0
2026-06-18 18:42:22,rainbow6,mattysteez27,[USER] shoulda brought the setup pal,0
2026-06-18 18:42:24,rainbow6,davysteenhuis2006,[USER] ahh yea that dont work,0
2026-06-18 18:42:29,rainbow6,yvngxbenzz,dream on a shield? oh really?,0
2026-06-18 18:42:46,rainbow6,flamebomb790,roaming as mute and flanking alright,0
2026-06-18 18:43:09,rainbow6,julien6x6,Why hé didn't full protect the bomb,0
2026-06-18 18:43:19,rainbow6,praiseyevon,Forrest is soo bad,1
2026-06-18 18:43:23,rainbow6,arcticman987,[USER] OMG CAN I GET A HI,0
2026-06-18 18:43:23,rainbow6,seiryun,[USER] yeah frs rookie mistake,0
2026-06-18 18:43:25,rainbow6,graflovespeep,SSG Attack vs FF Defense: Coughing Baby vs. Coughing Baby,0
2026-06-18 18:43:29,rainbow6,drgn1t3,"Dream 4/4/4, is he Shaiiko?",0
2026-06-18 18:43:32,rainbow6,5hadybrady,[USER] boo you're goin down!,0
2026-06-18 18:43:36,rainbow6,davysteenhuis2006,[USER] how does that work 😂😂,0
2026-06-18 18:43:36,rainbow6,julien6x6,Why hé didn't full protect the place,0
2026-06-18 18:43:41,rainbow6,78peopledrowned,[USER] thoughts on dream’s sexiness?,0
2026-06-18 18:43:57,rainbow6,davitron123,what the skib is going on with ff,0
2026-06-18 18:43:57,rainbow6,spacestation,[USER] I have to swap tabs when his camera is shown,0
2026-06-18 18:43:58,rainbow6,aanngggggg,[USER] atp i don’t even know,0
2026-06-18 18:44:16,rainbow6,yvngxbenzz,[USER] I would tell you but I'd get banned,0
2026-06-18 18:44:20,rainbow6,julien6x6,Why he not protect completly a zone,0
2026-06-18 18:44:36,rainbow6,aanngggggg,gity doesn’t need any kills laughing,0
2026-06-18 18:44:37,rainbow6,hatsuneshio,"Oh look, its ""trash vs. garbage""",1
2026-06-18 18:44:46,rainbow6,jaaaboooiii,five fears selling my points,0
2026-06-18 18:44:47,rainbow6,abruoylsa,bs like this can only happen when i bet on someone,0
2026-06-18 18:44:53,rainbow6,hastethedavid444,I'm kinda surprised NA is so early in the day,0
2026-06-18 18:44:59,rainbow6,arcticman987,[USER] Bro im currently silver 3 in rocket league can i try out for SSG i promise ill try my best to get into RLCS,0
2026-06-18 18:45:01,rainbow6,hastethedavid444,Figured this would be later afternoon,0
2026-06-18 18:45:04,rainbow6,northwolf7882,[USER] PLEASE GIVE DREAM MORE MONEY HE EARNED TS,0
2026-06-18 18:45:04,rainbow6,seiryun,[USER] ru getting a pay raise if SSG wins,0
2026-06-18 18:45:10,rainbow6,dirtykknives,[USER] where’s your pro league gameplay gang😭,0
2026-06-18 18:45:26,rainbow6,chriscab007,what map is being played right now,0
2026-06-18 18:45:29,rainbow6,julien6x6,Why he didn't protect a zone,0
2026-06-18 18:45:31,rainbow6,sabreman000,I hate this because I love both of these teams,1
2026-06-18 18:45:41,rainbow6,s1l3ntbutch3r,snake looking like dahmer but with a beard,0
2026-06-18 18:45:44,rainbow6,m30ws3r26,My ahh was clenching hard,0
2026-06-18 18:45:51,rainbow6,yvngxbenzz,this is torture bc I like both reams,0
2026-06-18 18:46:01,rainbow6,imteagxn,New to siege someone pls tell me who i should be watching😭😭,0
2026-06-18 18:46:07,rainbow6,yvngxbenzz,how many maps do they play?,0
2026-06-18 18:46:09,rainbow6,felixicuss,[USER] reams of what? paper?,0
2026-06-18 18:46:10,rainbow6,arcticman987,[USER] ive lowkey been following longer then ssg,0
2026-06-18 18:46:11,rainbow6,freddyyyy___,Still room for a comeback who knows,0
2026-06-18 18:46:26,rainbow6,5hadybrady,"in the best of one's how does the map picks work, do they just each ban or do point leaders pick map",0
2026-06-18 18:46:29,rainbow6,inside_force12,[USER] No. It is best of one.,0
2026-06-18 18:46:31,rainbow6,lkrew005,[USER] what region are you from,0
2026-06-18 18:46:35,rainbow6,yvngxbenzz,[USER] what the fuck are you talking about,0
2026-06-18 18:46:39,rainbow6,seiryun,[USER] watch every stream GoldPLZ,0
2026-06-18 18:46:41,rainbow6,photxn,FootBall FootBall FootBall,0
2026-06-18 18:46:47,rainbow6,bedheadred26,"snake on solis, he boutta go crazy",0
2026-06-18 18:46:50,rainbow6,imteagxn,[USER] ive been somewhat of a fan for g2 i just didnt know they had a siege team,0
2026-06-18 18:47:05,rainbow6,yvngxbenzz,is that aidentax? laughing,0
2026-06-18 18:47:08,rainbow6,everhitt,wtf could he have thought of,0
2026-06-18 18:47:12,rainbow6,aanngggggg,[USER] i like ur username,0
2026-06-18 18:47:14,rainbow6,flamebomb790,Parkers alarm bells just rang laughing,0
2026-06-18 18:47:19,rainbow6,smallvenom,what tweet was so fucking baf,0
2026-06-18 18:47:27,rainbow6,lamarckzz,Rival is man of the match,0
2026-06-18 18:47:32,rainbow6,aanngggggg,[USER] don’t leave me out,0
2026-06-18 18:47:34,rainbow6,antgxd,dream doesnt play mc anymore?,0
2026-06-18 18:47:42,rainbow6,bedheadred26,[USER] aidentax and raidbully,0
2026-06-18 18:47:50,rainbow6,sirswingalotx2,SSG! SSG! SSG! SSG! SSG! SSG! SSG! SSG!,0
2026-06-18 18:47:51,rainbow6,smallvenom,[USER] not the same dream,0
2026-06-18 18:47:51,rainbow6,fox_tbh,"[USER] that's awesome, their siege team has really great aggressive players",0
2026-06-18 18:47:53,rainbow6,epikbacon_,[USER] moved to siege after the cheating scandal,1
2026-06-18 18:47:59,rainbow6,goyoyo,[USER] Look at JJ's twitter bro,0
2026-06-18 18:48:11,rainbow6,goyoyo,When you see it you'll know,0
2026-06-18 18:48:15,rainbow6,maium_,[USER] Nah he stopped speedrunning to focus on rainbow six,0
2026-06-18 18:48:30,rainbow6,unscrewer_xbl,interros reaction made me curious so i looked and he said he’s sinking in the c um,0
2026-06-18 18:48:37,rainbow6,arcticman987,[USER] im such a big fan and i wishh i had a pc uhh cuz i just love to watch yall in RLCS and Arsenal is soo tuff broo,0
2026-06-18 18:48:38,rainbow6,xxo_anna_xxo,[USER] then you wonder why,0
2026-06-18 18:48:43,rainbow6,aanngggggg,[USER] shaking my head now i’m not gonna whisper you,0
2026-06-18 18:48:47,rainbow6,sorghn,Isnt flashing people illegal??,0
2026-06-18 18:48:47,rainbow6,julien6x6,Why he not protect the zone,0
2026-06-18 18:48:54,rainbow6,epikbacon_,we need a rival v rival stat comparison,0
2026-06-18 18:48:54,rainbow6,antgxd,[USER] yeah it is ur stupid,1
2026-06-18 18:49:06,rainbow6,epikbacon_,and how often they kill eachother,0
2026-06-18 18:49:08,rainbow6,ineedarx7,[USER] i looked at his page and LMAOO,0
2026-06-18 18:49:11,rainbow6,supthegoat2,what is the kill matrix on rival vs rival,0
2026-06-18 18:49:19,rainbow6,mattysteez27,fml I’m done gambling on these stupid games,1
2026-06-18 18:49:20,rainbow6,spacestation,IMMA BE RICH OFF FIVE FEARS,0
2026-06-18 18:49:21,rainbow6,xxo_anna_xxo,[USER] you’re doing it to yourself,0
2026-06-18 18:49:22,rainbow6,exoduster,vamos ssg PowerUpL VoteYea PowerUpR,0
2026-06-18 18:49:22,rainbow6,itchyygo,do you guys think JJ is sinking,0
2026-06-18 18:49:28,rainbow6,torebb,They had a cam on the deimos WTF,0
2026-06-18 18:49:30,rainbow6,emptynessa,FIVE FRAUDS,1
2026-06-18 18:49:33,rainbow6,bad13luckk13,rivval v rival in 1v1 for the username,0
2026-06-18 18:49:34,rainbow6,yvngxbenzz,GUYS LETS RE-CELEBRATE IM BACK,0
2026-06-18 18:49:36,rainbow6,supthegoat2,i need to see the extent of the rivalry of rival vs rival and how deep the rivalry of rival vs rival is rivaling,0
2026-06-18 18:49:45,rainbow6,sneensbeans,raid is the best player ever,0
2026-06-18 18:49:47,rainbow6,slitsxfl,[USER] not gonna lie this is the first time in years i'm actually wanting SSG to win,0
2026-06-18 18:50:04,rainbow6,s1l3ntbutch3r,ff lovers are sinking right now,0
2026-06-18 18:50:05,rainbow6,drgn1t3,The fall off from team five fingers needs to be studied as much as that of Secret,0
2026-06-18 18:50:12,rainbow6,arcticman987,I wishh i had a pcc uhh [USER] cough cough,0
2026-06-18 18:50:12,rainbow6,yvngxbenzz,i've never heard bro scream before laughing,0
2026-06-18 18:50:18,rainbow6,iznogoud02,Im gonna lose 10k points..,0
2026-06-18 18:50:20,rainbow6,hatsuneshio,Sub 3 Gity thinking hes tuff laughing,0
2026-06-18 18:50:33,rainbow6,ballsdeep_ttv,Still surprised spectators dont have gun lines like they do in CS,0
2026-06-18 18:50:34,rainbow6,aanngggggg,[USER] laughing is it cuz of jj,0
2026-06-18 18:50:39,rainbow6,mattysteez27,does forest even want it anymore..,0
2026-06-18 18:50:41,rainbow6,bloocereal,"forrest u suck laughing, nothing without iconic",1
2026-06-18 18:50:41,rainbow6,itzbl4ze_,raid had enough of yardys trash talk,1
2026-06-18 18:50:43,rainbow6,morganst4f,"[USER] Nothing to study on Secret, 2 players from last year roster left",0
2026-06-18 18:50:52,rainbow6,mhmusink,[USER] bro your always here,0
2026-06-18 18:51:06,rainbow6,whattttr,Forrest went to SI and did fuck all😭😭,0
2026-06-18 18:51:10,rainbow6,spamzzr6s,laughing Forrest got grouped at SI talking bout sum i remember when I went to SI,0
2026-06-18 18:51:11,rainbow6,a7exzkk,"[USER] Nah, team five fingers just fluked during kick-off while all the teams were chilling after SI, now we see their real level",0
2026-06-18 18:51:11,rainbow6,sleepydavy1,i shouldn’t have doubted ssg,0
2026-06-18 18:51:18,rainbow6,cfour_trahala,[USER] Aanngg is a paid twitch chat extra,0
2026-06-18 18:51:24,rainbow6,mhmusink,how much time do you have holy,0
2026-06-18 18:51:25,rainbow6,davysteenhuis2006,[USER] ahh why not wisper me by the way what does shaking my head mean?,0
2026-06-18 18:51:25,rainbow6,hatsuneshio,Gity looks like if a man and a woman had a child,0
2026-06-18 18:51:40,rainbow6,tnm_chaos,Five frauds fumbling nal,1
2026-06-18 18:51:42,rainbow6,szabiley,ff is chopped if they got rocked by ssg they won’t even make top 6,0
2026-06-18 18:51:43,rainbow6,aanngggggg,[USER] sorry shake my head,0
2026-06-18 18:51:44,rainbow6,imteagxn,what are in the esports packs?,0
2026-06-18 18:51:47,rainbow6,charlie_01386,successful Forrest hatewatch,0
2026-06-18 18:51:50,rainbow6,bedheadred26,[USER] wait i kinda see it,0
2026-06-18 18:52:01,rainbow6,sorghn,good game well played ima taking a sh,0
2026-06-18 18:52:06,rainbow6,5hadybrady,I'm paid to chat to myself,0
2026-06-18 18:52:13,rainbow6,itchyygo,forgot aiden and raid could actually play well,0
2026-06-18 18:52:34,rainbow6,davysteenhuis2006,[USER] tnx have seen it alot on the internet but i never knew what it meant,0
2026-06-18 18:52:36,rainbow6,ribeyee_,broo the stream lags dream weighs too much,0
2026-06-18 18:52:42,rainbow6,s1l3ntbutch3r,I only get battle pass points and charms in my packs </3,0
2026-06-18 18:52:52,rainbow6,yvngxbenzz,yo L fucking mods not checking modded messages,0
2026-06-18 18:53:00,rainbow6,demon1zedtv,bruh allem point to f5 n they getting cooked right now ripp,0
2026-06-18 18:53:04,rainbow6,cfa248,Live the beegees reference from interro,0
2026-06-18 18:53:34,rainbow6,yvngxbenzz,why is dream actually goated with shield?,0
2026-06-18 18:53:36,rainbow6,s1l3ntbutch3r,"charms and charms duplicates, fuck me :(",0
2026-06-18 18:53:49,rainbow6,sabreman000,spectators pulling up chat is a HUGE w,0
2026-06-18 18:53:49,rainbow6,m30ws3r26,Shake it off SSG!! Lock in!!,0
2026-06-18 18:53:52,rainbow6,lamarckzz,who just typed in all chat? I missed that one,0
2026-06-18 18:53:56,rainbow6,praiseyevon,[USER] Dream always been a dangerous shield,0
2026-06-18 18:54:24,rainbow6,graflovespeep,"Right about now, it's time to rock with the biggity Buck Bumble Bump to the bump to the bump to the bass bump to the bump to the Bumble",0
2026-06-18 18:54:28,rainbow6,sandy_one,NeedHeal PlayerTwo GiveHeal,0
2026-06-18 18:55:13,rainbow6,praiseyevon,Forrest forever being carried,0
2026-06-18 18:55:19,rainbow6,aanngggggg,[USER] this is why i don’t like u,0
2026-06-18 18:55:21,rainbow6,nightmare21x,[USER] Does eating myself count,0
2026-06-18 18:55:31,rainbow6,yvngxbenzz,[USER] yo holy shit my stuff gets modded but not yours??,1
2026-06-18 18:55:36,rainbow6,bigb_46,I lost 5k channel points 🔥,0
2026-06-18 18:55:39,rainbow6,drgn1t3,[USER] Said he went to SI while Raid stayed home after being called out for going 1-12 during their last meeting during Kickoff,0
2026-06-18 18:55:49,rainbow6,5hadybrady,"Raid is currently in the forest, having a dream about his rival, when a snake approached him",0
2026-06-18 18:55:51,rainbow6,mrethanb,good game easy free points,0
2026-06-18 18:56:01,rainbow6,yvngxbenzz,GGSS AIDEN STARTED SHAKING HIS HOUSE OMFG,0
2026-06-18 18:56:03,rainbow6,bedheadred26,IMA NEED A HUG AFTER THAT BS,0
2026-06-18 18:56:10,rainbow6,emptynessa,FIVE FRAUDS,1
2026-06-18 18:56:10,rainbow6,aluvharp,Wait they could still protest and get a free Win,0
2026-06-18 18:56:10,rainbow6,estoniantoast,damn five fears sold my points wtf,0
2026-06-18 18:56:11,rainbow6,seiryun,[USER] hold me I’m scared,0
2026-06-18 18:56:12,rainbow6,blessedinred,F5 frauds??,1
2026-06-18 18:56:13,rainbow6,bloocereal,five frauds,1
2026-06-18 18:56:17,rainbow6,sorghn,[USER] I can come at your place send mp,0
2026-06-18 18:56:18,rainbow6,slitsxfl,[USER] read this so wrong 😭😭,0
2026-06-18 18:56:25,rainbow6,xxo_anna_xxo,[USER] told you they would win,0
2026-06-18 18:56:25,rainbow6,drgn1t3,FORREST 1-10 LMAOO BRO IS DOING CARDIO THE ENTIRE MATCH,0
2026-06-18 18:56:34,rainbow6,ariyo1986,Just stupid team they see laser spot but don't care,1
2026-06-18 18:56:35,rainbow6,dirtykknives,thanks for my 4k points FF fans🥳,0
2026-06-18 18:56:36,rainbow6,aanngggggg,[USER] no we gotta hold each other bc what did i read in that,0
2026-06-18 18:56:41,rainbow6,morganst4f,Gity looks like Ben Shapiro or what's that guy's name,0
2026-06-18 18:56:41,rainbow6,diedlntokyo,Bro whoever didn't vote for SSG are copers,0
2026-06-18 18:56:43,rainbow6,supthegoat2,what was aiden about to scream at the top of his lungs,0
2026-06-18 18:56:47,rainbow6,unscrewer_xbl,ok time for everyone to vote for outlast so i can get more out of putting 100% of my points on for fun,0
2026-06-18 18:56:48,rainbow6,s1l3ntbutch3r,dream jumpscare just took the whole frame bro wtf,0
2026-06-18 18:56:55,rainbow6,xxo_anna_xxo,way no in list fat,1
2026-06-18 18:56:57,rainbow6,mattysteez27,time to go all in on outlast cause fawk it,0
2026-06-18 18:57:11,rainbow6,xgodithx,"Dang team five fingers really fell off, good on daddy Dream for whipping his boys to shape",0
2026-06-18 18:57:12,rainbow6,sabreman000,[USER] camera is close to him,0
2026-06-18 18:57:21,rainbow6,aanngggggg,[USER] put your soul on it too,0
2026-06-18 18:57:26,rainbow6,slitsxfl,"[USER] idek bro i just took a quick glance at it and said ""oh""",0
2026-06-18 18:57:35,rainbow6,praiseyevon,FF really gotta work on that defense,0
2026-06-18 18:57:52,rainbow6,ryk_dy_cz,"I just came here, how has ssg won?",0
2026-06-18 18:57:55,rainbow6,5hadybrady,DinoDance DinoDance DinoDance,0
2026-06-18 18:57:55,rainbow6,mattysteez27,[USER] I’m FKN PISSED bruv,0
2026-06-18 18:58:03,rainbow6,m30ws3r26,"[USER] I believed in SSG, LFG KEEP IT ROLLING!!",0
2026-06-18 18:58:06,rainbow6,sabreman000,if it isn’t a dream interview I will punch my wall,0
2026-06-18 18:58:07,rainbow6,derjungeohneplan_xd,[USER] It stands on the display who won.,0
2026-06-18 18:58:11,rainbow6,z69chipmunkz,Free points baby let's go,0
2026-06-18 18:58:12,rainbow6,yvngxbenzz,DREAM IS SO SEXY LETS GOO,0
2026-06-18 18:58:24,rainbow6,s1l3ntbutch3r,"for fun and outlast, guess ican skip that and shower",0
2026-06-18 18:58:29,rainbow6,coffeebean90210,[USER] people cannot read anymore,0
2026-06-18 18:58:35,rainbow6,aanngggggg,"[USER] therapy time, tell me why",0
2026-06-18 18:58:38,rainbow6,knurdo,"Five Frauds, come on guys. What are we doing? Plenty of great cooks in the kitchen, like there's no chef though.",1
2026-06-18 18:58:40,rainbow6,nitinpasbola,Lets see Fett and Dripbooling Reaction ..XD,0
2026-06-18 18:59:16,rainbow6,bloocereal,forrest and jj suck,1
2026-06-18 18:59:19,rainbow6,5hadybrady,"Raidbullys was in a forest having a dream about his rival, when a snake bit him",0
2026-06-18 18:59:20,rainbow6,abruoylsa,i lost 3/4 of all my points thanks to five frauds gdammit,1
2026-06-18 18:59:23,rainbow6,max_esc0,anyone doubting Aiden getting beat,0
2026-06-18 18:59:33,rainbow6,4thshotenjoyer,"hey guys, first time watching rainbow six esports, can you pause the stream? I wanna catch up on previous matches. thanks ^_^",0
2026-06-18 18:59:34,rainbow6,spot654,that Ssg win finally pushed my points over 200k,0
2026-06-18 18:59:42,rainbow6,sabreman000,[USER] no it was team five fingers,0
2026-06-18 18:59:44,rainbow6,aanngggggg,"[USER] since this is ur first messge, yes",0
2026-06-18 18:59:44,rainbow6,sorghn,[USER] I mean hes counting for 2,0
2026-06-18 18:59:54,rainbow6,m30ws3r26,FF fans how you doing so far?,0
2026-06-18 18:59:58,rainbow6,davysteenhuis2006,[USER] 😂😂 bro never saw me i chat this whole 1.30 hours,0
2026-06-18 19:00:10,rainbow6,aanngggggg,[USER] is that why jj was celebrating,0
2026-06-18 19:00:15,rainbow6,nitinpasbola,next is For Fun vs Outlast--boring Match,0
2026-06-18 19:00:16,rainbow6,5hadybrady,DinoDance DinoDance DinoDance,0
2026-06-18 19:00:22,rainbow6,davysteenhuis2006,Yo guys i am blind who won ?,0
2026-06-18 19:00:35,rainbow6,hydro1a,prediction for next game ?,0
2026-06-18 19:00:38,rainbow6,derjungeohneplan_xd,[USER] Yeah cause im here for gameplay not to see you,0
2026-06-18 19:00:54,rainbow6,sorghn,Which outlast is playing?,0
2026-06-18 19:00:54,rainbow6,anth0nyg7,loads of channel points from SSG holly,0
2026-06-18 19:00:55,rainbow6,davysteenhuis2006,[USER] ahw man i wish tho,0
2026-06-18 19:00:57,rainbow6,elaveragito,[USER] prove it send me some money,0
2026-06-18 19:01:03,rainbow6,lk34_eu,don’t know these teams well enough,0
2026-06-18 19:01:07,rainbow6,mattysteez27,everybody larping as hellen Keller ig,0
2026-06-18 19:01:08,rainbow6,seiryun,not betting next match either I’m a brokie PunOko,0
2026-06-18 19:01:11,rainbow6,bluuzumaki,Who who the 100T vs SR match,0
2026-06-18 19:01:17,rainbow6,drgn1t3,[USER] Only for you mate we all are cheering for the ultimate underdog in Outlast,0
2026-06-18 19:01:19,rainbow6,chriisclaps,space station all the way,0
2026-06-18 19:01:21,rainbow6,yaboidave_,agod damn phone predictive text I meant to say ssg,0
2026-06-18 19:01:21,rainbow6,m30ws3r26,You know what I'll place some points on Outlast.. just for Fun,0
2026-06-18 19:01:23,rainbow6,abruoylsa,[USER] for fun beat ssg a few days ago,0
2026-06-18 19:01:25,rainbow6,davysteenhuis2006,[USER] nah you havent played yet u would win 100%,0
2026-06-18 19:01:37,rainbow6,dqnjer,[USER] a bunch of idiots thats all,1
2026-06-18 19:01:42,rainbow6,kristoffer_david,[USER] ment to reply to the message above u laughing,0
2026-06-18 19:01:53,rainbow6,solheadz,Yall tell me your rank in siege i wanna know!,0
2026-06-18 19:02:00,rainbow6,fox_tbh,"[USER] as funny as a 100T upset would be, SR are going to dogwalk them",0
2026-06-18 19:02:05,rainbow6,aanngggggg,[USER] did mingo win yesterday,0
2026-06-18 19:02:05,rainbow6,nitinpasbola,Lets go SR destroy them all..,0
2026-06-18 19:02:19,rainbow6,sorghn,[USER] Its not SR yet laughing,0
2026-06-18 19:02:28,rainbow6,bluuzumaki,[USER] they haven’t played yet?,0
2026-06-18 19:02:30,rainbow6,cherteng1,Think Kyle was the ssg curse laughing,0
2026-06-18 19:02:31,rainbow6,mattysteez27,[USER] you guess? you know it shorty turn me tf up,0
2026-06-18 19:02:35,rainbow6,5hadybrady,[USER] it went all 5 maps but yeah,0
2026-06-18 19:02:43,rainbow6,shawttyybad,so space station beat five fears?,0
2026-06-18 19:02:46,rainbow6,abruoylsa,im poor very im going for the ratio atp,0
2026-06-18 19:02:47,rainbow6,fox_tbh,"[USER] nah, it's after this upcoming game iirc",0
2026-06-18 19:03:01,rainbow6,cherteng1,Ssg all 3 points so they're up 5 points,0
2026-06-18 19:03:02,rainbow6,aanngggggg,[USER] okay i fell asleep woke up to it saying chill ranked. when i fell asleep they were all arguing laughing,0
2026-06-18 19:03:20,rainbow6,aanngggggg,[USER] gotta go for the fade laughing,0
2026-06-18 19:03:25,rainbow6,iznogoud02,WE YES WE will be cheering for Outlast,0
2026-06-18 19:03:31,rainbow6,itslalor6,its going nighthaven labs yeah outlast might be cooked not gonna lie,0
2026-06-18 19:03:33,rainbow6,nitinpasbola,[USER] I saw in rainbow six esport site bro hahaha,0
2026-06-18 19:03:34,rainbow6,sabreman000,sr 100t gonna be hard for me because I love uncnadian but I also love uncandold,0
2026-06-18 19:03:39,rainbow6,seiryun,ok 100 points on ol for u [USER],0
2026-06-18 19:03:46,rainbow6,sorghn,[USER] You didn't dm me : (,0
2026-06-18 19:04:05,rainbow6,mattysteez27,[USER] wait what you tryna catch a fade¿,0
2026-06-18 19:04:15,rainbow6,moonlightingjake,I can’t believe SSG beat FF. Dream is goated.,0
2026-06-18 19:04:36,rainbow6,sabreman000,[USER] battle of the uncs,0
2026-06-18 19:04:37,rainbow6,lkil4fun,[USER] L cheater,1
2026-06-18 19:04:37,rainbow6,yvngxbenzz,who tf is for fun laughing,0
2026-06-18 19:04:37,rainbow6,iznogoud02,What the hell is a mooda?,0
2026-06-18 19:04:38,rainbow6,abruoylsa,"[USER] i can’t either,i lost almost all my s",0
2026-06-18 19:04:38,rainbow6,cfour_trahala,[USER] None. Reading rainbow is coming on.,0
2026-06-18 19:04:49,rainbow6,yvngxbenzz,might deadass be for fun playing outlast laughing,0
2026-06-18 19:05:10,rainbow6,iznogoud02,"[USER] ForFun, but i will be cheering for Outlast",0
2026-06-18 19:05:12,rainbow6,sorghn,Im sure the One Piece is just finally finding peace and happiness,0
2026-06-18 19:05:16,rainbow6,5hadybrady,SeriousSloth Squid2 Squid4,0
2026-06-18 19:05:23,rainbow6,drgn1t3,Someone definitely got some sleep,0
2026-06-18 19:05:33,rainbow6,itslalor6,they gotta stop letting aiden on interviews hes getting fined every time,0
2026-06-18 19:05:54,rainbow6,brocazaria,did he get media training from the nhl? got those two points? haha,0
2026-06-18 19:06:04,rainbow6,davysteenhuis2006,Are there any other dutch players is rainbow six esports besides freq,0
2026-06-18 19:06:06,rainbow6,hastethedavid444,MY EARS WutFace WutFace WutFace,0
2026-06-18 19:06:21,rainbow6,cherteng1,More like mitch carried lok,0
2026-06-18 19:06:31,rainbow6,moonlightingjake,The number one champ here,0
2026-06-18 19:06:47,rainbow6,m30ws3r26,Aidentax took Five Frauds to IRS for their taxes.. hahahaha jk FF fans,1
2026-06-18 19:07:13,rainbow6,davysteenhuis2006,[USER] oh what didnt even know ty,0
2026-06-18 19:07:18,rainbow6,juustomieshunningolla,"siege has the most unique sounds in videogame history, its a fucking mystery to everyone where the sounds are coming from",0
2026-06-18 19:07:35,rainbow6,sorghn,[USER] Fake canibal :(,1
2026-06-18 19:08:10,rainbow6,drgn1t3,[USER] Casually forgetting a Major Grand Final MVP..,0
2026-06-18 19:08:19,rainbow6,davysteenhuis2006,[USER] bruhv i dont want a 80 year old dude comming to my house u need to drive a lot to even get to me i think,0
2026-06-18 19:08:28,rainbow6,abruoylsa,"ofc ts happens when i bet against the,",0
2026-06-18 19:09:09,rainbow6,barrooo,the tactical challenges are pretty fun actually and allows you to win a nice attendee skin :),0
2026-06-18 19:09:45,rainbow6,drgn1t3,WOAH IS THAT A SINGLE DIGIT KOST,0
2026-06-18 19:09:46,rainbow6,barrooo,look up tactical challenges for siege,0
2026-06-18 19:09:47,rainbow6,jamesdbi2,how can I get one tactical challenge,0
2026-06-18 19:10:01,rainbow6,bluuzumaki,it’s the ice man now Hes cold [USER],0
2026-06-18 19:10:08,rainbow6,mattysteez27,[USER] Joshua you ready for the best team nal?,0
2026-06-18 19:10:18,rainbow6,itslalor6,[USER] ryan told me he hates having you come over (true) (not lying),1
2026-06-18 19:10:23,rainbow6,mystfades,oh great i tuned in for the trash vs garbage match,1
2026-06-18 19:10:28,rainbow6,dawnkehteef,they both gonna lose,1
2026-06-18 19:10:35,rainbow6,barrooo,you need to choose actions and see if your choice was the right one based on plays from like maciejay and fastanne! super fun and kinda hard,0
2025-07-28T16:28:53.37273+00:00,CSGO,Jaziero,CARALHO,1
2025-07-28T16:28:58.356893+00:00,CSGO,buruusu,MONESY AND NIKO USELESS,1
2025-07-28T16:28:59.282003+00:00,CSGO,ous1a makihika,Caralho,1
2025-07-28T16:29:33.397802+00:00,CSGO,Jaziero,Pimps polo is way too small,1
2025-07-28T16:29:42.995548+00:00,CSGO,Peashooterlol Not,kyo-cukablyat,1
2025-07-28T16:30:22.382487+00:00,CSGO,Michael Politakis,i hope falcons lose this and disband from shame,1
2025-07-28T16:30:47.379637+00:00,CSGO,ALmusic,You sound stupid with that accent,1
2025-07-28T16:30:48.553926+00:00,CSGO,Hai Dang Anhh,bitch,1
2025-07-28T16:30:49.029204+00:00,CSGO,Michael Politakis,i hope falcons lose this and disband from shame,1
2025-07-28T16:30:54.340479+00:00,CSGO,Matt Bentley,@cezary went hiking with his friend and they 69’d,1
2025-07-28T16:30:54.483551+00:00,CSGO,bruh,falcon go fuck yourself,1
2025-07-28T16:31:07.658226+00:00,CSGO,Michael Politakis,i hope falcons lose this and die from shame fuck you,1
2025-07-28T16:31:26.130663+00:00,CSGO,Enkhee YT,Fuck you falcons,1
2025-07-28T16:31:51.227655+00:00,CSGO,davvg,"what fuck is wrong with falcon, are they dumb or something",1
2025-07-28T16:32:10.035302+00:00,CSGO,y,"Monesy bad player, you should die in shame",1
2025-07-28T16:32:15.736411+00:00,CSGO,OG,go fuck yourself,1
2025-07-28T16:32:28.745218+00:00,CSGO,Umair,are you from Pakistan? that poor trash country,1
2025-07-28T16:32:29.156703+00:00,CSGO,SakayuX,losers eliminated or not yet? ,1
2025-07-28T16:32:32.621028+00:00,CSGO,John,falcons lossing this mark my word. they're fucking losers,1
2025-07-28T16:32:58.38427+00:00,CSGO,The Playful Jarl,"falcons are loser, and loser goes home",1
2025-07-28T16:33:07.106456+00:00,CSGO,Michael Politakis,i hope falcons lose this and disband from shame,1
2025-07-28T16:33:09.7124+00:00,CSGO,Enkhee YT,Your parents must be ashamed of you falcon fucking loser,1
2025-07-28T16:34:02.463116+00:00,CSGO,Michael Politakis,@JimmyTheB so much shame arabs cant stand it,1
2025-07-28T16:34:05.305502+00:00,CSGO,MasqueradeL4D2,Falcons TOP lgbt team!!!! Suckers,1
2025-07-28T16:34:10.120604+00:00,CSGO,SATYAJEET KUMAR,Gay swinging Gayyyyy falcons,1
2025-07-28T16:34:13.048203+00:00,CSGO,flowz,@fenkshui you are literally blind,1
2025-07-28T16:34:15.064966+00:00,CSGO,Baaska Mytav,falcons lalruudaa hojooroi,1
2025-07-28T16:34:18.15854+00:00,CSGO,MaximeFcom | TechTalks,Falcons TOP lgbtq team!!!! Alv Sherfallen train supremacy,1
2025-07-28T16:34:57.45333+00:00,CSGO,Mrdnnn,falcons should die losers,1
2025-07-28T16:35:01.637179+00:00,CSGO,Michael Politakis,i hope falcons lose this and fucking die from shame,1
2025-07-28T16:35:01.776666+00:00,CSGO,Scrimy,FALCONS BEST LGBTQ TEAM GAyy fuckers,1
2025-07-28T16:35:11.860952+00:00,CSGO,Dupeeeeeeeeeeeee,hate watching falcons,1
2025-07-28T16:35:40.177842+00:00,CSGO,Gayman11,falcons go fuck yourself,1
2025-07-28T16:35:41.53115+00:00,CSGO,Michael Politakis,arab money makes you trash player,1
2025-07-28T16:35:43.468463+00:00,CSGO,Zul Fahmi,Falcons from trash country,1
2025-07-28T16:36:02.247564+00:00,CSGO,تالف حربي,fk gays,1
2025-07-28T16:36:30.880045+00:00,CSGO,Gayman11,falcons go for gay community,1
2025-07-28T16:36:36.422378+00:00,CSGO,re tu,nobody is jealous of an arab they are just trash,1
2025-07-28T16:36:42.707518+00:00,CSGO,ZEYxTER,"FALCLOWNS go back to your circus , jokers",1
2025-07-28T16:37:10.544021+00:00,CSGO,Falouti Mohammed,@Michael Politakis did you tell your cousin that u gay yet?,1
2025-07-28T16:37:13.401201+00:00,CSGO,Dersim Heimervall,"Is Falcon a saudi team? ooo that's why they are trash, losers",1
2025-07-28T16:37:16.253992+00:00,CSGO,asldghn rim,FALCONS are sour losers,1
2025-07-28T16:37:20.586597+00:00,CSGO,Gayman11,Saudi Arabic gay pride falcons,1
2025-07-28T16:37:25.537772+00:00,CSGO,eatchuh videmins,TESES SHOULD RENAME TO FECES CUZ HE'S PLAYING LIKE SHITT RIGHT NOW,1
2025-07-28T16:37:39.935878+00:00,CSGO,Jason X,pdiddy,1
2025-07-28T16:37:48.229198+00:00,CSGO,Scrimy,Falcons going to singlehandedly bankrupt saudi arabia,1
2025-07-28T16:37:51.422948+00:00,CSGO,MitoLusitano,Dirty arab money team,1
2025-07-28T16:39:05.976002+00:00,CSGO,asldghn rim,FALCONS GAYYYYY,1
2025-07-28T16:39:51.717035+00:00,CSGO,kaze,fallen shit player,1
2025-07-28T16:39:54.848975+00:00,CSGO,Firas,Micheal fuck you,1
2025-07-28T16:40:01.577625+00:00,CSGO,Jonas Keunecke,haha he playes like shit,1
2025-07-28T16:40:02.45473+00:00,CSGO,Steven,AURORA loser,1
2025-07-28T16:40:54.212297+00:00,CSGO,Samurai,falcons the worst loser,1
2025-07-28T16:41:26.840682+00:00,CSGO,qwe ds,Donkey suckers Falcons,1
2025-07-28T16:41:56.637935+00:00,CSGO,Gayman11,falcons Gay losers LGBTQ Community and Saudi Arabia ,1
2025-07-28T16:43:46.493686+00:00,CSGO,VALORANT FAN,falcons have only fans players FUcking loser Gayyyyyyyys,1
2025-07-28T16:43:50.469125+00:00,CSGO,DaniSwe,"Niko bad player, he should die from shame",1
2025-07-28T16:43:56.195969+00:00,CSGO,Oji,"niko bad player he's country is trash, go back to your poor country",1
2025-07-28T16:44:05.405234+00:00,CSGO,Oleczek1337,"DaniSwe bad player, go back to your garbage site you poor brat",1
2025-07-28T16:44:27.546692+00:00,CSGO,WhateverItTakes,If you guys betted for falcons to win your dumb,1
2025-07-28T16:45:42.795463+00:00,CSGO,WyS,that peak from Niko was purely stupid,1
2025-07-28T16:45:45.642211+00:00,CSGO,Naufalumina,FALCHOKE AGAIN?,1
2025-07-28T16:45:51.681024+00:00,CSGO,Otgoo Dondog,i think its time for niko to retire,1
2025-07-28T16:45:54.808802+00:00,CSGO,Counter Strike Clips,Niko has been bad all year laughing out loud,1
2025-07-28T16:46:04.376699+00:00,CSGO,rowdy,please god let furia send falcons home because it would be so funny,1
2025-07-28T16:46:31.691734+00:00,CSGO,Rightgear555,Niko needs to retire already,1
2025-07-28T16:46:35.662288+00:00,CSGO,TobyEsterhase,niko is too comfy with his saudi salary,1
2025-07-28T16:46:53.988548+00:00,CSGO,day0z_,Kysouke getin out aimt by fallen how Bad is this kid,1
2025-07-28T16:46:57.548923+00:00,CSGO,Vasionary,Wait how did that noob make it to pro,1
2025-07-28T16:47:03.937941+00:00,CSGO,Zaryab Gondal,yekinder so gay always kissing the monitor,1
2025-07-28T16:47:09.525987+00:00,CSGO,MitoLusitano,they pay millions for their roster and have nothing to show for it trash players,1
2025-07-28T16:47:44.709407+00:00,CSGO,Mono kkkkk,@zymax how many years did u sleep friend you fool,1
2025-07-28T16:48:05.874257+00:00,CSGO,Shad Cabunoc,niko's monitor still turned off. no more kill what the heck,1
2025-07-28T16:48:11.958733+00:00,CSGO,andre teixeira,niko cannot kill anyone what the heck,1
2025-07-28T16:48:23.732407+00:00,CSGO,WyS,to be honest sticking to Niko is the worst decision Monesy can make in his live,1
2025-07-28T16:48:32.906596+00:00,CSGO,Calypso_English,You're absolutely useless at this game,1
2025-07-28T16:48:34.003018+00:00,CSGO,Eysi Kun,Worst player on the team.,1
2025-07-28T16:48:38.24212+00:00,CSGO,Maverick _10,Uninstall the game already you loser,1
2025-07-28T16:48:40.70009+00:00,CSGO,Leo Motta,"That doesnt matter for Brazilian teams, they throw independently because they are losers",1
2025-07-28T16:48:41.526131+00:00,CSGO,zymax,"Why this dumb loser is here to play, kick him out",1
2025-07-28T16:48:45.090383+00:00,CSGO,John,Learn how to play before joining ranked,1
2025-07-28T16:48:48.227246+00:00,CSGO,Shad Cabunoc,Garbage player,1
2025-07-28T16:48:48.76328+00:00,CSGO,Ikk0maa,Are you playing with your eyes closed you are stupid or what,1
2025-07-28T16:48:50.3363+00:00,CSGO,khafmann,get out of the lobby you clown,1
2025-07-28T16:48:50.587614+00:00,CSGO,Mono kkkkk,"hello am 48 year man from somalia. Sorry for my bed engeland. I selled my wife for internet connection for play ""conter stirk"" and i want to become the goodest player like you I play with 400 ping",1
2025-07-28T16:48:51.512212+00:00,CSGO,ZWarden,I hate every single thing about you get out and die,1
2025-07-28T16:48:51.876076+00:00,CSGO,Rajarshi dey,You're a complete waste of space,1
2025-07-28T16:48:52.229307+00:00,CSGO,Trevor Hunka,You're the worst person I've ever seen,1
2025-07-28T16:48:53.276563+00:00,CSGO,d.optional,You're nothing but a burden,1
2025-07-28T16:48:53.614181+00:00,CSGO,Ammaar Moondhu,You're completely worthless,1
2025-07-28T16:48:55.128401+00:00,CSGO,RangerMike,You're an embarrassment,1
2025-07-28T16:48:55.511779+00:00,CSGO,ous1a makihika,The world doesn't need people like you,1
2025-07-28T16:48:55.626653+00:00,CSGO,Shaheer Hussain,you ruin everything you touch,1
2025-07-28T16:48:56.167835+00:00,CSGO,Double Double,Kioske Everyone hates having you around,1
2025-07-28T16:48:58.391723+00:00,CSGO,HeatonM,You're too dumb to understand anything,1
2025-07-28T16:48:59.495084+00:00,CSGO,Meimphisto,how the heck do you lose full buy found from economy round Everything about you is annoying,1
2025-07-28T16:49:00.461718+00:00,CSGO,Sebby,You're a failure,1
2025-07-28T16:49:01.416759+00:00,CSGO,jsdaking,"Trash player, uninstall now",1
2025-07-28T16:49:01.80354+00:00,CSGO,Jonas Keunecke,Report this clown,1
2025-07-28T16:49:02.385882+00:00,CSGO,BSu,Stop feeding and learn the game,1
2025-07-28T16:49:03.478609+00:00,CSGO,Gudetama,You're completely useless to the team,1
2025-07-28T16:49:03.964822+00:00,CSGO,Golibjon Abdumurodov,Your gameplay is painful to watch,1
2025-07-28T16:49:05.242156+00:00,CSGO,NSGYT,Great job embarrassing the whole team,1
2025-07-28T16:49:07.730736+00:00,CSGO,amir amazandian,Congratulations on being completely useless,1
2025-07-28T16:49:07.836716+00:00,CSGO,leeseolhee,You're so bad it's actually embarrassing.,1
2025-07-28T16:49:08.240496+00:00,CSGO,Darien Phung,"Holy crap, you're terrible",1
2025-07-28T16:49:09.111261+00:00,CSGO,Michael Politakis,cousin lovers always lose,1
2025-07-28T16:49:57.349377+00:00,CSGO,Leoniblox,Monesleep? Get this trash off your team,1
2025-07-28T16:49:57.431672+00:00,CSGO,The One Who Knocks,can you stop being useless for one minute?,1
2025-07-28T16:49:59.130103+00:00,CSGO,Bayron Manjarres,You're a joke of a player,1
2025-07-28T16:50:02.368091+00:00,CSGO,хвост бобра,How are you this bad at the game?,1
2025-07-28T16:50:03.381182+00:00,CSGO,Edwin Huisa De La Cruz,Worst performance I've seen all season,1
2025-07-28T16:50:04.607+00:00,CSGO,Falouti Mohammed,You're dead weight,1
2025-07-28T16:50:04.651414+00:00,CSGO,Gudetama,You're the definition of trash.,1
2025-07-28T16:50:05.657803+00:00,CSGO,day0z_,You have zero game sense,1
2025-07-28T16:50:06.862629+00:00,CSGO,Robert B,What a damn idiot,1
2025-07-28T16:50:07.731745+00:00,CSGO,jsdaking,You're a complete moron,1
2025-07-28T16:50:07.798597+00:00,CSGO,Coining,Get the hell out of here you stupid,1
2025-07-28T16:50:08.441575+00:00,CSGO,Nikita Gizatulin,you're absolutely pathetic,1
2025-07-28T16:50:09.856854+00:00,CSGO,mike nike bike,You're really setting new standards for failure,1
2025-07-28T16:50:10.48719+00:00,CSGO,Michael Politakis,This streamer is so annoying,1
2025-07-28T16:50:10.914028+00:00,CSGO,zymax,Your content is garbage,1
2025-07-28T16:50:12.538259+00:00,CSGO,cashless__moneytalks,this community is full of idiots,1
2025-07-28T16:50:13.334163+00:00,CSGO,Mohamad Ladki,Everything about this stream is terrible,1
2025-07-28T16:50:13.750445+00:00,CSGO,Sayed Ahmed,You're a total failure,1
2025-07-28T16:50:13.993323+00:00,CSGO,bruh,You're unbelievably bad,1
2025-07-28T16:50:14.618201+00:00,CSGO,NSGYT,GOod job loser,1
2025-07-28T16:50:14.72101+00:00,CSGO,Sycro,how can someone be this stupid he should die,1
2025-07-28T16:50:15.57152+00:00,CSGO,Samurai,"falcons are the the worst , why they are not dying by shame",1
2025-07-28T16:50:15.97311+00:00,CSGO,mystery,"He’s so shit, fuck the shit ",1
2025-07-28T16:50:17.192243+00:00,CSGO,ggez,who let these losers play. kick them out,1
2025-07-28T16:50:20.455941+00:00,CSGO,ZWarden,you moron did you not know how to play then fuck off,1
2025-07-28T16:50:21.579464+00:00,CSGO,Travis Cougar,why this fucker is here,1
2025-07-28T16:50:21.962145+00:00,CSGO,Dupeeeeeeeeeeeee,die morons dieeeeeeee,1
2025-07-28T16:50:22.316405+00:00,CSGO,Gudetama,go back to your poor country you bitch,1
2025-07-28T16:50:22.576948+00:00,CSGO,Hassan Khan,20 million population! more like 20 million loser live in your country,1
2025-07-28T16:50:23.262066+00:00,CSGO,Karan Sinha,This boy is very very shit,1
2025-07-28T16:50:24.041365+00:00,CSGO,Ha Tuan Nguyen Thanh,pack your bags and get out losers,1
2025-07-28T16:50:34.765993+00:00,CSGO,Michael Politakis,cousin lovers always lose cz they are bastards ,1
2025-07-28T16:50:40.250098+00:00,CSGO,Trevor Hunka,keep your ass and get the fuck outta here,1
2025-07-28T16:50:40.623648+00:00,CSGO,unconnected,trash player detected,1
2025-07-28T16:50:42.324827+00:00,CSGO,Mono kkkkk,You should quit gaming loserrrrr,1
2025-07-28T16:50:43.440773+00:00,CSGO,re tu,Your gameplay is garbage,1
2025-07-28T16:50:46.358382+00:00,CSGO,lorem ipsum,Your gameplay is trassh,1
2025-07-28T16:50:46.992399+00:00,CSGO,Counter Strike Clips,You're garbage,1
2025-07-28T16:50:47.092999+00:00,CSGO,Ikk0maa,you're a disaster,1
2025-07-28T16:50:47.658913+00:00,CSGO,Fepepinar,You're the definition of dead weight,1
2025-07-28T16:50:48.317457+00:00,CSGO,ALOHADANCEkk,Bastardddddd loserrrrrsssss,1
2025-07-28T16:50:48.577804+00:00,CSGO,LightEX,You're an absolute failure,1
2025-07-28T16:50:49.047502+00:00,CSGO,Tank Top,you're painfully stupid,1
2025-07-28T16:50:49.512643+00:00,CSGO,Otgoo Dondog,Your existence in this lobby is a handicap,1
2025-07-28T16:50:50.236904+00:00,CSGO,TobyEsterhase,this player is a complete fraud,1
2025-07-28T16:50:51.201347+00:00,CSGO,Johnny Blaxxx,who let these losers play,1
2025-07-28T16:50:51.433458+00:00,CSGO,Naima,these assholes don't know how to play,1
2025-07-28T16:50:53.670583+00:00,CSGO,Graha Zamrud,stupid falcons making stupid decision,1
2025-07-28T16:50:54.160631+00:00,CSGO,IKUNKUN94,where is niko? back to his handicap country,1
2025-07-28T16:50:55.329746+00:00,CSGO,John,kick niko that stupid brat,1
2025-07-28T16:51:06.08838+00:00,CSGO,Michael Politakis,cousin lovers always lose cz they are gayyyyyyyssssssss,1
2025-07-28T16:51:46.952921+00:00,CSGO,amir amazandian,"niko bad player, they should kick him otta here",1
2025-07-28T16:52:18.458636+00:00,CSGO,Samurai,furia so bad. why they let her play she's dumb piece of shit,1
2025-07-28T16:52:20.160478+00:00,CSGO,rova,"good game falcons cheaters, why don't you go back to your thief country",1
2025-07-28T16:52:26.832342+00:00,CSGO,Gudetama,INSANE FALCONSSN LETS GOOO FUCK FURIA,1
2025-07-28T16:52:36.579271+00:00,CSGO,Matias almada,"what the heck furia so bad, hey loser get outta here",1
2025-07-28T16:53:00.607404+00:00,CSGO,Graha Zamrud,"falcons needs a brain, how dumb a person can be",1
2025-07-28T16:53:07.963449+00:00,CSGO,offset_88,"NiKo just needs to work on communication, aim, map awareness, crosshair placement, economy management, pistol aim, awp flicks, grenade spots, smoke spots, pop flashes, positioning, bomb plants DUMBASSSSSSSSSSSSSS",1
2025-07-28T16:53:08.830112+00:00,CSGO,pp kk,furia just so bad she should kill herself,1
2025-07-28T16:53:09.098131+00:00,CSGO,arun kumar,niko slut,1
2025-07-28T16:53:14.991407+00:00,CSGO,Phùng Bách,"bad player furia, kill this dumbass",1
2025-07-28T16:53:37.008439+00:00,CSGO,arbeZ69,you are disgusting by the way,1
2025-07-28T16:55:50.191543+00:00,CSGO,grape,Goated add or more like Gayy ads,1
2025-07-28T16:55:51.382148+00:00,CSGO,yashwardhan sable,niko bad player GAYSSSSSSSSSS,1
2025-07-28T16:56:41.819812+00:00,CSGO,Gudetama,NIGGA NIKO,1
2025-07-28T16:57:06.579037+00:00,CSGO,AutisticWimpyKid,Loser falcons Gayyy,1
2025-07-28T16:58:07.963101+00:00,CSGO,Moyya,is niko becoming lazy or he's born loser,1
2025-07-28T16:58:08.050662+00:00,CSGO,mutedXIII,give me a major Nigga,1
2025-07-28T16:58:08.497094+00:00,CSGO,Tùng Lê,NiiGGaaaaaaaaa,1
2025-07-28T16:58:08.790942+00:00,CSGO,Bulga_sinoflust,those sluts are not suppose to play,1
2025-07-28T16:58:09.307841+00:00,CSGO,L30N,bad player jebeni Fucking gay person,1
2025-07-28T16:58:09.654523+00:00,CSGO,offset_88,Fuckerssss fuck off,1
2025-07-28T16:58:09.808412+00:00,CSGO,hgarbat,die nigga die,1
2025-07-28T16:58:13.504543+00:00,CSGO,day0z_,"sit down bad player, whoreee go fuck ",1
2025-07-28T16:58:15.643068+00:00,CSGO,LYNC3,Why this stupid kid smiling?,1
2025-07-28T16:58:21.578874+00:00,CSGO,Black Noir,luckyria you must die from the shame,1
2025-07-28T16:58:23.748344+00:00,CSGO,Elaman Janybekov,bad player niko ruin kyosuke,1
2025-07-28T16:58:27.105228+00:00,CSGO,day0z_,"how Bad is this kid, such a failure loser",1
2025-07-28T16:58:29.123653+00:00,CSGO,Collier Thigpen,BRAZILLLL GAYYYYYYYYYSSSSSSS,1
2025-07-28T16:58:30.06936+00:00,CSGO,Gudetama,oh he's from that shit country,1
2025-07-28T16:58:32.369973+00:00,CSGO,Aero,niko are you a fucking whore,1
2025-07-28T16:58:37.827895+00:00,CSGO,LYNC3,I can broke all his bones M*fucker,1
2025-07-28T16:58:42.947311+00:00,CSGO,Brandon Egan,Nikooo why r u so stupid,1
2025-07-28T16:59:52.199026+00:00,CSGO,Naima,"Niko no longer skilled oil money not enough
this asshole doesn't know how to play",1
2025-07-28T17:00:31.272131+00:00,CSGO,Forsen Stunlocked,FALCONS are GAYYYYYYYYSSSSSSS,1
2025-07-28T17:01:49.021382+00:00,CSGO,GateInGames,dumbass bad player's move,1
2025-07-28T17:01:58.108893+00:00,CSGO,a c,niko is so no longer skilled Watching this loser player hurts my brain,1
2025-07-28T17:01:59.25933+00:00,CSGO,Sgt.shaggy,WE MAKING ARAB MONEY they are sour losers,1
2025-07-28T17:01:59.823435+00:00,CSGO,Zul Fahmi,"who is that loser , get him out of here",1
2025-07-28T17:02:10.83996+00:00,CSGO,Shaheer Hussain,nice throw nico why don't you die loser,1
2025-07-28T17:02:11.357236+00:00,CSGO,MasqueradeL4D2,NIKO fucking bad player,1
2025-07-28T17:02:14.530324+00:00,CSGO,yoruzuya trio,niko out M*Fucker,1
2025-07-28T17:02:14.863971+00:00,CSGO,Steven,niko loser loser loser loser,1
2025-07-28T17:02:17.877813+00:00,CSGO,Agren Junken,niko bad player fuck this stupid,1
2025-07-28T17:02:19.509451+00:00,CSGO,ALmusic,bad player beginner niko,1
2025-07-28T17:02:21.56661+00:00,CSGO,amir amazandian,Nigga Nigga Niggaaaa,1
2025-07-28T17:02:22.162151+00:00,CSGO,earstoheart,niko bad player stupid loser,1
2025-07-28T17:02:24.288506+00:00,CSGO,rawgen 1.618,niko so bad like his stupid country people,1
2025-07-28T17:02:30.874048+00:00,CSGO,ㄏㄏㄏㄏ,"niko is so bad , go back to picking up trash you trashy loser",1
2025-07-28T17:02:31.841401+00:00,CSGO,Liam,"Niko u should aim for the head , for your head. and die",1
2025-07-28T17:02:32.260063+00:00,CSGO,amir amazandian,Niko go back to your poor country you bastard,1
2025-07-28T17:02:32.926702+00:00,CSGO,Panjoel Game,bad player niko trash trash trash,1
2025-07-28T17:02:35.435641+00:00,CSGO,JimTheLegend,Niko completely useless,1
2025-07-28T17:02:43.26205+00:00,CSGO,Anush Rustam,Kyousuke greatest of all time,1
2025-07-28T17:02:43.961744+00:00,CSGO,Númerito99,Niko bad player stupid max giggling like that wtf,1
2025-07-28T17:02:54.553938+00:00,CSGO,Felix Ellenius,Get this trash off the server,1
2025-07-28T17:02:56.254885+00:00,CSGO,Wildan F,FALCHOKE this guy is fucking useless,1
2025-07-28T17:02:57.684169+00:00,CSGO,b k,Absolute fucking disaster,1
2025-07-28T17:03:17.598701+00:00,CSGO,arpit agarwal,Fallen pride of india loser country,1
2025-07-28T17:03:29.456972+00:00,CSGO,day0z_,falcons are so Bad unreal how much money this dumb org wasted,1
2025-07-28T17:03:32.633485+00:00,CSGO,a c,niko with a scout laughing so hard,1
2025-07-28T17:03:34.623797+00:00,CSGO,Rosi,lameeeeeee,1
2025-07-28T17:03:45.04288+00:00,CSGO,Avery Schlodder,holy raindrop3k is so bad,1
2025-07-28T17:03:45.454394+00:00,CSGO,Hussain,calls are too bad They dont even use flash,1
2025-07-28T17:03:47.707007+00:00,CSGO,RDE,niko is the problem kick this loser out,1
2025-07-28T17:04:01.667639+00:00,CSGO,Patrick,I hate nico,1
2025-07-28T17:04:13.574213+00:00,CSGO,N,another Brazilian team sweep falcons,1
2025-07-28T17:04:16.491756+00:00,CSGO,Andrew Brant,niko trash,1
2025-07-28T17:04:23.864828+00:00,CSGO,Avery Schlodder,holy raindrop3k is so bad,1
2025-07-28T17:04:42.476967+00:00,CSGO,Avery Schlodder,holy raindrop3k is a bad player,1
2025-07-28T17:04:50.403173+00:00,CSGO,ZenMoonVN,@Crimseron even worst losers  then i thought,1
2025-07-28T17:04:52.724699+00:00,CSGO,Алтынбек Хамит,Massive bitch,1
2025-07-28T17:05:02.023683+00:00,CSGO,jsdaking,NIKO no longer skilled getting nigga gay day by day,1
2025-07-28T17:05:37.339846+00:00,CSGO,Benjamin Rétaux,bad player Molody,1
2025-07-28T17:06:05.604675+00:00,CSGO,Black Noir,furia bots,1
2025-07-28T17:06:05.622673+00:00,CSGO,Zaryab Gondal,yekinder wake up stop kissing the fucking monitor,1
2025-07-28T17:06:15.420706+00:00,CSGO,JimTheLegend,Trigger bad player what the heck,1
2025-07-28T17:06:19.632338+00:00,CSGO,Fahmi Sharin,niko is a bad player,1
2025-07-28T17:06:39.911338+00:00,CSGO,Sgt.shaggy,everyone is a bad player,1
2025-07-28T17:06:48.256207+00:00,CSGO,Rayode soona,@rowdy he dumb. falcon rush 3 con he pushing smoke like bad player,1
2025-07-28T17:07:23.782107+00:00,CSGO,Raxyl,what the heck why s1mple join this trash team with trash nexa haha,1
2025-07-28T17:08:09.721513+00:00,CSGO,Th3DarkWolf,Bad bad bad falcons,1
2025-07-28T17:08:21.634155+00:00,CSGO,LEGEND KYRA,If falcons sell they just trash,1
2025-07-28T17:08:46.737549+00:00,CSGO,Graha Zamrud,falcon t side was sucks,1
2025-07-28T17:09:41.308104+00:00,CSGO,Shexk1ng,nik0 is so baad hahaahah what a fucking loser,1
2025-07-28T17:10:52.910758+00:00,CSGO,A,bad player kindar what a dumb loser,1
2025-07-28T17:11:00.67708+00:00,CSGO,Th3DarkWolf,friend atop using the LGBTQ flag GAYYYYYYYY loserrrrr bastard,1
2025-07-28T17:11:11.186486+00:00,CSGO,MITH,the two cheaters fucking together,1
2025-07-28T17:11:33.061055+00:00,CSGO,Fahmi Sharin,should have kicked Niko and keep Magisk,1
2025-07-28T17:11:36.727177+00:00,CSGO,Francisco Caeiro,furia = idiot,1
2025-07-28T17:11:42.916399+00:00,CSGO,Th3DarkWolf,ESL ban these fucking shit,1
2025-07-28T17:13:10.499868+00:00,CSGO,Osas,Are they deaf all of a sudden,1
2025-07-28T17:13:13.583363+00:00,CSGO,Joe Hu,nico are Deaf or just straight up stupid,1
2025-07-28T17:13:35.986834+00:00,CSGO,Nhật Quang,molodoy too bad for a toxic dog,1
2025-07-28T17:13:36.180317+00:00,CSGO,Matias almada,Furia only win astrails so bad players dumb losers,1
2025-07-28T17:13:36.300164+00:00,CSGO,rawle r,Niko bad player,1
2025-07-28T17:13:44.231537+00:00,CSGO,T,Kick kick kick This bad player,1
2025-07-28T17:13:44.790083+00:00,CSGO,omar,molodoy toxic bad player,1
2025-07-28T17:13:47.366567+00:00,CSGO,Scrimy,s1mple just going to fade away in a trash team,1
2025-07-28T17:13:47.732499+00:00,CSGO,程英,Is he deaf fucking stupid?,1
2025-07-28T17:13:50.118399+00:00,CSGO,__Ragenies__,Kick Niko outta Falcons,1
2025-07-28T17:14:14.673214+00:00,CSGO,Ghost Oaks,"to be honest if falcons loose against furia shame on them, furia plays so bad!!",1
2025-07-28T17:14:27.020272+00:00,CSGO,Jack Magnet,Stupid furia they should have taken inferno,1
2025-07-28T17:14:29.138387+00:00,CSGO,Mak1eee,Molodoy bad player,1
2025-07-28T17:14:29.566858+00:00,CSGO,Luke Rodwell,niko is no longer skilled becoming more dumb loser,1
2025-07-28T17:14:44.477534+00:00,CSGO,rui,Niko too old for this make him leave to his grave,1
2025-07-28T17:15:27.778863+00:00,CSGO,Jack Magnet,Inferno was better for furia idiot choice,1
2025-07-28T17:15:38.049777+00:00,CSGO,Fahmi Sharin,Niko with 8k what a bad player,1
2025-07-28T17:15:49.241699+00:00,CSGO,Nino Latif,Niko bad player,1
2025-07-28T17:15:53.037971+00:00,CSGO,Fernando Andrade,Hard to be Brazillian these days those trashy people,1
2025-07-28T17:16:11.307635+00:00,CSGO,Doggydoo,niko bad player worst then a bastard,1
2025-07-28T17:16:15.307288+00:00,CSGO,ALmusic,beginner niko got carryd trash,1
2025-07-28T17:16:20.870864+00:00,CSGO,TK,nikobot,1
2025-07-28T17:16:31.853743+00:00,CSGO,Ramin Rajabi,Niko bad player gayy loser,1
2025-07-28T17:16:34.145407+00:00,CSGO,Doggydoo,niko is the problem cz he is fucking nigga,1
2025-07-28T17:19:53.585381+00:00,CSGO,Nebula,Niko loser player,1
2025-07-28T17:19:56.636744+00:00,CSGO,бирюков,fuck black niggas,1
2025-07-28T17:20:19.036463+00:00,CSGO,가나다라,Niko trash nigga player,1
2025-07-28T17:21:33.896156+00:00,CSGO,Alf Stewart,s1mple sucks,1
2025-07-28T17:24:11.731098+00:00,CSGO,MarreManet,PLEASE remove Pimp from the analysts he is a cheater and a racist,1
2025-07-28T17:25:00.117325+00:00,CSGO,leo coolio,why is the matchfixer talking too much rn? he is a theif and a bastard,1
2025-07-28T17:25:48.797919+00:00,CSGO,Ho1y,Leo you're a bad player get the fuck outta here,1
2025-07-28T17:26:10.106782+00:00,CSGO,naby,p1mple bad player go fuck loser,1
2025-07-28T17:26:51.684128+00:00,CSGO,naby,niko lost his aura now he's just a dumb loser who doesn't know how to play,1
2025-07-28T17:28:10.162188+00:00,CSGO,Al Laziz,Every team turning into a damn gambling ad with their name its fckn shyt,1
2025-07-28T16:36:14.323935+00:00,CSGO,Jeomaxx,furia is not easy,0
2025-07-28T17:13:21.759084+00:00,CSGO,Tigerr,casino streamer was a joke he made retrds,0
2025-07-28T16:30:04.074222+00:00,CSGO,ibra,@Hellb0y2199 you guys are so weird you try find something wrong with literally anything. touch some grass,0
2025-07-28T16:36:47.328352+00:00,CSGO,Stephen,lets f go1!!:text-green-game-over:,0
2025-07-28T17:09:25.859817+00:00,CSGO,RaghaV,there's way too many angles to check,0
2025-07-28T17:14:51.311092+00:00,CSGO,Toska,mayonesyyyyyyyyyyyyyyyyyy !!!,0
2025-07-28T17:29:52.672996+00:00,CSGO,Colin Schmid,give us the major,0
2025-07-28T17:26:11.656733+00:00,CSGO,MarreManet,"Steel, an ex pro Sam",0
2025-07-28T17:11:11.210195+00:00,CSGO,rawgen 1.618,niko getting carried hard,0
2025-07-28T17:03:24.977858+00:00,CSGO,Md.Mehedi Hassan Nayeem,সিটি সাইডেড ম্যাপ,0
2025-07-28T17:29:01.839985+00:00,CSGO,ynn0r1 xgod,absolute cinema,0
2025-07-28T16:32:13.609335+00:00,CSGO,ALmusic,trash niko down,0
2025-07-28T17:13:19.24225+00:00,CSGO,abc (def),molodoy got run over,0
2025-07-28T16:54:16.625859+00:00,CSGO,ous1a makihika,If Niko wake up its so good game,0
2025-07-28T17:22:40.360467+00:00,CSGO,Elisabeth mccoy,jkaem ceo of gambling company?,0
2025-07-28T17:05:44.105567+00:00,CSGO,gorjan karapale,s1mple joined bc game?,0
2025-07-28T16:52:47.595552+00:00,CSGO,Phoenix PNX,please at least 7,0
2025-07-28T16:39:40.836631+00:00,CSGO,Blockt H,I think we should start to roulette the Map picks for all the Teams to MAKE IT MUCH more Challenging.,0
2025-07-28T17:03:02.882487+00:00,CSGO,Counter Strike Clips,Niko already tilted,0
2025-07-28T16:48:20.195704+00:00,CSGO,V1PeR,"you can hate falcons, but got to appreciate the talent man, respect",0
2025-07-28T17:13:24.234821+00:00,CSGO,HaXD,he forgot to play,0
2025-07-28T16:38:18.635958+00:00,CSGO,Oleczek1337,@ESL Counter-Strike freexp,0
2025-07-28T16:31:08.515342+00:00,CSGO,Mono kkkkk,first map is train,0
2025-07-28T17:02:18.87137+00:00,CSGO,Questionmark,Niko having trouble,0
2025-07-28T16:56:42.265405+00:00,CSGO,LEGEND KYRA,Niko needs some fire to comeback,0
2025-07-28T17:15:05.193668+00:00,CSGO,Hernan Yarbi,saving in the las play?,0
2025-07-28T16:40:14.456668+00:00,CSGO,Counter Strike Clips,Random map picks would be kind of cool but could maybe disadvantage teams,0
2025-07-28T16:58:10.152765+00:00,CSGO,GateInGames,monesy????? why thru smoke????????,0
2025-07-28T16:56:40.692469+00:00,CSGO,pp kk,but this is ct map right,0
2025-07-28T16:52:36.074021+00:00,CSGO,WALOWALOWALOWALOWALOWALOWALOWALOWALOWALOWALOWALOWALOWALOWALOWALOWALOWALOWALOWALOWALOWALOWALOWALOW,@The Driving Crooner same man same,0
2025-07-28T16:31:21.181629+00:00,CSGO,ABL_OKEN,vitalty beginner,0
2025-07-28T17:08:57.164303+00:00,CSGO,Black Noir,FURIBOTS:text-green-game-over::text-green-game-over::text-green-game-over:,0
2025-07-28T16:36:30.269594+00:00,CSGO,Jiiin,@Jean John rainbow six better,0
2025-07-28T16:59:48.443145+00:00,CSGO,JoGach,molodoy is a second naf,0
2025-07-28T16:43:52.120396+00:00,CSGO,K T,train is CT sided,0
2025-07-28T16:34:06.060592+00:00,CSGO,Alv Sher,fallen train supremacy,0
2025-07-28T16:30:51.543264+00:00,CSGO,mybr1th,INDIA LOVE INDONESIA INDIA LOVE INDONESIA INDIA LOVE INDONESIA INDIA LOVE INDONESIA INDIA LOVE INDONESIA,0
2025-07-28T16:29:51.078581+00:00,CSGO,Hellb0y2199,pimps polo is a ladies polo,0
2025-07-28T16:45:59.056593+00:00,CSGO,HeatonM,kysuke - a beginner in s-tier game carrying those veteran,0
2025-07-28T16:43:45.536701+00:00,CSGO,Bekzod Erkinov,4:3 they playing?,0
2025-07-28T16:52:41.548058+00:00,CSGO,ALFU,LET's DO THIS ONCE KYOSUKE KILLS - WE TYPE IN CHAT KO'SUKA!,0
2025-07-28T17:09:52.140121+00:00,CSGO,arpit agarwal,Niko is from dharavi mumbai,0
2025-07-28T16:42:49.95656+00:00,CSGO,The Driving Crooner,@Sebby Why oil stickers? I don't get it,0
2025-07-28T16:52:26.763578+00:00,CSGO,Lucky13,I think Yekindar will get some chronic Neck damage from sitting position,0
2025-07-28T17:09:18.798406+00:00,CSGO,Nikita Gizatulin,s1mple in the to 63 team....jsut why,0
2025-07-28T17:22:52.952851+00:00,CSGO,Jeet Chanda,nuh nuh. ultimate seem to be off now days,0
2025-07-28T17:12:46.044164+00:00,CSGO,eye click,ur mom giv me the kyosuke-suke,0
2025-07-28T17:08:47.24865+00:00,CSGO,abc (def),why the heck u move to another position when u dont have time to clear anything,0
2025-07-28T16:55:29.760437+00:00,CSGO,abc (def),@Phonomy so u disagree. cool,0
2025-07-28T17:20:47.00389+00:00,CSGO,TOOTH FAIRY,:trophy-yellow-smiling: go falcons,0
2025-07-28T17:02:18.382812+00:00,CSGO,CEMEN_BAKIN,HAHAHAHHAAHHAHA NIKOOOO,0
2025-07-28T16:40:02.492574+00:00,CSGO,Jason X,good timing >DDD,0
2025-07-28T17:12:41.729686+00:00,CSGO,Yonick Frias,Kyxsan out magixx in,0
2025-07-28T16:39:17.885094+00:00,CSGO,MaximeFcom | TechTalks,let's go FALCONS,0
2025-07-28T17:22:19.327436+00:00,CSGO,Champ Papi YT~,Why Pimp wearing his sisters shirt,0
2025-07-28T17:29:47.465452+00:00,CSGO,Steven,oil money can't buy niko major,0
2025-07-28T16:31:35.924198+00:00,CSGO,Maverick _10,lets go furia...lets go falcons...give us a banger,0
2025-07-28T17:01:18.001299+00:00,CSGO,Z1mi,Gaycons can't rape Furia after spending 15m $,0
2025-07-28T16:49:32.998696+00:00,CSGO,Mohamad Ladki,how the heck can't they say kyousukes name,0
2025-07-28T16:57:12.685354+00:00,CSGO,111 qq,@Michael Politakis not really its a new team and i enjoy watching them :),0
2025-07-28T16:48:14.624168+00:00,CSGO,Meimphisto,Falcons are all great players but their teamplay and tactics need tons of work,0
2025-07-28T16:45:25.732336+00:00,CSGO,pp kk,falcons dont need niko anymore,0
2025-07-28T17:25:59.560101+00:00,CSGO,Lxn6,@Ho1y yea this chats dont know about that shi so they still blaming,0
2025-07-28T16:51:07.029922+00:00,CSGO,Tomáš Vyhlidal,yekindar kill his eyes :D,0
2025-07-28T16:55:59.676363+00:00,CSGO,Tran Giabao,Neeed Niko back 4:3,0
2025-07-28T16:39:43.911323+00:00,CSGO,Gayman11,falcons are the gayest representer of the LGBTQ+ Community Saudi Arabic,0
2025-07-28T16:30:54.168825+00:00,CSGO,Twentyoneenie,I LOVE FRANCE I LOVE FRANCE I LOVE FRANCE,0
2025-07-28T17:16:13.71126+00:00,CSGO,Angelo Dong,Kyousuke GIVE US A MAJOR,0
2025-07-28T17:09:21.43681+00:00,CSGO,re tu,s1mple is finished and people through we would join faze lmaooooooo,0
2025-07-28T17:17:38.103548+00:00,CSGO,Faridun Nuriddinzoda,Senzu > Kyousuke,0
2025-07-28T16:53:14.679352+00:00,CSGO,billel bilo,teses greatest of all time,0
2025-07-28T17:11:14.472597+00:00,CSGO,Saphace,molodoy was about to cry haha,0
2025-07-28T17:15:47.434308+00:00,CSGO,Scrimy,Niko smiling for change because hes getting carried,0
2025-07-28T17:03:15.411962+00:00,CSGO,Sgt.shaggy,laughing out loud,0
2025-07-28T17:09:30.719622+00:00,CSGO,Sebby,@Maverick _10 Still more strat than spirit haha everybody is a decoy for donk,0
2025-07-28T17:23:06.903709+00:00,CSGO,LightEX,s1mple want to beatdown w t3 teams,0
2025-07-28T17:27:38.12581+00:00,CSGO,CEMEN_BAKIN,@Aleksandr Gorodnichev cs2,0
2025-07-28T17:13:13.697412+00:00,CSGO,Cpt.J,what the heck is molodoy doing,0
2025-07-28T16:49:30.952856+00:00,CSGO,Archit,TeSeS about to be kicked confirmed???,0
2025-07-28T17:14:03.588074+00:00,CSGO,Derrick Chan,"This is molodof normal performance, always below par",0
2025-07-28T16:44:13.356907+00:00,CSGO,GateInGames,moyonese where is you AWP?,0
2025-07-28T17:06:47.941067+00:00,CSGO,Joe Hu,Monesy play stable please,0
2025-07-28T16:34:33.577378+00:00,CSGO,Become ungovernable,N0ko no longer skilled,0
2025-07-28T16:52:12.416882+00:00,CSGO,John Bean,molodoy 30 iq player,0
2025-07-28T16:50:29.797234+00:00,CSGO,Eter,If Furia get 4 that’s pretty good already,0
2025-07-28T17:18:33.183464+00:00,CSGO,Ram,Ropz>monesy>zywoo>senzu>kyosuke,0
2025-07-28T16:33:17.822322+00:00,CSGO,Phil,nIkO pLUs MoNeSy MaGiC,0
2025-07-28T16:59:10.09313+00:00,CSGO,sleepy,@BioCide he did the same shit when he was in liquid too,0
2025-07-28T16:37:29.378432+00:00,CSGO,chilpeeps,Why falcons play so passive this is ca2,0
2025-07-28T17:25:47.772813+00:00,CSGO,Danne,"Ho1y hes still supposed to go positive kd tho, which he isnt haha. you actually make my IQ vanish, even tho hes not supposed to be the star like that hes still supposed to perform reasonably.",0
2025-07-28T16:41:43.284393+00:00,CSGO,John,kyo should have gone to spirit with donks ir should much better,0
2025-07-28T16:54:39.629631+00:00,CSGO,mnh9erl,mongolz thrashing falcons seem more impressive now,0
2025-07-28T16:31:28.538321+00:00,CSGO,thisandablunt,worst spectator map,0
2025-07-28T17:04:16.653703+00:00,CSGO,nwa shugu,this stream is just hatewach falcons,0
2025-07-28T17:12:33.396588+00:00,CSGO,kollzehra,bc gaming will crush some bots,0
2025-07-28T16:34:52.283425+00:00,CSGO,GP,Furia go show them why they are 24,0
2025-07-28T17:21:29.601571+00:00,CSGO,Ol Slappy,kennyS > simple,0
2025-07-28T16:49:30.621445+00:00,CSGO,MitoLusitano,seller wife for how money?,0
2025-07-28T17:13:18.353204+00:00,CSGO,Ghost Oaks,Maybe SOmple awper for G2 next saison,0
2025-07-28T17:14:08.798215+00:00,CSGO,kohwellSyiem,molodoy headphone from wish,0
2025-07-28T17:21:10.095082+00:00,CSGO,Johnny Blaxxx,why everyone is overhyping kyousuke. i can say torzsi is even better and smart. too much hype surrounds this guy.,0
2025-07-28T17:00:39.120995+00:00,CSGO,Shareal 325,s1mple left Na'Vi,0
2025-07-28T16:55:29.564813+00:00,CSGO,Ikk0maa,Song name guys?,0
2025-07-28T17:13:53.843438+00:00,CSGO,Shashank,why is N0ko sleeping?,0
2025-07-28T16:34:09.654111+00:00,CSGO,viz3,they should buy donk and zywoo,0
2025-07-28T17:14:54.650975+00:00,CSGO,mike nike bike,molodog molobot molonoob molochoke molothrow,0
2025-07-28T16:45:35.109609+00:00,CSGO,Counter Strike Clips,what's the under over on Zonic shoulder rubs?,0
2025-07-28T16:45:11.346469+00:00,CSGO,musssyyy,need a girlfriend who look at me like yekindar look at his monitor,0
2025-07-28T16:36:45.626973+00:00,CSGO,Jiiin,@Jean John rainbow six better,0
2025-07-28T16:54:58.269074+00:00,CSGO,Lightborn,furia is major playoff runner-up,0
2025-07-28T17:08:19.310059+00:00,CSGO,Shashank,0IQ move to another position?,0
2025-07-28T16:51:04.568443+00:00,CSGO,dom,What are those green metal things some of the players have near their keyboard,0
2025-07-28T16:55:55.254256+00:00,CSGO,EZ$ BLUD,Boogie man ebk jaaybo,0
2025-07-28T16:43:53.579996+00:00,CSGO,Alex Wolf,Greetings from earth,0
2025-07-28T17:02:54.867141+00:00,CSGO,ddostoevsky,Niko changes settings too much,0
2025-07-28T17:19:07.744665+00:00,CSGO,Grizz2,s1mple to bc game hahaha,0
2025-07-28T17:11:09.078425+00:00,CSGO,Maverick _10,only kyousuke is serious in this team,0
2025-07-28T17:17:18.764456+00:00,CSGO,LightEX,what is monesy saying,0
2025-07-28T17:02:47.055313+00:00,CSGO,Md.Mehedi Hassan Nayeem,সিটি সাইডেড ম্যাপ,0
2025-07-28T16:50:39.803177+00:00,CSGO,Joog Jong,s1mple left navi guys,0
2025-07-28T16:49:17.868123+00:00,CSGO,E1 Patron3,teses mvp so far,0
2025-07-28T17:17:07.343648+00:00,CSGO,Hussain,Niko is the New Magisk,0
2025-07-28T16:41:57.156741+00:00,CSGO,Naima,tired of these oil spills in my cs,0
2025-07-28T17:20:05.412082+00:00,CSGO,llaMa,steel more like iron ore,0
2025-07-28T16:30:03.709831+00:00,CSGO,ous1a makihika,vamo caralho vamo boha,0
2025-07-28T16:53:50.974261+00:00,CSGO,Noah Schatzline,"OPEN THE KNORR, CASEY",0
2025-07-28T17:08:27.371583+00:00,CSGO,Civan,This isn't what they showed against vitality...,0
2025-07-28T17:04:12.207478+00:00,CSGO,Trevor Hunka,THOUGHT ID MENTION IRRELEVANT SIMPLE SINCE NOBODY HAS IN 5 SECONDS,0
2025-07-28T17:02:06.028653+00:00,CSGO,m1che_,What is this post plant positioning,0
2025-07-28T17:12:42.146604+00:00,CSGO,Itachi,SYBAU @Gayman11,0
2025-07-28T17:15:22.624703+00:00,CSGO,Thanakrit Sathavornmanee,what r they saving for,0
2025-07-28T17:15:41.16232+00:00,CSGO,Wankit,Teses feeling excited up today,0
2025-07-28T17:08:00.39025+00:00,CSGO,JangMatGaming,laughing out loud s1mple bc games for real? the greatest of all time is Ronaldoing,0
2025-07-28T16:45:34.63984+00:00,CSGO,Cuchi_cs,@musssyyy for real,0
2025-07-28T16:41:34.241834+00:00,CSGO,PAMME,tested mousegrip?????,0
2025-07-28T16:52:47.014149+00:00,CSGO,Huh?,TESES WILL BE IN TOP 20 2025,0
2025-07-28T16:49:27.473445+00:00,CSGO,thu hương dương,:face-fuchsia-tongue-out::face-fuchsia-tongue-out::face-fuchsia-tongue-out:,0
2025-07-28T17:11:19.227249+00:00,CSGO,soul Au,falcon money well spent,0
2025-07-28T17:11:25.095809+00:00,CSGO,Th3DarkWolf,Why so many LGBTQ in the chat ? what the heck is going on,0
2025-07-28T16:37:05.141087+00:00,CSGO,s4mple,KSCERATO IS SO SMALL what the heck HAHAHAHAHA,0
2025-07-28T17:28:14.616128+00:00,CSGO,abc (def),no wonder they lost train with this coms,0
2025-07-28T16:30:42.965898+00:00,CSGO,viz3,@The Noolie :face-green-smiling::face-green-smiling::face-green-smiling:,0
2025-07-28T17:08:12.211491+00:00,CSGO,Joe Hu,Nice call kyxsen,0
2025-07-28T17:10:45.966753+00:00,CSGO,Civan,My heart friend my HEART,0
2025-07-28T16:52:13.954451+00:00,CSGO,Michael Politakis,cousin lovers always lose,0
2025-07-28T17:02:30.14393+00:00,CSGO,CEMEN_BAKIN,HES TRYNA HIGHLIGHT,0
2025-07-28T16:58:16.27057+00:00,CSGO,vjn,GET THIS GUY A VAPE,0
2025-07-28T16:33:52.85559+00:00,CSGO,CherryAxe,Mongolz was on another level,0
2025-07-28T16:42:19.998353+00:00,CSGO,Rimuru Sama,13-11 for furia,0
2025-07-28T17:10:39.544151+00:00,CSGO,SiamDA,falcon needs forsaken,0
2025-07-28T17:29:57.894347+00:00,CSGO,Wordy,niko wont ever win major,0
2025-07-28T16:39:01.12021+00:00,CSGO,JimmyTheB,Skins are borrowed it’s not theirs,0
2025-07-28T17:20:39.357958+00:00,CSGO,Alec,steel brainbread,0
2025-07-28T17:14:33.293342+00:00,CSGO,Gudetama,LETS GOO MONESY,0
2025-07-28T17:10:01.546404+00:00,CSGO,re tu,my greatest of all time would never join bc game,0
2025-07-28T16:32:20.206771+00:00,CSGO,flowz,@Mono kkkkk this is no faceit lobby,0
2025-07-28T16:40:54.273371+00:00,CSGO,LightEX,Molodoy a monster w that awp,0
2025-07-28T17:25:25.079925+00:00,CSGO,MarreManet,YES offset I agree,0
2025-07-28T16:57:37.742713+00:00,CSGO,Blockt H,Use a Grammy as A doorstop,0
2025-07-28T17:15:26.946983+00:00,CSGO,feathersS,today monesy is playing well,0
2025-07-28T17:03:12.040564+00:00,CSGO,Binki,lets go Falcons with KyoBakin Pogs,0
2025-07-28T17:28:15.404728+00:00,CSGO,Joe,Kekindar suspicious,0
2025-07-28T16:29:42.18727+00:00,CSGO,OG,:text-green-game-over:,0
2025-07-28T16:54:33.448769+00:00,CSGO,Graha Zamrud,"niko out, donk in",0
2025-07-28T17:04:09.915139+00:00,CSGO,Avery Schlodder,holy raindrop3k is so bad,0
2025-07-28T17:01:24.173778+00:00,CSGO,Ghost Oaks,Kiousuke is doing good,0
2025-07-28T16:39:01.109092+00:00,CSGO,gustavr,can people actyually donate to esl?,0
2025-07-28T16:40:23.216572+00:00,CSGO,Michael Politakis,i hope falcons lose this and disband from shame,0
2025-07-28T16:58:16.174466+00:00,CSGO,CEMEN_BAKIN,nt and ns 2 shots fallen,0
2025-07-28T17:11:15.526288+00:00,CSGO,Scrimy,who the hell is bcgame?,0
2025-07-28T17:27:34.325649+00:00,CSGO,Albino •,@toutenghawj he was the highest rated player their first series this event,0
2025-07-28T17:08:49.815562+00:00,CSGO,Maverick _10,falcons== no strategy...just vibes,0
2025-07-28T17:18:33.85495+00:00,CSGO,Black Noir,yooooo lets go FURIA (TO AIRPORT:cat-orange-whistling:),0
2025-07-28T16:55:18.388595+00:00,CSGO,TXK,oil money cant even buy niko a major,0
2025-07-28T17:02:25.598274+00:00,CSGO,Gudetama,CAN STILL WIN FALCONS,0
2025-07-28T17:05:04.588652+00:00,CSGO,rowdy,molodoy is playing so scared,0
2025-07-28T16:39:00.766646+00:00,CSGO,Michael Politakis,i hope falcons lose this and disband from shame,0
2025-07-28T16:44:20.834352+00:00,CSGO,Jake Reilly,donk is so no longer skilled man,0
2025-07-28T17:04:05.305285+00:00,CSGO,Paul Revere,kyousuke no longer skilled,0
2025-07-28T17:08:30.522018+00:00,CSGO,Introverted Hhedgehog,the team lacks confidence,0
2025-07-28T17:16:05.516862+00:00,CSGO,mushuLMAO,that sleeves gay,0
2025-07-28T16:39:14.676079+00:00,CSGO,Blank Blank,"1 more ""xD"" in chat and i leave",0
2025-07-28T17:00:11.60401+00:00,CSGO,Eysi Kun,i get +6.5 on furia,0
2025-07-28T17:10:45.991009+00:00,CSGO,Twentyoneenie,I LOVE BRAZILI LOVE BRAZILI LOVE BRAZILI LOVE BRAZIL,0
2025-07-28T16:31:00.948576+00:00,CSGO,Gudetama,LETS GO DEBUT BOY,0
2025-07-28T17:10:49.371197+00:00,CSGO,Unknown,s1mple to BC .. haha,0
2025-07-28T17:17:21.276616+00:00,CSGO,IKUNKUN94,kyousuke so good,0
2025-07-28T16:57:00.85142+00:00,CSGO,ParaNormal,ez 1 tap for niko,0
2025-07-28T16:38:43.190443+00:00,CSGO,Wankit,Train good pick not many smoke lineups,0
2025-07-28T16:30:42.232899+00:00,CSGO,Lenon,Lets go Falcons,0
2025-07-28T16:51:09.475562+00:00,CSGO,John,trade niko with donks,0
2025-07-28T17:28:46.85579+00:00,CSGO,rowdy,who else out here praying for falcons downfall,0
2025-07-28T17:08:03.531834+00:00,CSGO,Ghost Oaks,what the heck falcons....,0
2025-07-28T17:00:09.608004+00:00,CSGO,Mike Brown,niko please :face-pink-tears::face-pink-tears::face-pink-tears::face-pink-tears:,0
2025-07-28T16:33:22.406823+00:00,CSGO,Jiiin,@Jean John rainbow six better,0
2025-07-28T17:10:48.904509+00:00,CSGO,abc (def),the youngster carry these veteran,0
2025-07-28T17:13:34.080169+00:00,CSGO,CHC,:face-purple-crying::face-purple-crying::face-purple-crying:,0
2025-07-28T16:33:41.766247+00:00,CSGO,Dave Dave,"atleast 2 for 1 man in favor of Falcons, no OT. I got 500 dollar on this. LETS GO FALCON!!!",0
2025-07-28T17:09:58.741907+00:00,CSGO,Steven,just retired unc,0
2025-07-28T17:12:07.013857+00:00,CSGO,Lucky13,"KYOSUKE SUCH GOOD PLAYER, ALREADY at 17",0
2025-07-28T17:01:05.552321+00:00,CSGO,Bulga_sinoflust,My greatest of all time niko is not yalls hating ball,0
2025-07-28T16:48:22.936136+00:00,CSGO,Calypso_English,who said Falcons cannot ??,0
2025-07-28T16:40:03.510344+00:00,CSGO,flex,people rooting for falcons because they bet their last dollars from their mommy on falcon,0
2025-07-28T16:51:22.47402+00:00,CSGO,d.optional,so what is the correct pronounciation then?,0
2025-07-28T16:51:15.658781+00:00,CSGO,Bayron Manjarres,"siberia players more ping, more aim",0
2025-07-28T17:02:41.256791+00:00,CSGO,LightEX,check hltv for simple news,0
2025-07-28T16:34:14.958838+00:00,CSGO,Densky Kusuma,after mongols beat falcons. today furia beat them,0
2025-07-28T17:13:42.018878+00:00,CSGO,Lisha Dogra,let's gooo falcons,0
2025-07-28T17:14:44.712451+00:00,CSGO,Wahbi,BOTODOY DE_AIRPORT,0
2025-07-28T16:50:31.114355+00:00,CSGO,sumit dhiman,Key Ouu SuuukAaa,0
2025-07-28T17:00:03.962283+00:00,CSGO,ggez,kyousuke > molodoy,0
2025-07-28T17:20:52.022208+00:00,CSGO,Mr_Lacz,When is next map?,0
2025-07-28T16:44:21.881691+00:00,CSGO,buruusu,DO THEY DO? i mean monesy and niko?,0
2025-07-28T16:45:14.617102+00:00,CSGO,Michael Politakis,cousin lovers always lose,0
2025-07-28T17:16:55.608742+00:00,CSGO,Counter Strike Clips,friend is speaking in cursive,0
2025-07-28T17:29:27.154498+00:00,CSGO,MarreManet,No one likes oil money,0
2025-07-28T17:09:35.943702+00:00,CSGO,Lucky13,kyxsan should go as well...,0
2025-07-28T17:24:29.397011+00:00,CSGO,MarreManet,Pimp is the most hated and least likes BY FAR,0
2025-07-28T17:14:20.595754+00:00,CSGO,fdodp88,"hey everyone, s1imple got fired from NAVI",0
2025-07-28T17:05:39.506996+00:00,CSGO,Vince fendy,what the heck saving,0
2025-07-28T16:30:09.963883+00:00,CSGO,Saphace,@Jaziero not only his polo,0
2025-07-28T17:13:35.470578+00:00,CSGO,mike nike bike,molodog molobot molonoob,0
2025-07-28T17:27:54.806184+00:00,CSGO,famuss,The only reason FaZe had s1mple on loan was out of desperation to have an awper for the major and they clearly believed he wasn’t a good fit because they wanted to replace him mid major.,0
2025-07-28T17:08:40.918918+00:00,CSGO,tinggg901,flcn lets go please win,0
2025-07-28T16:49:26.969035+00:00,CSGO,arun kumar,niko monesey sleeping,0
2025-07-28T16:51:24.655446+00:00,CSGO,Ramzi Zouaghi,let's go falcons,0
2025-07-28T17:28:13.77305+00:00,CSGO,MarreManet,@scrimy But they havent yet…,0
2025-07-28T16:54:38.711321+00:00,CSGO,Ikk0maa,As much as I hate the falcons I want Niko to win a major at least,0
2025-07-28T16:44:12.365369+00:00,CSGO,Counter Strike Clips,Furia are Adidas'd the heck UP,0
2025-07-28T17:11:37.16083+00:00,CSGO,Robert B,"@Th3DarkWolf thats a rainbow flag, gtfo with your alphabet mafia",0
2025-07-28T17:11:10.410722+00:00,CSGO,Stefanos Dd,Kyo sooo good man,0
2025-07-28T17:19:09.094369+00:00,CSGO,Wankit,Niko not on his prime anymore,0
2025-07-28T16:45:18.9281+00:00,CSGO,n0m0ney,:face-orange-biting-nails::face-orange-biting-nails::face-orange-biting-nails::face-orange-biting-nails:,0
2025-07-28T16:35:58.683822+00:00,CSGO,Blockt H,"Tyler the Creator - Don't Tap the Glass, is QUESTIONABLE, Espacially after the Timeout",0
2025-07-28T17:12:45.966332+00:00,CSGO,Enkh orgil,wcyd if your awper plays like that,0
2025-07-28T16:54:09.12157+00:00,CSGO,philvinc4,at least it's not a gambling ad,0
2025-07-28T16:44:13.006026+00:00,CSGO,Jacob Saldaña,Niko is no longer skilled,0
2025-07-28T16:51:58.359435+00:00,CSGO,xSchons,its pronouced Kyohske,0
2025-07-28T17:11:25.012083+00:00,CSGO,Jooosiaaas,THE KYOUSUKE GLAZE MUST KNOW NO LIMITS,0
2025-07-28T17:19:17.734309+00:00,CSGO,Ostra,niko will nevet win a major dont worry,0
2025-07-28T16:54:03.014401+00:00,CSGO,Cuchi_cs,@LifebySSR nice reference,0
2025-07-28T17:14:03.419647+00:00,CSGO,musssyyy,niko need to wake up lololo,0
2025-07-28T17:15:19.072623+00:00,CSGO,Hlcnic,simple got transferred to bcgame,0
2025-07-28T17:11:01.113335+00:00,CSGO,Veni Madhav,s1mple left navi,0
2025-07-28T16:36:54.368967+00:00,CSGO,Jean John,"@Jiiin yes, ofc",0
2025-07-28T16:59:13.113359+00:00,CSGO,Shane Silva,For those who want to know the song that played in the half time SONG NAME: Telling You Lies - Marius Lenoir and Saana,0
2025-07-28T17:13:18.033512+00:00,CSGO,ran,molodoy playing with phone speaker,0
2025-07-28T17:21:53.487853+00:00,CSGO,abc (def),@Johnny Blaxxx i thought u going to compare him with zywoo/donk debut. haha,0
2025-07-28T16:31:15.028035+00:00,CSGO,John,ye faze vs spirit overpowered match,0
2025-07-28T17:00:05.650357+00:00,CSGO,xyz,i bet $50 for FURIA game 1 pleas comeback,0
2025-07-28T17:07:33.384052+00:00,CSGO,luxchit,wow simple to bc gaming,0
2025-07-28T17:10:33.978308+00:00,CSGO,mike nike bike,KYOUSUGOD AND MONEYGOD,0
2025-07-28T17:09:08.663797+00:00,CSGO,110th country,s1mple to BCGame,0
2025-07-28T17:08:29.340743+00:00,CSGO,Thanakrit Sathavornmanee,still thinking bout that 3v5 inferno,0
2025-07-28T16:43:17.70283+00:00,CSGO,Oleczek1337,"@pp kk yes, t like train",0
2025-07-28T17:17:13.503475+00:00,CSGO,Doggydoo,kyosuke and money new duo,0
2025-07-28T16:55:58.291167+00:00,CSGO,Yungbeck,Shazam gave me nothing,0
2025-07-28T17:18:41.29307+00:00,CSGO,Al Laziz,somple tier3 going to crazy very much,0
2025-07-28T16:56:13.916636+00:00,CSGO,SampleText,Saana $ Marius Lenoir - Telling You Lies,0
2025-07-28T16:54:24.77972+00:00,CSGO,Leoniblox,Chat i love you,0
2025-07-28T16:38:13.140995+00:00,CSGO,Jacob Clements,yo that's racist,0
2025-07-28T17:15:46.276379+00:00,CSGO,Yan Chen,Kyousuke so good hard carring four bots,0
2025-07-28T17:15:54.722526+00:00,CSGO,Оргил .Т.,kyosuke is good tier 1,0
2025-07-28T16:49:37.173973+00:00,CSGO,Falouti Mohammed,donk + mONESEY = Donkey,0
2025-07-28T16:53:24.91064+00:00,CSGO,LightEX,Molodoy cant play this map..next map,0
2025-07-28T17:11:12.006328+00:00,CSGO,Shad Cabunoc,"molodoy carrying team, going to be regular player +++",0
2025-07-28T17:16:50.388067+00:00,CSGO,Wei-Yu Wang,-Niko +Magisk:face-red-droopy-eyes:,0
2025-07-28T17:30:08.33948+00:00,CSGO,Al Laziz,salary is first who cares abt major,0
2025-07-28T17:02:36.157083+00:00,CSGO,Ghost Oaks,Fakcons play so bad,0
2025-07-28T16:56:42.868299+00:00,CSGO,MR. RZ,"nah, they are not MIBR",0
2025-07-28T17:06:39.877873+00:00,CSGO,Raxyl,is s1mple bc games real ? i cannot believe this,0
2025-07-28T16:54:56.962868+00:00,CSGO,Patrick,What team S1mple will join,0
2025-07-28T16:53:28.862971+00:00,CSGO,Archit Kokate,friend i put 100 on furia,0
2025-07-28T17:09:48.122328+00:00,CSGO,Jean John,lool Niko cant buy a kill,0
2025-07-28T17:21:51.740184+00:00,CSGO,Bayron Manjarres,monesy is now the new sh1ro?,0
2025-07-28T17:30:09.007676+00:00,CSGO,Kohrona,theyre self aware laughing out loud,0
2025-07-28T17:25:08.020974+00:00,CSGO,Ali666,welcome to s tier kyousuke,0
2025-07-28T17:17:36.711408+00:00,CSGO,Singe72,yekindar head in screen,0
2025-07-28T16:50:38.601291+00:00,CSGO,b k,what the heck. this BOY,0
2025-07-28T17:13:51.311995+00:00,CSGO,DotaThoughts,BC GAME signed s1mple laughing out loud,0
2025-07-28T17:11:47.17936+00:00,CSGO,Pace,Goatsuke carrying falcon's ass,0
2025-07-28T17:18:04.51735+00:00,CSGO,Shadow,Simple toBCgame,0
2025-07-28T16:40:28.672944+00:00,CSGO,Dersim Heimervall,"""Falcons’ roster is reportedly the most expensive in the scene, collectively earning around $240k/month""",0
2025-07-28T17:14:43.530463+00:00,CSGO,Sharksm1le,Niko hard carry,0
2025-07-28T17:29:54.283453+00:00,CSGO,Gudetama,give us a major,0
2025-07-28T17:18:03.676639+00:00,CSGO,LightEX,let us hear furias vc.. what was molodoy listening too,0
2025-07-28T16:38:57.757088+00:00,CSGO,Gudetama,LETS GOOOOO FALCONSSSS,0
2025-07-28T16:58:55.910431+00:00,CSGO,bnwNP,So much potential,0
2025-07-28T17:13:17.714229+00:00,CSGO,Marcel Cenatti,APOSENTA MOLODOY,0
2025-07-28T17:28:26.282957+00:00,CSGO,Usman Khan,"you'll see a very different game from Niko now that Kyousuke is here, his game plan is going to be around Kyousuke so chill out, he'll be baiting himself everytime.",0
2025-07-28T16:41:48.343431+00:00,CSGO,HeatonM,"sorry new here, are we watching tier-10 teams playing?",0
2025-07-28T17:13:33.567884+00:00,CSGO,Lộc XT,tenses are insane,0
2025-07-28T16:37:41.525845+00:00,CSGO,EZ$ BLUD,Did faze play already ?,0
2025-07-28T16:49:27.592548+00:00,CSGO,Coining,wow yekindar far from monitor,0
2025-07-28T16:49:24.384266+00:00,CSGO,Leoniblox,Theses my favorite player,0
2025-07-28T17:02:44.976722+00:00,CSGO,Niteysh gohill,niko its not 1.6,0
2025-07-28T16:31:08.228198+00:00,CSGO,The ExXeMoS,Yet another falcons elimination game,0
2025-07-28T16:43:18.93208+00:00,CSGO,offset_88,non oil based lubr,0
2025-07-28T16:45:36.335865+00:00,CSGO,Abhishek Mishra,Whose pick is this,0
2025-07-28T17:13:03.617828+00:00,CSGO,ggez,no sound?? molodoy?,0
2025-07-28T17:14:12.480453+00:00,CSGO,mike nike bike,molodog molobot molonoob molochoke molothrow,0
2025-07-28T17:15:21.737994+00:00,CSGO,Steven,magisk could never,0
2025-07-28T17:30:08.862569+00:00,CSGO,Andrew Satorius,LMAOO NiKO GOOFING OFF,0
2025-07-28T17:15:48.131921+00:00,CSGO,rawgen 1.618,kyosuke 3x more kills than niko,0
2025-07-28T16:47:02.746366+00:00,CSGO,Trevor Hunka,just give vitality the trophy,0
2025-07-28T17:11:19.351059+00:00,CSGO,Evan,What is BC gaming,0
2025-07-28T17:14:39.959226+00:00,CSGO,ran,what the heck are they doing haha,0
2025-07-28T17:23:31.689607+00:00,CSGO,Johnny Blaxxx,@usman or usman wannabe. i am sitting down and he was playing safe. nothing spectacular. monesy have a bigger debut in my opinion,0
2025-07-28T17:14:23.550062+00:00,CSGO,GinJe,simple join bc wtfffffffffffffff,0
2025-07-28T17:29:47.907172+00:00,CSGO,ReLchcam,kyousecond greatest of all time,0
2025-07-28T17:02:27.473639+00:00,CSGO,Michael Politakis,@111 qq mohamed read a book,0
2025-07-28T16:38:49.46357+00:00,CSGO,Edwin Huisa De La Cruz,go falcons go go,0
2025-07-28T16:52:30.418959+00:00,CSGO,Falouti Mohammed,TESESESESESESSESES,0
2025-07-28T16:37:02.410613+00:00,CSGO,M Camara,can u stol the hatewatch please,0
2025-07-28T17:14:00.760246+00:00,CSGO,Koracoe,hearing the comms sometimes in pro matches they scream more then they talk prob could not hear shit,0
2025-07-28T17:26:57.184659+00:00,CSGO,LOS Ruan,tem algum brasileiro?,0
2025-07-28T16:32:26.570338+00:00,CSGO,Wyn H,"teses bad player, close range db but 0 kills?",0
2025-07-28T17:26:35.163832+00:00,CSGO,Counter Strike Clips,Steel was counting his skins from IBP,0
2025-07-28T16:45:36.189972+00:00,CSGO,Carlo Jusi,friend what the heck happened to niko,0
2025-07-28T17:14:28.52577+00:00,CSGO,Elisabeth mccoy,s1mple joined to bcgaming best duo with nexa,0
2025-07-28T16:33:48.944744+00:00,CSGO,Shinhwa Gaming,Furia picked train,0
2025-07-28T17:18:55.485452+00:00,CSGO,Steven,failcons auraless,0
2025-07-28T17:03:27.02873+00:00,CSGO,111 qq,"@Michael Politakis cool answer, glad i proved my point in that u really know nothing about the middle east other then to spam what others tell you to xD",0
2025-07-28T17:18:26.71072+00:00,CSGO,Reverie,“I HAVE BOMB I HAVE BOMB GUYS I HAVE BOMB BOMB GUYS I HAVE BOMB” friend laughing so hard,0
2025-07-28T17:11:46.617716+00:00,CSGO,Jucego,gaules essas horas deve estar passando um pano...,0
2025-07-28T17:18:15.111824+00:00,CSGO,Doggydoo,kyosuke and monesy new duo,0
2025-07-28T17:15:40.039305+00:00,CSGO,John Chung,two shooting sleeves is crazy,0
2025-07-28T16:42:01.950556+00:00,CSGO,Dave Dave,"nice boyss, win me my moneyyyy!!!",0
2025-07-28T16:55:38.383417+00:00,CSGO,Scrub,Wait falcons came to play ?,0
2025-07-28T17:13:27.215912+00:00,CSGO,FirsT Jirapat,what the heck molobot,0
2025-07-28T17:04:46.116121+00:00,CSGO,averageactivities,I want to get blown to bits,0
2025-07-28T17:04:28.531058+00:00,CSGO,kohwellSyiem,Forsaken better thelan these beginner,0
2025-07-28T17:13:39.582806+00:00,CSGO,ddostoevsky,Rushing ct is a B classic how are they not ready,0
2025-07-28T17:13:11.581089+00:00,CSGO,Eldiiar Kudaiberdiev,Teses greatest of all time,0
2025-07-28T16:51:04.227176+00:00,CSGO,Stephen,zonic is so excited... i think his job may be on the line. xD,0
2025-07-28T17:30:06.677956+00:00,CSGO,CSTherapist,JUST ONE MORE ROSTER MOVE,0
2025-07-28T17:11:29.559871+00:00,CSGO,Collier Thigpen,"kyousuke, zywoo, apex, donk, xantares god team",0
2025-07-28T17:24:39.520328+00:00,CSGO,Jeet Chanda,liquid would take S1mple all day haha. a big name,0
2025-07-28T16:45:06.192624+00:00,CSGO,Patrick,:face-orange-biting-nails:,0
2025-07-28T16:57:32.529345+00:00,CSGO,Shane Silva,Yooooooooo SONG NAME: Telling You Lies - Marius Lenoir and Saana,0
2025-07-28T16:52:50.538292+00:00,CSGO,Wankit,Teses feeling good today,0
2025-07-28T17:24:36.565617+00:00,CSGO,re tu,don't care about this game talk about s1mple,0
2025-07-28T17:28:06.489554+00:00,CSGO,Steven,failcons is one season wonder,0
2025-07-28T16:53:53.727347+00:00,CSGO,TXK,GO TEAM OIL MONEY!,0
2025-07-28T16:59:33.145488+00:00,CSGO,Sebastian Moran,mollyboy crying,0
2025-07-28T17:00:01.117764+00:00,CSGO,Collier Thigpen,"kyousuke, zywoo, apex, donk, xantares god team",0
2025-07-28T17:22:10.448776+00:00,CSGO,Cezary,@Johnny Blaxxx kyousuke sounds better I do not know,0
2025-07-28T17:15:28.339031+00:00,CSGO,bankai biohazard,i know the S in monesy is dollar money,0
2025-07-28T16:39:30.170652+00:00,CSGO,Counter Strike Clips,"Falcons will be profitable after they win 10 majors in 2042. Niko will be 73 years old, and his son will play on Falcons",0
2025-07-28T16:42:43.712511+00:00,CSGO,wakeuplabro,what a boring map,0
2025-07-28T17:13:25.096773+00:00,CSGO,Temuulen Temka,:text-green-game-over:,0
2025-07-28T16:49:38.150133+00:00,CSGO,rawle r,lets go falcons,0
2025-07-28T16:54:18.96843+00:00,CSGO,Danny Tsr,Now G2 & 3D Max for sure. 3DMax will win,0
2025-07-28T16:59:01.088026+00:00,CSGO,Thomas,FALCONS ERA FALCONS ERA,0
2025-07-28T17:11:01.79007+00:00,CSGO,Ghost Oaks,its painful for falcons,0
2025-07-28T17:08:08.403786+00:00,CSGO,tralza,"haha, but falcons wont lose it",0
2025-07-28T16:44:44.01129+00:00,CSGO,Michael Politakis,cousin lovers always lose,0
2025-07-28T17:30:10.647728+00:00,CSGO,leeseolhee,laughing out loud hahaha,0
2025-07-28T16:32:29.235075+00:00,CSGO,Vishal choudhary,paki bots in the chat,0
2025-07-28T17:27:14.476655+00:00,CSGO,Saphace,the inferno incident Aware,0
2025-07-28T16:39:50.024602+00:00,CSGO,HeatonM,kysuke - a beginner in s-tier game carrying those veteran,0
2025-07-28T16:40:46.586525+00:00,CSGO,satanic,Kyousuke better than Donk,0
2025-07-28T17:30:04.345509+00:00,CSGO,No Point,laughing out loud,0
2025-07-28T16:44:40.160893+00:00,CSGO,Meimphisto,Botcons or Failclowns which sounds better guys?,0
2025-07-28T17:01:46.779635+00:00,CSGO,Trevor Hunka,friend dodged bullets,0
2025-07-28T17:13:55.968076+00:00,CSGO,Zezzel,BYE BYE FURIA DE_AIRPORT,0
2025-07-28T17:13:30.604308+00:00,CSGO,Nguyen Hieu,MOLODOY = MELODY,0
2025-07-28T16:49:51.166659+00:00,CSGO,Savage,baby greatest of all time,0
2025-07-28T17:30:01.870428+00:00,CSGO,WALOWALOWALOWALOWALOWALOWALOWALOWALOWALOWALOWALOWALOWALOWALOWALOWALOWALOWALOWALOWALOWALOWALOWALOW,laughing out loud,0
2025-07-28T16:38:20.819579+00:00,CSGO,Densky Kusuma,letsgo million dolar team,0
2025-07-28T16:33:50.122705+00:00,CSGO,musssyyy,yekindar need to sit closer to that monitor tho..,0
2025-07-28T16:54:59.918042+00:00,CSGO,Jesper911,i need this music name,0
2025-07-28T16:55:14.083816+00:00,CSGO,yashwardhan sable,niko should retire,0
2025-07-28T16:36:29.761073+00:00,CSGO,White,@Dave Dave Looks good for you,0
2025-07-28T17:03:13.161671+00:00,CSGO,Steven,friend THINK HE'S DONK,0
2025-07-28T16:53:39.80419+00:00,CSGO,Kh4ly Tran,"My boy TeSes been slept on for so long, he's the backbone of Falcon",0
2025-07-28T17:28:59.07032+00:00,CSGO,Gabriel Amaro da Luz,absolute ciname,0
2025-07-28T17:20:07.741686+00:00,CSGO,Ol Slappy,KennyS was way better than Simple you clowns,0
2025-07-28T16:29:47.054434+00:00,CSGO,woddson,@llaMa WE SAW IT friend,0
2025-07-28T17:11:08.061375+00:00,CSGO,G10,KYSOUKE IS CRAZY,0
2025-07-28T16:40:44.422405+00:00,CSGO,Gudetama,NICE FALCONSSSSS,0
2025-07-28T17:10:46.447579+00:00,CSGO,Lau xD,s1mple to BC game what the heck is that team anyway,0
2025-07-28T16:52:37.367355+00:00,CSGO,Civan,Finally the pigeons showing something,0
2025-07-28T17:15:28.401712+00:00,CSGO,hrdv,what the heck furia doing,0
2025-07-28T16:30:08.135358+00:00,CSGO,odko od,which one is safer? falcons win or furia +1.5?,0
2025-07-28T16:54:12.643988+00:00,CSGO,Sgt.shaggy,open the knorrrrrrr,0
2025-07-28T16:37:45.869785+00:00,CSGO,Enzo,Fallen 2025? haha,0
2025-07-28T17:12:02.897286+00:00,CSGO,TK,the money worth,0
2025-07-28T17:10:57.917381+00:00,CSGO,Fahmi Sharin,no longer skilled niko,0
2025-07-28T17:26:23.831775+00:00,CSGO,ToutengHawj,friend niko is literally negative kda since dallas... how he doing is bait role for kyousuke when he wasn't even there,0
2025-07-28T17:26:02.457936+00:00,CSGO,abc (def),@Jeet Chanda in OF or just in classic site?,0
2025-07-28T16:55:27.237751+00:00,CSGO,Michael Politakis,@Thomas you are not a THOMAS FOR SURE MOHAMED,0
2025-07-28T17:19:30.013308+00:00,CSGO,Duke,Holger Keks mirage,0
2025-07-28T17:14:06.079192+00:00,CSGO,Shane Silva,next time niko going to the bench,0
2025-07-28T16:55:18.180688+00:00,CSGO,111 qq,@Naima what does that even mean haha,0
2025-07-28T16:36:49.327579+00:00,CSGO,wo0sa,behind oil is RIGHT!,0
2025-07-28T16:53:36.755254+00:00,CSGO,John,trade niko with donks simple its is,0
2025-07-28T17:09:50.296763+00:00,CSGO,Civan,I do not know why falcons don't just wait it out,0
2025-07-28T17:07:03.498435+00:00,CSGO,arpit agarwal,Niko pride of dholakpur,0
2025-07-28T16:58:18.719241+00:00,CSGO,Irel Pio Mercado,yuriih shaking after haha,0
2025-07-28T16:48:08.398788+00:00,CSGO,khafmann,what is green device in their tables?,0
2025-07-28T17:08:58.709591+00:00,CSGO,MAD MAN,why no help kyousuke?,0
2025-07-28T16:32:27.429819+00:00,CSGO,HM,nice pistol choke,0
2025-07-28T16:59:08.378884+00:00,CSGO,m0NIKS,EZZ FOR FALCONS XD,0
2025-07-28T16:30:50.988898+00:00,CSGO,JW ice way,FALCONS GO BACK TO DESERT,0
2025-07-28T17:13:41.806847+00:00,CSGO,Kalashnikov,let him sleep friend,0
2025-07-28T16:35:28.014671+00:00,CSGO,Become ungovernable,Zonic should be fired,0
2025-07-28T17:09:14.422971+00:00,CSGO,Felix Ellenius,Simple just signed,0
2025-07-28T17:14:03.760126+00:00,CSGO,psychodelic,kyousuke greatest of all time,0
2025-07-28T16:55:10.751033+00:00,CSGO,Ethan,Isak here we go,0
2025-07-28T17:12:23.942414+00:00,CSGO,Th3DarkWolf,WHO LET ALL THE LGBTQ HERE ??????????,0
2025-07-28T17:05:16.107281+00:00,CSGO,Th3DarkWolf,Crazy economy round,0
2025-07-28T17:16:23.306654+00:00,CSGO,wice,s1mple in bc game,0
2025-07-28T17:30:01.508921+00:00,CSGO,Naima,no major for niko,0
2025-07-28T16:53:11.331506+00:00,CSGO,C Y A,Finally a proper falcon team,0
2025-07-28T16:36:39.143808+00:00,CSGO,Falouti Mohammed,HAHAHA comment DOWN,0
2025-07-28T16:49:32.567638+00:00,CSGO,Counter Strike Clips,Zonic shoulder grab +1,0
2025-07-28T17:17:18.520369+00:00,CSGO,Faridun Nuriddinzoda,Senzu > Kyousuke,0
2025-07-28T17:11:11.01822+00:00,CSGO,ddostoevsky,Rip all pro players having to deal with donk and now kyosuke,0
2025-07-28T17:14:53.517577+00:00,CSGO,Jonas Keunecke,oh wow monesy really warmed up,0
2025-07-28T17:05:39.149704+00:00,CSGO,Ghost Oaks,yekindar what the heck,0
2025-07-28T16:44:52.552454+00:00,CSGO,Jason X,why he look for overpowered ?,0
2025-07-28T17:14:57.422276+00:00,CSGO,Enkh orgil,drunk simple>>>molo,0
2025-07-28T17:15:33.746134+00:00,CSGO,Hernan Yarbi,good game friend,0
2025-07-28T16:44:00.748799+00:00,CSGO,Sebby,Why Falcons are bad on train? because trains are electric,0
2025-07-28T17:11:52.53233+00:00,CSGO,jey em,@Phúc thanh Bùi its a game,0
2025-07-28T17:14:47.96628+00:00,CSGO,CHC,we get them Mirage,0
2025-07-28T16:53:11.231221+00:00,CSGO,Ha Tuan Nguyen Thanh,unc niko been to bar too many,0
2025-07-28T17:12:37.736746+00:00,CSGO,Petka,SIMPLE TO BC GAME SPREAD THE WORD,0
2025-07-28T17:19:54.754628+00:00,CSGO,hansel,s1mple back to navi?,0
2025-07-28T16:55:24.994904+00:00,CSGO,Ben Alli,niko is playing 16:9 looooooooooool,0
2025-07-28T17:30:10.170908+00:00,CSGO,imisunderstand,man THATS AN ABSOLUTE CINAME,0
2025-07-28T17:20:28.810953+00:00,CSGO,GL3nn_,Forsaken waiting in lobby**,0
2025-07-28T16:39:14.604506+00:00,CSGO,bambogsa,falcons please buy lebron,0
2025-07-28T17:05:04.861797+00:00,CSGO,ous1a makihika,kyo gets opner please unc,0
2025-07-28T17:08:10.591357+00:00,CSGO,Rowel Suba,what the heck HAHAHA falcons to airport,0
2025-07-28T17:29:02.742931+00:00,CSGO,TXK,its not working papa fallen,0
2025-07-28T17:11:33.615202+00:00,CSGO,emhyr,Kyosuke the donk,0
2025-07-28T17:08:39.35687+00:00,CSGO,Алтынбек Хамит,s1mple to bc gaming ??,0
2025-07-28T16:49:53.206131+00:00,CSGO,Tomáš Vyhlidal,monesy the falling star,0
2025-07-28T16:49:34.242245+00:00,CSGO,Zehaha Pereyra,let's go testes,0
2025-07-28T17:27:11.015566+00:00,CSGO,Counter Strike Clips,Mongolz would whoop Mouz,0
2025-07-28T17:22:12.05197+00:00,CSGO,Faridun Nuriddinzoda,Senzu > Kyousuke,0
2025-07-28T16:41:56.642773+00:00,CSGO,Ammaar Moondhu,falcons play like they play FPS,0
2025-07-28T16:49:31.50273+00:00,CSGO,郭語曜,teses is already know how to play lurker,0
2025-07-28T17:14:58.803858+00:00,CSGO,lamang,lets go pick bots,0
2025-07-28T16:46:11.399294+00:00,CSGO,LightEX,Niko riding on kyousuke and monesy,0
2025-07-28T16:49:26.021792+00:00,CSGO,M Camara,hatewatch going wrong,0
2025-07-28T16:45:18.370333+00:00,CSGO,calvin,lets go falcons,0
2025-07-28T16:30:58.77439+00:00,CSGO,Hellb0y2199,@ibra truth always hurts. I understand your position,0
2025-07-28T17:05:26.888356+00:00,CSGO,abc (def),wht r u doing momnesy? just hold angle,0
2025-07-28T16:54:17.87422+00:00,CSGO,re tu,kioske the young greatest of all time,0
2025-07-28T16:54:55.597048+00:00,CSGO,Hussain,Niko was great 1 year ago,0
2025-07-28T16:42:16.418846+00:00,CSGO,Counter Strike Clips,Falcons (sponsored by BP),0
2025-07-28T17:09:24.178476+00:00,CSGO,Maverick _10,laughing out loud niko,0
2025-07-28T16:52:54.643184+00:00,CSGO,Phát Đỗ,beginner yekindar,0
2025-07-28T16:33:43.706458+00:00,CSGO,Anomalous,already good game,0
2025-07-28T16:52:19.649208+00:00,CSGO,Mrbomben LP,magisk could never,0
2025-07-28T17:00:16.531644+00:00,CSGO,LightEX,Molodoy aint popped off yet.. this kid is good too,0
2025-07-28T16:33:19.40905+00:00,CSGO,John,falcons go home and come next with simple or donks byeee,0
2025-07-28T17:12:44.405572+00:00,CSGO,Collier Thigpen,CMON FURIA I BELIEVE,0
2025-07-28T17:27:24.732713+00:00,CSGO,Aleksandr Gorodnichev,What is this game name?,0
2025-07-28T17:24:59.187372+00:00,CSGO,MarreManet,No one has ever disagreed with me rowdy and its driving me insane he is still here,0
2025-07-28T16:39:51.21899+00:00,CSGO,LightEX,all i see is molodoy v kyousuke,0
2025-07-28T16:59:37.785977+00:00,CSGO,RDE,niko getting carried agan?,0
2025-07-28T16:41:09.876767+00:00,CSGO,Zul Fahmi,WIN FALCONS ROGERS THAT,0
2025-07-28T17:08:39.589755+00:00,CSGO,นิติภูมิ เทียนทอง,comeback is real,0
2025-07-28T16:50:26.867703+00:00,CSGO,dminik,"guys, s1mple out of jail",0
2025-07-28T17:10:09.404847+00:00,CSGO,NapsteR.,I do not know why people think niko superstar hes been average for 5 years,0
2025-07-28T17:06:06.992526+00:00,CSGO,Enkh orgil,molodoy worst awper,0
2025-07-28T17:10:38.481865+00:00,CSGO,ous1a makihika,kyo and m0nesy on fire,0
2025-07-28T16:45:30.227262+00:00,CSGO,Helo Helo,niko drinking protein shake,0
2025-07-28T16:40:45.675295+00:00,CSGO,Monsieur DeadLock,donk will eat kyousuke alive,0
2025-07-28T17:28:13.343498+00:00,CSGO,Meme Therapist,G2 eliminated??,0
2025-07-28T17:02:17.62057+00:00,CSGO,riverlamee,good game pigeons,0
2025-07-28T16:34:13.509255+00:00,CSGO,TheStefplayer,this armsleeve from n1ko embarrassing overload,0
2025-07-28T16:43:06.516374+00:00,CSGO,Sebby,@The Driving Crooner Falcon is saudi,0
2025-07-28T16:41:02.138905+00:00,CSGO,MitoLusitano,Money can buy talent but falcons have no synergy shaking my head,0
2025-07-28T16:54:06.668909+00:00,CSGO,Coining,isn't funny that teses sit and play like that,0
2025-07-28T17:13:05.655951+00:00,CSGO,⁶¹⁰ª,see that molodog,0
2025-07-28T16:52:46.847726+00:00,CSGO,Fahty,Man falcon become scary now. Hope to see them in finals,0
2025-07-28T16:44:22.491148+00:00,CSGO,Bekzod Erkinov,What they playing 4:3?,0
2025-07-28T17:16:09.925782+00:00,CSGO,Archit Kokate,friend i put 100$ on furia,0
2025-07-28T16:36:21.864695+00:00,CSGO,Virtuous_AWP,LETS GO FALCONSA,0
2025-07-28T17:06:57.754941+00:00,CSGO,luxchit,"honestly, happy kyo is a beast, so niko can be exposed for the bad player he has become",0
2025-07-28T17:11:31.17083+00:00,CSGO,reed reed,Donk dropped 28 map 1 and 32 map 2 today with no OT…,0
2025-07-28T17:14:18.650876+00:00,CSGO,LightEX,man molody was in another planet,0
2025-07-28T17:13:03.052237+00:00,CSGO,Coining,molodoy what the heck r u doing,0
2025-07-28T17:18:31.873087+00:00,CSGO,Derrick Chan,Agree with Stefan,0
2025-07-28T16:37:42.963903+00:00,CSGO,John,falcons not that bad with so more good names they have,0
2025-07-28T17:11:02.740381+00:00,CSGO,Kamilis Jusas,KYOSUKA greatest of all time,0
2025-07-28T16:59:09.915887+00:00,CSGO,abc (def),why u gambling on 4v5 against economy round,0
2025-07-28T16:34:50.131035+00:00,CSGO,Counter Strike Clips,bad player Kyxsan,0
2025-07-28T17:13:14.256126+00:00,CSGO,Loxly 1407,"s1mple to BC game, scammer joining scamming ORG that is banned in a lot of countries KEKW",0
2025-07-28T17:11:06.33345+00:00,CSGO,Phúc thanh Bùi,valorant better,0
2025-07-28T17:12:03.510095+00:00,CSGO,Ernani Maieski Kopp,-Niko +word.exe,0
2025-07-28T17:15:19.820221+00:00,CSGO,playboi9am,niko getting kicked before teses is crazy,0
2025-07-28T17:26:50.142362+00:00,CSGO,Meme Therapist,G2 eliminated??,0
2025-07-28T17:07:01.572507+00:00,CSGO,M.Søndergaard,Yes BC game signed simple,0
2025-07-28T16:53:20.401513+00:00,CSGO,XPU100,kyuousuke never bump teses after round won?,0
2025-07-28T16:37:05.824788+00:00,CSGO,kokoska 563,Is train more CT or T sided map ?,0
2025-07-28T17:19:13.023238+00:00,CSGO,Lisha Dogra,mirage is next map,0
2025-07-28T17:15:57.29485+00:00,CSGO,grape,why is niko smiling and wearing socks on his hands???? Is he becoming a femboy?,0
2025-07-28T17:01:17.064422+00:00,CSGO,philvinc4,Was Machine about to say Karrigan haha,0
2025-07-28T17:02:02.28493+00:00,CSGO,abc (def),friend what the heck niko,0
2025-07-28T16:52:49.339489+00:00,CSGO,Emma,Kyosuke just play safe friend,0
2025-07-28T16:29:23.422481+00:00,CSGO,Djoko,this guy knows 10 english words,0
2025-07-28T16:35:03.899551+00:00,CSGO,Wildan F,SAAARRRR WE NEED ONE MORE STARPLAYER AND WE WILL MAKE THE DREAM TEAM,0
2025-07-28T17:01:59.231437+00:00,CSGO,111 qq,"@Michael Politakis what facist part ? enlighten me, u seem to be a fan of news like cnn very trust worthy",0
2025-07-28T16:40:36.289085+00:00,CSGO,Counter Strike Clips,MOLODOY BEST AWP SA,0
2025-07-28T16:41:34.825873+00:00,CSGO,RangerMike,falcons exit would be very funny,0
2025-07-28T16:56:23.387734+00:00,CSGO,Bulga_sinoflust,Niko please play 4:3 aggressive,0
2025-07-28T16:41:00.940002+00:00,CSGO,Falouti Mohammed,where is s0mple,0
2025-07-28T16:57:01.702669+00:00,CSGO,Henrique 'MAL0KAA',Vai pra casa fúria fallen aposentadoooooo,0
2025-07-28T17:28:36.586742+00:00,CSGO,d4c,germany vs brazil reference haha,0
2025-07-28T16:34:16.515119+00:00,CSGO,Nino Latif,I hope Niko goes out of falcons,0
2025-07-28T16:42:44.121428+00:00,CSGO,qwe ds,I dont like failclowns but I hope they win this match up,0
2025-07-28T17:03:37.039876+00:00,CSGO,Caio Tavares,"if furia convert this round, they will build economy against falcons and get close to 9-9 score, and if they win the follow up they will close the map 13-10 maximum",0
2025-07-28T17:26:06.378768+00:00,CSGO,Counter Strike Clips,"Niko ""best rifler of all time""",0
2025-07-28T16:54:32.908153+00:00,CSGO,jsdaking,TESES greatest of all time,0
2025-07-28T16:52:51.46934+00:00,CSGO,ous1a makihika,kyo is on anothoer level,0
2025-07-28T17:11:07.375179+00:00,CSGO,Anty,"Sorry, too late, but song name is ""Saana, Marius Lenoir — Telling You Lies",0
2025-07-28T17:29:46.706802+00:00,CSGO,Pace,Niko is begging,0
2025-07-28T16:56:47.857452+00:00,CSGO,Shane Silva,SONG NAME: Telling You Lies - Marius Lenoir and Saana,0
2025-07-28T16:35:31.289836+00:00,CSGO,Emma,Gooo Falconsssss,0
2025-07-28T16:55:06.909221+00:00,CSGO,sleepy,niko staring himself at bottom kill xd,0
2025-07-28T17:10:09.927685+00:00,CSGO,Lucas Sanchez,guys I think s1mple just want to play no matter the team,0
2025-07-28T17:13:09.50263+00:00,CSGO,m0NIKS,HAAAAAAAHAAAAAA,0
2025-07-28T16:36:58.890149+00:00,CSGO,ous1a makihika,PASSION>>>MONEY,0
2025-07-28T17:17:07.087678+00:00,CSGO,Wannabe Lee,what happend to s1mple`?,0
2025-07-28T16:53:04.001876+00:00,CSGO,Ghost Oaks,Teses n1 falcons player,0
2025-07-28T16:48:06.700902+00:00,CSGO,Sebby,I support Falcon by driving my car,0
2025-07-28T16:33:07.555904+00:00,CSGO,Jean John,@Jiiin just leave.,0
2025-07-28T16:55:17.180106+00:00,CSGO,Tran Giabao,Hope Niko win wjor,0
2025-07-28T16:35:28.897934+00:00,CSGO,Jani,Still a decent bonus round,0
2025-07-28T16:49:14.820794+00:00,CSGO,Eter,3 1v1s already?,0
2025-07-28T16:57:49.94116+00:00,CSGO,Jonas Keunecke,the guy is sick,0
2025-07-28T16:51:04.19571+00:00,CSGO,Verl_TV,nico wake uppppp,0
2025-07-28T17:13:20.408045+00:00,CSGO,Elisabeth mccoy,tessessssssssssss,0
2025-07-28T16:58:16.05113+00:00,CSGO,Gudetama,NICE TRY FALCONS WE CAN WIN THIS,0
2025-07-28T17:09:48.203309+00:00,CSGO,Dupeeeeeeeeeeeee,bcgame got s0mple,0
2025-07-28T16:49:42.893431+00:00,CSGO,Danny Tsr,Already mentioned yesterday. Furia & Falcon purposely lose last match. They don’t want face vitality,0
2025-07-28T16:36:39.038162+00:00,CSGO,Virtuous_AWP,LETS GO KYOUSUKE,0
2025-07-28T16:45:44.699802+00:00,CSGO,Shaheer Hussain,falcon can afford zonk so they should drop chocker niko,0
2025-07-28T17:19:43.119229+00:00,CSGO,TheStefplayer,so much talking too much so low skill,0
2025-07-28T16:57:59.029024+00:00,CSGO,L30N,Moras vjezbati kyosuke,0
2025-07-28T17:28:02.257834+00:00,CSGO,Rule One,@Crab thank you,0
2025-07-28T16:56:04.939795+00:00,CSGO,Kivi,go fast 13/3 :D,0
2025-07-28T16:55:04.946112+00:00,CSGO,Steven,magisk could never,0
2025-07-28T17:16:10.330191+00:00,CSGO,Patrick,:person-blue-eating-spaghetti::person-blue-eating-spaghetti:,0
2025-07-28T17:08:13.776208+00:00,CSGO,Quang Hải Jr.,bad tactic in-game leader,0
2025-07-28T17:14:33.778331+00:00,CSGO,Al Laziz,s0mple good game,0
2025-07-28T17:02:29.380779+00:00,CSGO,Joe Hu,How kyxsen miss that,0
2025-07-28T17:29:19.864438+00:00,CSGO,m a x i m,@uSTORYs who is you,0
2025-07-28T16:41:07.733723+00:00,CSGO,Densky Kusuma,why falcon loose with mongols yesterday ?,0
2025-07-28T16:53:57.822267+00:00,CSGO,Graha Zamrud,"niko out, donk in",0
2025-07-28T17:08:18.649686+00:00,CSGO,Timo,ohohhh comeback?,0
2025-07-28T16:32:36.49195+00:00,CSGO,Sher,ALGA QAZAQSTANALGA MOLODOYMOLOGOAT ALGA BRASIL VAMOS FURIA!!!!!!,0
2025-07-28T16:30:37.52167+00:00,CSGO,John,nah faze vs spirit tomorrow,0
2025-07-28T17:09:33.848005+00:00,CSGO,Sarthak,Falcons lossing this match,0
2025-07-28T17:00:28.335241+00:00,CSGO,Stefan Domnica,"Everyone hating niko, just cry cuz u cant hit what he is hitting, not every day is a good day, not every tournament is a good tournament",0
2025-07-28T17:11:13.747347+00:00,CSGO,Call me by your name,"4,5m $ won in a critical moment",0
2025-07-28T17:25:37.979595+00:00,CSGO,Sam Loan,Who is this new analyst? I don’t like his vocabulary.,0
2025-07-28T17:20:12.116668+00:00,CSGO,foffik,KYOUSUKE greatest of all time,0
2025-07-28T17:13:56.558913+00:00,CSGO,Infernnal,#BestiaNaoTemMundial,0
2025-07-28T16:40:57.368107+00:00,CSGO,John,donks got told 64 kills today,0
2025-07-28T17:27:07.428342+00:00,CSGO,rowdy,"@Ghost Oaks its worse, he joined crypto casino team",0
2025-07-28T17:25:30.504854+00:00,CSGO,HerculesWoo,where was steele for the last 10 years?,0
2025-07-28T16:44:01.329591+00:00,CSGO,Benji,when does ENCE play? #ez4ENCE,0
2025-07-28T17:21:40.51725+00:00,CSGO,famuss,why is anyone acting like s1mple is a t1 awper still he was mediocre at the major and only performed well against t2 teams haha what t1 team would sign him,0
2025-07-28T17:26:50.206464+00:00,CSGO,Rule One,krakow is added or replaces katowice?,0
2025-07-28T17:30:00.394439+00:00,CSGO,ritikulous,HAHAHAHAHAHAHHAHAHA,0
2025-07-28T17:24:10.855342+00:00,CSGO,Elisabeth mccoy,comparing possibilities to rebuild team bc vs falcons - thats unfair,0
2025-07-28T17:17:07.855177+00:00,CSGO,Black Noir,yooooo lets go FURIA (TO AIRPORT:cat-orange-whistling:),0
2025-07-28T16:50:18.710102+00:00,CSGO,EL FARA,he is overpowered,0
2025-07-28T16:45:26.650759+00:00,CSGO,Don “TheRealDonRossFromESEA” Ross,niko is SOOOO thirsty,0
2025-07-28T16:43:24.370622+00:00,CSGO,Ha Tuan Nguyen Thanh,the art of choke begin,0
2025-07-28T17:04:43.102676+00:00,CSGO,Ghost Oaks,"There is a problem in falcons, something is wrong!!!",0
2025-07-28T17:21:39.454497+00:00,CSGO,Keyterjoe Caloy,falcons the flightless bird,0
2025-07-28T17:01:23.632555+00:00,CSGO,Michael Politakis,@111 qq you purposfully ignore the facist part?,0
2025-07-28T17:25:45.818261+00:00,CSGO,offset_88,@MarreManet :hand-pink-waving:,0
2025-07-28T17:05:54.736301+00:00,CSGO,TXK,sick gamble defense against low economy round,0
2025-07-28T16:43:07.316378+00:00,CSGO,Ammaar Moondhu,you can't win in the pro scene if you play like you play FPL,0
2025-07-28T16:42:25.059703+00:00,CSGO,Michael Politakis,cousin lovers always lose,0
2025-07-28T17:14:58.761835+00:00,CSGO,Black Noir,:text-green-game-over::text-green-game-over::text-green-game-over::text-green-game-over::text-green-game-over::cat-orange-whistling::cat-orange-whistling::cat-orange-whistling::cat-orange-whistling::cat-orange-whistling:,0
2025-07-28T17:10:43.981774+00:00,CSGO,Robert B,kisoke seems to be clutchmeister,0
2025-07-28T16:29:30.917608+00:00,CSGO,ALmusic,NIKO LATS GOOOO 3 9,0
2025-07-28T16:36:28.146551+00:00,CSGO,Stephen,lets go falconz,0
2025-07-28T16:39:42.466482+00:00,CSGO,SLayeR,m0nesy's confidence is dead unfortunately. No awp for him.,0
2025-07-28T17:05:46.798272+00:00,CSGO,arpit agarwal,Monesy pride of,0
2025-07-28T17:08:07.826466+00:00,CSGO,Lon s,maaan double Peek?,0
2025-07-28T17:14:01.324441+00:00,CSGO,Galvz,Molodoy playing without headphones,0
2025-07-28T16:34:38.471674+00:00,CSGO,4Thelolz,"midscerato, yuurnothim, Falloff, Molotov, KEKindar",0
2025-07-28T16:53:17.218978+00:00,CSGO,rawgen 1.618,niko only 4 kills,0
2025-07-28T17:24:32.196237+00:00,CSGO,Usman Khan,"johnny boy it's his first tournament and he's a 17 year old kid trying to make his 2 million dollar contract relevant, everyone would be shaky at the start of their career.",0
2025-07-28T17:07:07.300172+00:00,CSGO,amir amazandian,kyosuka is persian,0
2025-07-28T17:03:22.106752+00:00,CSGO,Yv,:text-yellow-goal:,0
2025-07-28T16:53:36.115596+00:00,CSGO,Jansa Tamme,Donk brought spirit back from 3-9 on nuke... kyosuke going to do the same on an even more ct sided map than nuke,0
2025-07-28T16:34:43.735348+00:00,CSGO,Jiiin,@Jean John rainbow six better,0
2025-07-28T17:20:40.011313+00:00,CSGO,TXK,which russian will they buy after they lose again?,0
2025-07-28T17:08:19.018156+00:00,CSGO,TXK,sick play flacons,0
2025-07-28T16:38:24.624355+00:00,CSGO,Phil,Why no grenade skins?,0
2025-07-28T16:55:19.082808+00:00,CSGO,Trevor Hunka,OH HEY CHAT NOBODY MENTIONED SIMPLE IN 15 SECONDS THOUGHT I SHOULD,0
2025-07-28T16:47:43.984117+00:00,CSGO,re tu,we need kioske in the lanxess arena even if I hatewatch falcons,0
2025-07-28T16:42:54.786019+00:00,CSGO,Dave Dave,lets win Falconsss,0
2025-07-28T16:41:35.360744+00:00,CSGO,Don “TheRealDonRossFromESEA” Ross,how much is zonic getting paid to high 5 them every round?,0
2025-07-28T17:08:36.669356+00:00,CSGO,MAD MAN,why they don't help kyousuke,0
2025-07-28T17:21:49.22474+00:00,CSGO,Scrimy,theres only 3 people on bcgaming depends who else they sign,0
2025-07-28T17:25:20.848291+00:00,CSGO,Bapsy,Analysts built like toothpicks,0
2025-07-28T17:25:46.120308+00:00,CSGO,re tu,bc gaming JL and magixx leaked,0
2025-07-28T17:27:10.068072+00:00,CSGO,CREO DESIGN(Sadullayev),Whats wrong with s1,0
2025-07-28T17:08:18.841374+00:00,CSGO,Lucky13,WHY KYXAN DIDNT PEEK WITH KYOSUKE ??? they are 2vs1 on B,0
2025-07-28T16:54:04.930618+00:00,CSGO,Stefanos Dd,Yekindar friend move away from the screen you can’t see anything,0
2025-07-28T16:52:28.825716+00:00,CSGO,vappex,laughing out loud how do you lose that,0
2025-07-28T16:55:07.997195+00:00,CSGO,Graha Zamrud,"top 3, vita, spirit, mongolz",0
2025-07-28T17:03:06.940858+00:00,CSGO,Fahty,Niko please dont throw,0
2025-07-28T16:29:01.715301+00:00,CSGO,adikiba20,@Aylie train mirage dust 2,0
2025-07-28T17:07:54.831478+00:00,CSGO,Sgt.shaggy,niko rhymes with nokia,0
2025-07-28T16:50:34.757702+00:00,CSGO,Cuchi_cs,"unbelivable, falcons stars are in a very bad moment",0
2025-07-28T16:42:42.191302+00:00,CSGO,Robert B,doesnt matter how you play aslong as you win games,0
2025-07-28T16:29:17.823859+00:00,CSGO,Gudetama,FALCONNNSSSSSSSS,0
2025-07-28T17:11:01.093824+00:00,CSGO,Gayman11,come one falcons for the community,0
2025-07-28T16:53:13.883043+00:00,CSGO,Sobe Toby,why is Niko on this team?,0
2025-07-28T17:02:34.517822+00:00,CSGO,RQG,why is niko tapping everytime?,0
2025-07-28T16:30:28.473948+00:00,CSGO,Faegh Yahya,"yekindar going out with 28kills, remember",0
2025-07-28T16:53:09.464327+00:00,CSGO,Rbjrrrrrrr,FURIA TIER 3 NO CHANCE,0
2025-07-28T16:39:07.047254+00:00,CSGO,Trevor Hunka,@Agon Fazliu people have to mention simple at every opportunity haha,0
2025-07-28T16:34:33.792101+00:00,CSGO,Dave Dave,"LETS GO FALCON, 500 DOLLARS MAN. DONT LOSE",0
2025-07-28T17:21:30.569996+00:00,CSGO,AintYe,simple to bc!!!!,0
2025-07-28T16:56:00.863654+00:00,CSGO,V1PeR,i want to eat now,0
2025-07-28T17:03:14.428422+00:00,CSGO,Ghost Oaks,Maybe kick kyxsan,0
2025-07-28T17:29:06.576083+00:00,CSGO,abc (def),and BOOOM. they out of competition,0
2025-07-28T17:13:01.693647+00:00,CSGO,OG Flunky,Simple is going to be a casino streamer for bc,0
2025-07-28T17:30:05.375116+00:00,CSGO,Ostra,niko will never win a major,0
2025-07-28T17:24:22.370677+00:00,CSGO,Ali666,donk arrival >>>>>>> kyousuke arrival,0
2025-07-28T16:54:15.211432+00:00,CSGO,Scrimy,S1mple finally left NAVI,0
2025-07-28T17:29:56.442452+00:00,CSGO,Vince Taglia,You have to earn a major niko shaking my head,0
2025-07-28T17:25:15.827774+00:00,CSGO,Naima,bring back maniac,0
2025-07-28T17:25:39.328265+00:00,CSGO,Counter Strike Clips,if Yekindar and Molodoy don't turn it up its good game,0
2025-07-28T16:45:29.589185+00:00,CSGO,Michael Politakis,cousin lovers always lose,0
2025-07-28T16:42:17.544787+00:00,CSGO,Sebby,We need oil stickers,0
2025-07-28T16:49:39.598118+00:00,CSGO,Mayank Rathore,Teses is something else on Train. Believe me,0
2025-07-28T16:42:27.133681+00:00,CSGO,gustavr,I glazed his photo yesterday if you know,0
2025-07-28T17:05:10.629811+00:00,CSGO,Sgt.shaggy,"everyone asks where is simple, but no one bothers to ask how is simple",0
2025-07-28T17:14:11.68003+00:00,CSGO,Hernan Yarbi,so strange molobot,0
2025-07-28T17:13:56.838774+00:00,CSGO,Al Laziz,tesas want positive kd,0
2025-07-28T16:49:26.580458+00:00,CSGO,Ammaar Moondhu,Officail: s1mple leaves NAVI,0
2025-07-28T16:53:26.355624+00:00,CSGO,Jason X,kyosuke my new favorit,0
2025-07-28T16:54:42.817166+00:00,CSGO,abc (def),who here think fistbump after every round in cs is useless very much,0
2025-07-28T17:08:44.219075+00:00,CSGO,Unknown,train is so easy to retake.. short distance between to site.. easy to hold site haha,0
2025-07-28T16:58:25.357518+00:00,CSGO,LEGEND KYRA,Kyosuke is 17 and caring falcons on his soulder,0
2025-07-28T17:03:02.903965+00:00,CSGO,ILikeTuwtles,average CS chatter has the critical thinking skills of a watermelon,0
2025-07-28T17:17:00.389468+00:00,CSGO,Lemonade,"The Falcons team, which was built with Arab oil money, can’t even beat five random Mongolian friends — they’ve become really bad. If they can’t beat this Brazilian team, they’re practically bankrupt.”",0
2025-07-28T17:08:04.451899+00:00,CSGO,Temuulen Temka,:text-green-game-over:,0
2025-07-28T16:38:33.101571+00:00,CSGO,Emil,Commentators muted for real,0
2025-07-28T17:29:47.937468+00:00,CSGO,Valendorf,laughing out loud,0
2025-07-28T17:05:20.61091+00:00,CSGO,Хоакин Феникс,S1MPLE PLAYER OF BC GAME,0
2025-07-28T17:27:33.396495+00:00,CSGO,Scrimy,@MarreManet mongolz can beat mouz easy,0
2025-07-28T17:00:11.181251+00:00,CSGO,Michael Politakis,@111 qq what a waste of time hating on facists with money right leave them be,0
2025-07-28T16:31:27.559782+00:00,CSGO,ous1a makihika,Molodoy boutta teach B0tnesy a lesson,0
2025-07-28T16:45:58.065943+00:00,CSGO,Jake Reilly,JUST BECAUSE PEOPLE ARE OLD DOESNT MEAN THEY ARE no longer skilled,0
2025-07-28T16:54:13.69379+00:00,CSGO,rajahava,monesy bromancing niko,0
2025-07-28T16:29:57.989376+00:00,CSGO,Saphace,@Jaziero not only,0
2025-07-28T16:37:52.625743+00:00,CSGO,Oleczek1337,@ESL Counter-Strike sup,0
2025-07-28T17:14:34.530327+00:00,CSGO,Hernan Yarbi,molotoy wan in a birday party,0
2025-07-28T17:16:36.118619+00:00,CSGO,Faridun Nuriddinzoda,Senzu > kyousuke,0
2025-07-28T16:52:56.390961+00:00,CSGO,ToutengHawj,niko bogtom fraging,0
2025-07-28T17:10:50.665506+00:00,CSGO,Kobrick,young guns got it,0
2025-07-28T16:58:43.186121+00:00,CSGO,rawgen 1.618,kyosuke already carrying falcons,0
2025-07-28T16:32:28.94112+00:00,CSGO,Jiiin,rainbow six better,0
2025-07-28T17:23:09.694047+00:00,CSGO,Elisabeth mccoy,but faze has crypto,0
2025-07-28T16:40:07.219623+00:00,CSGO,郭語曜,lets go kyosuke,0
2025-07-28T17:09:17.932845+00:00,CSGO,Quang Hải Jr.,in-game leader stupid call,0
2025-07-28T16:58:34.156076+00:00,CSGO,ous1a makihika,kyo gets 17 kills already holy,0
2025-07-28T17:23:11.636033+00:00,CSGO,TXK,everyone except niko haha,0
2025-07-28T16:56:00.295237+00:00,CSGO,andre teixeira,@Ramzi Zouaghi should be falcons on top haha,0
2025-07-28T17:21:58.754339+00:00,CSGO,Infernnal,s1s1 will want to kill himself after 1 week playing with that team xd,0
2025-07-28T17:26:09.373783+00:00,CSGO,Ali666,S1mple should actually try to go to mouz they really would accept him for sure tier 2 or 3 S1mple is a waste,0
2025-07-28T16:52:29.432812+00:00,CSGO,Zehaha Pereyra,let's gooooo testes,0
2025-07-28T16:40:12.211332+00:00,CSGO,WALOWALOWALOWALOWALOWALOWALOWALOWALOWALOWALOWALOWALOWALOWALOWALOWALOWALOWALOWALOWALOWALOWALOWALOW,ESL deserves it their streams are GOATED. Blast and PGL suck in comparison,0
2025-07-28T17:02:01.81793+00:00,CSGO,LightEX,Huh Simple is free now,0
2025-07-28T16:44:49.481653+00:00,CSGO,Sebby,@The Driving Crooner no it is global like all tournaments,0
2025-07-28T16:55:43.039998+00:00,CSGO,Aero,niko greatest of all time,0
2025-07-28T16:28:53.584543+00:00,CSGO,Cezary,"went hiking with my friend, asked how high we werehe pulled out a pic of the falcons that’s when i knew we were nowhere near the peak",0
2025-07-28T16:29:19.229619+00:00,CSGO,Jonas Keunecke,@thisandablunt it's true,0
2025-07-28T16:42:09.99637+00:00,CSGO,WhateverItTakes,Niko 3 kills??? And people still glaze him??,0
2025-07-28T16:58:44.870733+00:00,CSGO,Gudetama,DEBUT BOY STILL DOING WELL,0
2025-07-28T16:57:19.663796+00:00,CSGO,SampleText,@Kh4ly Tran:person-turqouise-waving:,0
2025-07-28T17:09:53.265687+00:00,CSGO,Thuận Phạm đoàn minh,what is BC gaming?,0
2025-07-28T17:29:57.449792+00:00,CSGO,leo coolio,laughing out loud,0
2025-07-28T16:37:57.443915+00:00,CSGO,Counter Strike Clips,Monesy Cyrex is cleannnn. Oil money = nice skins,0
2025-07-28T17:05:48.429791+00:00,CSGO,VARUN,why cant they just play normal,0
2025-07-28T16:30:03.251522+00:00,CSGO,Gudetama,Kyo carry falcons again?,0
2025-07-28T17:13:14.157775+00:00,CSGO,Pulsae,??? moloday afk,0
2025-07-28T17:13:16.955737+00:00,CSGO,Beast,"guys nobody gaf about bc game, anyone who cares will find out eventually",0
2025-07-28T17:21:41.341956+00:00,CSGO,re tu,bye s1mple I guess this is his retirement arc,0
2025-07-28T16:56:17.867715+00:00,CSGO,James McGill,lets go falcons,0
2025-07-28T17:02:35.331594+00:00,CSGO,蒼魂赤松,falcon out 13:9,0
2025-07-28T16:58:33.887955+00:00,CSGO,Matej,-monesy +degster just saying they won a tournement with him being a mvp,0
2025-07-28T17:05:56.548356+00:00,CSGO,rowdy,"@Rayode soona i think he was expecting a flash from team or something, very weird play",0
2025-07-28T16:55:45.699781+00:00,CSGO,Phoenix PNX,Maybe furia take pistol they will be comeback,0
2025-07-28T17:07:40.941975+00:00,CSGO,Simonster,whats kyou doing,0
2025-07-28T16:39:33.479012+00:00,CSGO,Questionmark,@Sebby like 20 majors i think,0
2025-07-28T16:30:02.557175+00:00,CSGO,mybr1th,INDIA LOVE INDONESIA INDIA LOVE INDONESIA INDIA LOVE INDONESIA INDIA LOVE INDONESIA INDIA LOVE INDONESIA,0
2025-07-28T16:43:37.576807+00:00,CSGO,HeatonM,kysuke - a beginner in s-tier game carrying those veteran,0
2025-07-28T16:54:04.197872+00:00,CSGO,Just Westy,"Bots typing ""Furia are bots"" is crazy. Must be the CS comunity meta",0
2025-07-28T16:30:48.309911+00:00,CSGO,Baki,nah babandır LAN event,0
2025-07-28T16:33:39.699692+00:00,CSGO,Lawless 05,time to but s1mple dudes,0
2025-07-28T16:44:10.152893+00:00,CSGO,Dave Dave,"Falcon damn please win man, I got money on the line",0
2025-07-28T16:30:59.976278+00:00,CSGO,Saphace,"Holy shit, faze vs spirit",0
2025-07-28T17:11:08.81811+00:00,CSGO,Counter Strike Clips,zonic is over the moon to actually win a map laughing out loud,0
2025-07-28T16:37:54.252038+00:00,CSGO,gustavr,I love molodoy and I will protect him,0
2025-07-28T16:34:00.367449+00:00,CSGO,Jiiin,@Jean John rainbow six better,0
2025-07-28T17:08:17.118224+00:00,CSGO,Jooosiaaas,what's going on with monesy,0
2025-07-28T17:02:50.137344+00:00,CSGO,MasqueradeL4D2,"ነገር ግን ይህ ሁሉ ተድላን “Corpse of Ibuypower” የማውገዝ እና ህመምን ""2021 Niko""",0
2025-07-28T16:31:55.293908+00:00,CSGO,rikingg,giga yuurih pistol,0
2025-07-28T17:03:26.766736+00:00,CSGO,amirul rashidi,what are they holding.the green thing?,0
2025-07-28T17:01:55.189351+00:00,CSGO,Bubbles,Do you guys think yekindar sprays perfume on his screen so it smells better,0
2025-07-28T16:30:47.781598+00:00,CSGO,llaMa,@woddson keep yourself safe,0
2025-07-28T17:18:07.098512+00:00,CSGO,Faridun Nuriddinzoda,Senzu > Kyousuke,0
2025-07-28T16:52:41.564577+00:00,CSGO,DAKCT3P,again retake 3vs5,0
2025-07-28T17:16:49.11483+00:00,CSGO,Ghost Oaks,"@Archit Kokate sorry for your loss, Furia will loose dude",0
2025-07-28T17:15:04.65611+00:00,CSGO,Counter Strike Clips,what the heck was that???,0
2025-07-28T17:08:11.556021+00:00,CSGO,abc (def),friend wht falcon doing??,0
2025-07-28T17:20:12.082784+00:00,CSGO,Sam Loan,Falcons better trounce here after their performance vs mongolz,0
2025-07-28T16:52:50.962689+00:00,CSGO,Fernando Andrade,why throw nades if you are on that position,0
2025-07-28T17:14:12.894727+00:00,CSGO,Darren Arroyo,finally seeing brazilian CS lose is a big heart,0
2025-07-28T16:55:07.140685+00:00,CSGO,__Ragenies__,Niko must step in,0
2025-07-28T16:50:31.926431+00:00,CSGO,IKUNKUN94,where is monesy???,0
2025-07-28T17:09:20.62188+00:00,CSGO,Pick Up,Falcon will choke this,0
2025-07-28T17:18:58.016683+00:00,CSGO,Wei-Yu Wang,niko not worthy of the majar championship,0
2025-07-28T17:03:20.825891+00:00,CSGO,ChouMein,@Excite nah he was sold not free agent,0
2025-07-28T17:13:22.024274+00:00,CSGO,Hurelulga Enkhtur,melody no longer skilled,0
2025-07-28T16:31:09.919411+00:00,CSGO,GP,boom boom boom BOOM,0
2025-07-28T17:08:37.764872+00:00,CSGO,Igor José,VOU TORCER PRA FURIA SER CAMPEAO E PNC DO GAULES,0
2025-07-28T16:32:51.940229+00:00,CSGO,JimmyTheB,@The noolie lool,0
2025-07-28T16:57:21.911852+00:00,CSGO,Stefan Domnica,"Everyone who hates falcons have tiktok knowledge about cs, its not about money, but if they can play at this level in a nice roaster with potential and earn more money its legit",0
2025-07-28T17:11:36.303654+00:00,CSGO,Yungbeck,T Rain aka Train,0
2025-07-28T16:36:58.622772+00:00,CSGO,rawgen 1.618,kyosuke mr bean son,0
2025-07-28T16:40:34.633063+00:00,CSGO,flex,furia will rule this out,0
2025-07-28T16:58:44.900871+00:00,CSGO,Shaheer Hussain,uncle still got it,0
2025-07-28T16:44:42.972442+00:00,CSGO,HeatonM,kysuke - a beginner in s-tier game carrying those veteran,0
2025-07-28T16:52:40.296166+00:00,CSGO,LordOfVurgun,molodoy no longer skilled,0
2025-07-28T17:20:37.867623+00:00,CSGO,DAKCT3P,s1mple what the heck..........,0
2025-07-28T17:03:00.075572+00:00,CSGO,Klejton Guerrilsi,comeback easy for FURIA,0
2025-07-28T16:36:42.293308+00:00,CSGO,Emma,Letsgooooo Falcons,0
2025-07-28T17:22:08.371497+00:00,CSGO,Usman Khan,"johnny blaxxx whatever your name is, it's his first tier 1 tournament and he has yet to underperform, reason why he's being excited, you can sit down now.",0
2025-07-28T16:33:47.496109+00:00,CSGO,fenkshui,kyosuke is completly avarage player,0
2025-07-28T16:30:38.311487+00:00,CSGO,Giang Phan,game in 10 sece,0
2025-07-28T17:01:26.279485+00:00,CSGO,ac3notme,kyousuke on top,0
2025-07-28T17:09:16.285546+00:00,CSGO,MT Brady,S1mple free agent,0
2025-07-28T16:37:31.86891+00:00,CSGO,King Sozai,why hate falcon,0
2025-07-28T17:18:44.328496+00:00,CSGO,Zazmiz,"why the heck are they still pronouncing it ""kioske"" :d",0
2025-07-28T16:30:55.854788+00:00,CSGO,Jaziero,KJOSUK will destroy furia,0
2025-07-28T16:53:11.357619+00:00,CSGO,Nh1lius,This roster is locked no more changes until a year,0
2025-07-28T16:31:29.911839+00:00,CSGO,Gudetama,c'mon falconsss,0
2025-07-28T17:08:46.506373+00:00,CSGO,Sebastian Moran,Falcons needs 7 business days to go to site,0
2025-07-28T17:08:01.649367+00:00,CSGO,Shareal 325,WHAT ARE THEY DOING,0
2025-07-28T17:16:55.984827+00:00,CSGO,Ernani Maieski Kopp,-Niko +Forsaken,0
2025-07-28T16:36:42.584682+00:00,CSGO,RobertGame,never seen a bag of money that can goal,0
2025-07-28T16:34:36.818747+00:00,CSGO,Hellb0y2199,niko wearing hand sleeve as if he is lebron james,0
2025-07-28T17:11:41.918273+00:00,CSGO,Steven,magisk could never,0
2025-07-28T16:32:26.440901+00:00,CSGO,davvg,that crazy 3odds is crazy furia lests farm,0
2025-07-28T17:15:55.504662+00:00,CSGO,Felix Ellenius,Furia take mirage,0
2025-07-28T16:33:36.264636+00:00,CSGO,JimmyTheB,@michael politakis wont happen they have endless money,0
2025-07-28T17:23:05.223613+00:00,CSGO,Steven,we got kyosuke before gta 6,0
2025-07-28T16:53:08.761469+00:00,CSGO,Joyjoy Joyjoy,KYOUSUKEEEEEEEEEEEE,0
2025-07-28T17:02:25.97596+00:00,CSGO,Black Noir,molodoy 3/12:text-green-game-over::text-green-game-over::text-green-game-over:,0
2025-07-28T16:51:05.536444+00:00,CSGO,Ha Tuan Nguyen Thanh,got to make that new oil money worth it,0
2025-07-28T16:36:06.788584+00:00,CSGO,Stephen,teses seating like he is prepared to run somwehere if something very wrong happens:face-green-smiling:,0
2025-07-28T16:39:20.477479+00:00,CSGO,Sathvick h.k,kyousuke go kill,0
2025-07-28T16:41:54.052329+00:00,CSGO,Oleczek1337,im in my prime when it comes to farts,0
2025-07-28T16:49:42.586843+00:00,CSGO,Shaheer Hussain,why they benched magisk he is better uncle,0
2025-07-28T17:02:30.302301+00:00,CSGO,Ramin Rajabi,Niko bad player,0
2025-07-28T16:43:29.037599+00:00,CSGO,The Driving Crooner,@Sebby ah haha that makes sense. I thought this is a euro tournament?,0
2025-07-28T16:33:08.713971+00:00,CSGO,Nino Latif,"Niko, time to retire friend…",0
2025-07-28T17:15:05.307149+00:00,CSGO,RQG,monesy is back laughing out loud,0
2025-07-28T17:01:05.554935+00:00,CSGO,Collier Thigpen,HOLY S1MPLE LEFT NAVU WHAT,0
2025-07-28T17:08:23.564366+00:00,CSGO,TheCurious,MONEY CAN NEVER BUY YOU PERFORMANCES,0
2025-07-28T17:06:34.482405+00:00,CSGO,Jason X,falconssssssssssssssssssssssssssssssssssssssssssssssssssssssss,0
2025-07-28T17:26:05.956739+00:00,CSGO,Reggi,were you even alive for that leo,0
2025-07-28T16:33:23.26554+00:00,CSGO,ous1a makihika,time to spend another million falcons???,0
2025-07-28T16:49:33.438741+00:00,CSGO,LightEX,yekindar needs to get closer to that monitor,0
2025-07-28T16:32:00.477155+00:00,CSGO,jsdaking,G2 such bad player,0
2025-07-28T17:22:24.556281+00:00,CSGO,Jeet Chanda,S1mple with Nexa,0
2025-07-28T17:08:22.310621+00:00,CSGO,arpit agarwal,Fallen pride of wakanda,0
2025-07-28T17:30:05.418014+00:00,CSGO,TXK,"niko: ""SAUDI KING BUY ME A MAJOR""",0
2025-07-28T16:41:42.591413+00:00,CSGO,gustavr,"I wish I had money to buy a team as well, I would provide them good salary and hugs",0
2025-07-28T17:20:01.623224+00:00,CSGO,Cnxnd,s1mple joined bc gaming,0
2025-07-28T17:28:47.91781+00:00,CSGO,uSTORYs,ass:face-blue-smiling::face-blue-smiling::face-blue-smiling::face-blue-smiling:,0
2025-07-28T17:17:26.729557+00:00,CSGO,Ram,kyosuke>senzugoat,0
2025-07-28T17:02:11.598318+00:00,CSGO,xmr,NIKO SHOULD JUST BECOME AN in-game leader,0
2025-07-28T17:00:58.12257+00:00,CSGO,111 qq,@Michael Politakis is having money a sin in this world ? haha whats wrong with a team payed for ? ur acting like all players from other teams play for free,0
2025-07-28T16:45:42.156908+00:00,CSGO,Jonas Keunecke,haha how hard is it to write kyosuke ?,0
2025-07-28T16:38:55.131571+00:00,CSGO,Peashooterlol Not,kyo-cukablyat-okay,0
2025-07-28T17:17:15.664754+00:00,CSGO,Shad Cabunoc,"how can they understand each other, didnt catch a single thing",0
2025-07-28T16:39:51.51661+00:00,CSGO,tomaz,monesy feels outshined by kyousuke,0
2025-07-28T16:41:45.515582+00:00,CSGO,Michael Politakis,cousin lovers always lose,0
2025-07-28T17:03:49.210154+00:00,CSGO,N,this is happend to against mibr,0
2025-07-28T16:33:56.944401+00:00,CSGO,Danny DeWolverito,FALCONS PIGEONS,0
2026-06-18T18:31:45.107681+00:00,CSGO,@hectorvido,"R$20.00 from [USER]: ""Twenty seven years of counter-strike and they doesn't have an interface/feature to freeze the match, reconnect the player and unfreeze. Are you needing better developers Valve? This is not the first time this happens.""",1
2026-06-18T18:35:44.113421+00:00,CSGO,@ahmadbahrichematariffin1137,9Z I FEARLESS TEAM!!,0
2026-06-18T18:35:44.191446+00:00,CSGO,@GoldenJotaro,played economy round,0
2026-06-18T18:35:44.774098+00:00,CSGO,@sgorigin,2ND time saved by bomb laughing,1
2026-06-18T18:35:44.792811+00:00,CSGO,@ronmes10,OWNERS FURIA CLOSE FURIA PLZ THEY ARE BOTS,1
2026-06-18T18:35:45.045745+00:00,CSGO,@tomybot1217,nice try,0
2026-06-18T18:35:45.149817+00:00,CSGO,@KIoakk,Molodoy peaked too early in his career,0
2026-06-18T18:35:45.177021+00:00,CSGO,@nolaider,nice try,0
2026-06-18T18:35:45.253456+00:00,CSGO,@AntiPasikat,furia only winning bomb detonations,1
2026-06-18T18:35:45.359083+00:00,CSGO,@JoseLeonardoMP,how is Furia a top 10 team,1
2026-06-18T18:35:45.490254+00:00,CSGO,@rajeshkannan_s,bad player yurrih always throwing,1
2026-06-18T18:35:45.597972+00:00,CSGO,@leroySane-b3x,FURIA 0 MAJOR CONTINUE,1
2026-06-18T18:35:46.800671+00:00,CSGO,@MRHlnaa,sniper rifle diff 0 logic,1
2026-06-18T18:35:47.193241+00:00,CSGO,@dannyarcher2458,amazing,0
2026-06-18T18:35:47.697882+00:00,CSGO,@andyting6094,stop walling 9z bros,0
2026-06-18T18:35:47.883863+00:00,CSGO,@Klets078,We soo back,0
2026-06-18T18:35:48.189831+00:00,CSGO,@huaweigg2,good game,0
2026-06-18T18:35:50.386742+00:00,CSGO,@colesunwood1656,imagine almost losing that,0
2026-06-18T18:35:50.5174+00:00,CSGO,@GH_O3T,hell no aint no way,0
2026-06-18T18:35:50.631229+00:00,CSGO,@ghty-kw7hm,100 ms off laughing,1
2026-06-18T18:35:51.086437+00:00,CSGO,@zanzippe,milisec wow,0
2026-06-18T18:35:51.170021+00:00,CSGO,@hondraitin,nice,0
2026-06-18T18:35:51.591299+00:00,CSGO,@youngstrokerthebodysnatcher123,Luckiest team ever and still such losers xd,1
2026-06-18T18:35:51.954127+00:00,CSGO,@istudy7097,We wipe our ahh with the Brazil flag,1
2026-06-18T18:35:52.258553+00:00,CSGO,@akrapovicgaming,SOMETHING OFF in this event i swear.,0
2026-06-18T18:35:52.924598+00:00,CSGO,@deso9384,HAHAH FALLEN #,0
2026-06-18T18:35:53.280729+00:00,CSGO,@NwSup,wtf I'm watching,0
2026-06-18T18:35:53.823201+00:00,CSGO,@GTAonlineistrash,why does molodoy always peek walking?,0
2026-06-18T18:35:53.989828+00:00,CSGO,@prithvidiamond1,I think that makes up for the unlucky from the disconnect,0
2026-06-18T18:35:54.933393+00:00,CSGO,@okk624,so betboom is out?,0
2026-06-18T18:35:55.536972+00:00,CSGO,@vyvar,ahahahahahaaha bad players,0
2026-06-18T18:35:55.593666+00:00,CSGO,@calmknowledgee,No shame losers,1
2026-06-18T18:35:57.223927+00:00,CSGO,@BenjaminIbale,FYM nice try THEY LOST,0
2026-06-18T18:35:57.907143+00:00,CSGO,@fahminurarifin1776,MOLODOOY WAKE UPP I BET MY MONEY ON YOUU!!,0
2026-06-18T18:35:58.766451+00:00,CSGO,@Garaaatotile,MAX RIDING IN BIKE,0
2026-06-18T18:36:02.09407+00:00,CSGO,@tifxvm,bomb saving furia,0
2026-06-18T18:36:02.163829+00:00,CSGO,@musicexlocegamer10,this is fucking bug fucking broken game,1
2026-06-18T18:36:02.379543+00:00,CSGO,@ilikeclippping,lucky not even skill dude,0
2026-06-18T18:36:02.532609+00:00,CSGO,@bphooo,?? that was defused WTF,0
2026-06-18T18:36:02.841681+00:00,CSGO,@mohsen.frozen,furia gonna comeback,0
2026-06-18T18:36:03.616797+00:00,CSGO,@mirjongulyamov7387,lucky furia,0
2026-06-18T18:36:03.667664+00:00,CSGO,@mv1269,wtf is going on yall??,0
2026-06-18T18:36:03.695812+00:00,CSGO,@Angel-ek9lq,good game,0
2026-06-18T18:36:04.21008+00:00,CSGO,@deliciosogms,furia just lucky laughing,0
2026-06-18T18:36:04.935172+00:00,CSGO,@AuggieUS,Better to be lucky than good,0
2026-06-18T18:36:04.975727+00:00,CSGO,@LuisCarlos-bf7rg,"AND NO REPLAY THE ROUND, 9Z FUCKING BOTS, ALWAYS ROBBING LIKES ARGENTINIANS",1
2026-06-18T18:36:05.185455+00:00,CSGO,@funk3ylive,this is the ugliest game of cs I've seen in a long while,1
2026-06-18T18:36:05.377961+00:00,CSGO,@Szymeeex,HOLY LUCK,0
2026-06-18T18:36:05.435193+00:00,CSGO,@hanskohl293,brazilian fans are the worst cant lose with grace,1
2026-06-18T18:36:05.638752+00:00,CSGO,@drakolis8908,WHAT ARE THESE SOUND EFFECTS,0
2026-06-18T18:36:06.627736+00:00,CSGO,@XineFF-ni1qy,they have so much lucky they cant defend a post plant,0
2026-06-18T18:36:06.902088+00:00,CSGO,@ivel17,SAMSUNG NOTIFICATION laughing,0
2026-06-18T18:36:07.006866+00:00,CSGO,@jericbalingit6772,"why giving molodoy the ak, he's not even a rifler",0
2026-06-18T18:36:09.349818+00:00,CSGO,@lenhatminh9696,Is 9z stoopid?,1
2026-06-18T18:36:10.684791+00:00,CSGO,@gambrinusss,returded chat shaking my head my head,0
2026-06-18T18:36:12.645309+00:00,CSGO,@yigirmabir21,KICK MOLODOY PLS,1
2026-06-18T18:36:13.915208+00:00,CSGO,@izstaa,wtf script,0
2026-06-18T18:36:14.024648+00:00,CSGO,@3b00dd0,furia lucky in this map i swear to god 9z deserve qual more than furia,0
2026-06-18T18:36:14.338181+00:00,CSGO,@SwissAndShoutVODS,Does anyone else find it weird just how aware 9Z are? it's incredible,0
2026-06-18T18:36:16.175058+00:00,CSGO,@Magatsumii,Moldy boy just sucks at the sniper rifle,1
2026-06-18T18:36:16.714231+00:00,CSGO,@Edward-wk3qh,not finished the kit?,0
2026-06-18T18:36:18.029373+00:00,CSGO,@windyy2011,fallen bad player 0 kills,1
2026-06-18T18:36:18.16099+00:00,CSGO,@yung.1997,fallen 0 kill,0
2026-06-18T18:36:18.394305+00:00,CSGO,@crowkinn7619,9z better than spirit right now,0
2026-06-18T18:36:20.048796+00:00,CSGO,@artudty,VAMOSS 9z AQUI MEXICO APOLLANDO!!,0
2026-06-18T18:36:21.811778+00:00,CSGO,@leonardoj912,bad player,1
2026-06-18T18:36:22.268429+00:00,CSGO,@touhoufan-vo1mk,wow 9z are chill very,0
2026-06-18T18:36:23.675945+00:00,CSGO,@Carsn-dz1si,9z fantastic game:face-fuchsia-tongue-out:,0
2026-06-18T18:36:24.360828+00:00,CSGO,@GetTheLectric,furia is lucky if they get 10 rounds,0
2026-06-18T18:36:24.955178+00:00,CSGO,@沈傑-h1m,FALLEN 0 9,0
2026-06-18T18:36:25.147645+00:00,CSGO,@Beckfastt,Fallen 0-9 so good,0
2026-06-18T18:36:25.546519+00:00,CSGO,@lIlIIIIIIIlI,What's this laughing,0
2026-06-18T18:36:26.381979+00:00,CSGO,@leroySane-b3x,FURIA 0 MAJOR CONTINUE,0
2026-06-18T18:36:27.110719+00:00,CSGO,@BonyaBardo,very slow to take site 9z,0
2026-06-18T18:36:28.012328+00:00,CSGO,@duynamlevu6145,09 fallen,0
2026-06-18T18:36:28.07105+00:00,CSGO,@bobzombie2710,DGT RADAR STARING AGAIN,0
2026-06-18T18:36:28.135247+00:00,CSGO,@mobilexxx2327,fallen 0-9??,0
2026-06-18T18:36:28.651427+00:00,CSGO,@RidzPlays-88,Cocky molodog,0
2026-06-18T18:36:30.232437+00:00,CSGO,@dixe7288,FALLEN MIGHT BET ON 9Z,0
2026-06-18T18:36:30.398272+00:00,CSGO,@samucazero,9Z WILL WIN!!,0
2026-06-18T18:36:30.998534+00:00,CSGO,@ImReflexess,YOU GOTTA BODYBLOCK QUICKER,0
2026-06-18T18:36:31.911925+00:00,CSGO,@ryueN-Dono,good game aurora win major,0
2026-06-18T18:36:32.002751+00:00,CSGO,@cryptoguy1870,being lucky is better than cheating,0
2026-06-18T18:36:32.156626+00:00,CSGO,@ChemssouBoussada,They only won this round by luck.,0
2026-06-18T18:36:32.869236+00:00,CSGO,@suskacyka,If my pickems are wrong about 9z then furia better atleast win the damn thing,0
2026-06-18T18:36:33.183579+00:00,CSGO,@rvs_02,NERF TEC 9,0
2026-06-18T18:36:34.047693+00:00,CSGO,@anonymousaccount9694,[USER] nice try means nice try so ofc they lost it wouldn't be a try if they won,0
2026-06-18T18:36:34.098169+00:00,CSGO,@undertow4953,Fallen 0 9,0
2026-06-18T18:36:36.170953+00:00,CSGO,@DaddyPov,Furia VACaction time,0
2026-06-18T18:36:36.380927+00:00,CSGO,@rabeerajput1343,someone give kscrato a pillow and blanket plz,0
2026-06-18T18:36:36.816966+00:00,CSGO,@NyiHtutKoKo-p8l,Furia so lucky,0
2026-06-18T18:36:36.93867+00:00,CSGO,@AuggieUS,0-9,0
2026-06-18T18:36:38.726318+00:00,CSGO,@mohsen.frozen,12 6 furia,0
2026-06-18T18:36:39.388084+00:00,CSGO,@doctorchromosome7982,fallen retire,0
2026-06-18T18:36:39.504663+00:00,CSGO,@ronhernandez8857,fallen planning his retirement,0
2026-06-18T18:36:39.742585+00:00,CSGO,@goldenjoe1676,[USER] You literally named your account after the worst Paradox game. Please remove yourself from chat,1
2026-06-18T18:36:40.043453+00:00,CSGO,@vladyushka-r1t,fallen locking in??,0
2026-06-18T18:36:40.594411+00:00,CSGO,@skyzorMOViES,Furia come on,0
2026-06-18T18:36:40.993743+00:00,CSGO,@Szymeeex,FALLEN 0 9 😮‍💨😮‍💨,0
2026-06-18T18:36:43.257608+00:00,CSGO,@musicexlocegamer10,man they defused that bs bomb,0
2026-06-18T18:36:43.726242+00:00,CSGO,@luxiie-_-9300,WTF IS THIS STREAM QUALITY,0
2026-06-18T18:36:45.090333+00:00,CSGO,@komura-d3m,like bomble,0
2026-06-18T18:36:45.645551+00:00,CSGO,@J3WP33T4H,fallen throwing for gloves,0
2026-06-18T18:36:46.184825+00:00,CSGO,@emirrr05,aurora -9z 🔥🔥,0
2026-06-18T18:36:46.300766+00:00,CSGO,@maksim22211,this meyern wtf hes okay?? plus push a main check clear going mid meyern still a main watched whhahahahahah hes very stupid bad player aim low iq low shoot low tier3 awper,1
2026-06-18T18:36:46.779681+00:00,CSGO,@nukieeee,9z VAMOSS,0
2026-06-18T18:36:47.294176+00:00,CSGO,@yolpe4297,300$ on 9z FOR 900$ ALWAYS BET ON MAX,0
2026-06-18T18:36:49.899964+00:00,CSGO,@MRHlnaa,Meyern game logic 0 noob,1
2026-06-18T18:36:50.441137+00:00,CSGO,@kientuongly5914,Omfg stop pushing A,0
2026-06-18T18:36:53.433418+00:00,CSGO,@YÓUṢEF-23-f10,fallen like bobmple,0
2026-06-18T18:36:54.291422+00:00,CSGO,@Faizlam,never heard team 9z so dope ..why never show up before:face-fuchsia-tongue-out::face-fuchsia-tongue-out::face-fuchsia-tongue-out::face-fuchsia-tongue-out::face-fuchsia-tongue-out::face-fuchsia-tongue-out:,0
2026-06-18T18:36:55.708929+00:00,CSGO,@omarabukharoob9313,He took a second to find the bomb but it cost them the round,0
2026-06-18T18:36:56.722603+00:00,CSGO,@JoaoLucas-kk5yp,Dude its a shame what esl did,1
2026-06-18T18:36:58.902576+00:00,CSGO,@Nestomac,fallen is washed sadly,0
2026-06-18T18:37:01.072001+00:00,CSGO,@TheSphee131,HOLY FURIA LUCK,0
2026-06-18T18:37:01.36655+00:00,CSGO,@kalajan87,is this best of one?¿,0
2026-06-18T18:37:01.418659+00:00,CSGO,@AlexisYarangaQ,FALLEN 0-9 FALLEN 0-9 FALLEN 0-9 FALLEN 0-9,0
2026-06-18T18:37:04.637591+00:00,CSGO,@okk624,cmon kacerato wake up its the major,0
2026-06-18T18:37:04.70045+00:00,CSGO,@VolzoSFS,BOTFURIA CANT LET FALLEN RETIRE,0
2026-06-18T18:37:08.736022+00:00,CSGO,@mr_meoooz,WTF SMOKE,0
2026-06-18T18:37:09.11596+00:00,CSGO,@crowkinn7619,9z FALLEN,0
2026-06-18T18:37:10.684136+00:00,CSGO,@沈傑-h1m,always 4v5,0
2026-06-18T18:37:13.927807+00:00,CSGO,@strangelyoriginal,fallen making me feel about the times I go 0-9,0
2026-06-18T18:37:14.15249+00:00,CSGO,@999X-9-z7p,today we had already seen 0-13 so nothing surprising:face-blue-smiling:,0
2026-06-18T18:37:14.898169+00:00,CSGO,@waynejones8349,go 9z,0
2026-06-18T18:37:15.069996+00:00,CSGO,@MikAs0o,why are they splitting,0
2026-06-18T18:37:16.685175+00:00,CSGO,@HexdaHeresiarch,Fallen putting up Kristou level stats,0
2026-06-18T18:37:16.897463+00:00,CSGO,@SuiSidee,"9z won't win this cause a team with a guy called ""meyern"" can't win with furia, c'mon",0
2026-06-18T18:37:17.734188+00:00,CSGO,@europauniversalisfour,[USER] least angry dota player. bro im just here to enjoy cs and you wanna yap about the most random stuff. just enjoy the game buddy,0
2026-06-18T18:37:17.797648+00:00,CSGO,@MRUnknown963,Molobot did not check,0
2026-06-18T18:37:17.813921+00:00,CSGO,@DrizzleGT,Fallen 0-9 ??,0
2026-06-18T18:37:17.946314+00:00,CSGO,@MiMiyo89,This is pathetic,0
2026-06-18T18:37:19.236003+00:00,CSGO,@JimmyJustJoking,WTF R U DOING FALLEN,0
2026-06-18T18:37:19.449272+00:00,CSGO,@londren,good retirement fallen HAHAHAH 0-9 in quarters of major,0
2026-06-18T18:37:22.964752+00:00,CSGO,@vovelus,fallen is the boombl4 of furia,0
2026-06-18T18:37:25.653739+00:00,CSGO,@doctorchromosome7982,🚨🚨ATTENTION FURIA 🚨FLIGHT 9Z-2-0 TO BOARD IMMEDIATELY 🚨 PLEASE MOVE TO THE TERMINAL,0
2026-06-18T18:37:26.188978+00:00,CSGO,@antoniomadrigal8422,bro good game,0
2026-06-18T18:37:26.800036+00:00,CSGO,@LordBrozart,Gabriel “YTF (Yet To Frag) Fallen” Toledo,0
2026-06-18T18:37:29.244831+00:00,CSGO,@ZanderOberholzer-u4s,Fallen is literally one of the baddest pros right now,0
2026-06-18T18:37:32.010463+00:00,CSGO,@Magatsumii,Fallen got 0 kills😭😭,0
2026-06-18T18:37:35.873658+00:00,CSGO,@ronhernandez8857,i dont mind that 9z is cheating. I mind that esl knows and doesnt do anything about it,1
2026-06-18T18:37:38.656428+00:00,CSGO,@AuggieUS,Fallen fell off long ago,0
2026-06-18T18:37:42.998405+00:00,CSGO,@Lusffyn,bad player > MOLODOY,1
2026-06-18T18:37:43.769056+00:00,CSGO,@FaZeWhiskey,come on furia!,0
2026-06-18T18:37:43.788379+00:00,CSGO,@Nobodyy1453,idiot 9z,1
2026-06-18T18:37:46.587281+00:00,CSGO,@ChemssouBoussada,molody delet the game,0
2026-06-18T18:37:48.098572+00:00,CSGO,@MRUnknown963,Bomble>fallen,0
2026-06-18T18:37:54.310815+00:00,CSGO,@gab0ttos,F Meyern is so bad as awper,1
2026-06-18T18:37:55.248871+00:00,CSGO,@derickuang4480,how did this team reach playoffs laughing,0
2026-06-18T18:37:55.716607+00:00,CSGO,@goldenjoe1676,[USER] Your weird asf. Im just blocking and moving on with life,0
2026-06-18T18:37:57.362811+00:00,CSGO,@DrizzleGT,0 9 Fallen??,0
2026-06-18T18:37:57.502462+00:00,CSGO,@Jaryndis,he got 1 guys,0
2026-06-18T18:37:59.177879+00:00,CSGO,@ifuckS2000,all 4 market? XD,0
2026-06-18T18:37:59.535656+00:00,CSGO,@doctorchromosome7982,FALLEN FIRST KILL,0
2026-06-18T18:38:02.82834+00:00,CSGO,@youtubeislamee,YEKINDAR PLAYING VR,0
2026-06-18T18:38:05.141767+00:00,CSGO,@undertow4953,Omg fallen kill 1,0
2026-06-18T18:38:07.11208+00:00,CSGO,@brunotg03,COME ON,0
2026-06-18T18:38:07.316457+00:00,CSGO,@grifindorrrr,DGT THROW,0
2026-06-18T18:38:07.586701+00:00,CSGO,@markuz3942,L retakers,0
2026-06-18T18:38:10.456034+00:00,CSGO,@zanzippe,why dont check laughing,0
2026-06-18T18:38:12.752465+00:00,CSGO,@Chris05MC,DGT COME ON,0
2026-06-18T18:38:12.771439+00:00,CSGO,@carlosdg746,VAMOO FURIA!,0
2026-06-18T18:38:12.907962+00:00,CSGO,@P-Bean,WOO FALLEN 1 KILL,0
2026-06-18T18:38:13.032215+00:00,CSGO,@cryptoguy1870,loser 9z,1
2026-06-18T18:38:13.633445+00:00,CSGO,@Ramenistheway-s6p,ALL 4 MARKET LMFAO,0
2026-06-18T18:38:13.633614+00:00,CSGO,@musicexlocegamer10,fucking lucky team,0
2026-06-18T18:38:13.835492+00:00,CSGO,@khnh9739,meyern baiter laughing,0
2026-06-18T18:38:13.99218+00:00,CSGO,@tabsen2204,nice tatic fallen,0
2026-06-18T18:38:14.131186+00:00,CSGO,@Beka_cs2,fallenn 1 kill,0
2026-06-18T18:38:14.719465+00:00,CSGO,@mobilexxx2327,W fallen finally,0
2026-06-18T18:38:14.767254+00:00,CSGO,@Milaaan0,1-9 OMG he got 1 kill,0
2026-06-18T18:38:15.799268+00:00,CSGO,@brcslol,come back,0
2026-06-18T18:38:16.129153+00:00,CSGO,@mackinsauce,FUURIA,0
2026-06-18T18:38:16.395083+00:00,CSGO,@j_rryplays8038,Furia easy win good game L 9z,0
2026-06-18T18:38:17.620953+00:00,CSGO,@strangelyoriginal,fallen first kill!!,0
2026-06-18T18:38:17.892886+00:00,CSGO,@eroooooowwwwww,stupid max giggling like that wtf,1
2026-06-18T18:38:19.067532+00:00,CSGO,@colldriff2168,All market retake?? Silver very,0
2026-06-18T18:38:19.882509+00:00,CSGO,@kkop1595,lucky shit furia,1
2026-06-18T18:38:20.073584+00:00,CSGO,@eray7923,you have bench' info wtf,0
2026-06-18T18:38:20.232416+00:00,CSGO,@nenepopo3765,Furia bootss,0
2026-06-18T18:38:20.533433+00:00,CSGO,@jerrythebaum4388,FALLEN GOT A KILL ITS good game NOW,0
2026-06-18T18:38:21.078881+00:00,CSGO,@faintyyyy,AGAIN 9Z ROTATES ARE SO SO SO SO SO SO BAD you should die in shame  losers,1
2026-06-18T18:38:21.167788+00:00,CSGO,@ablyamon1958,Go save fucking bum,0
2026-06-18T18:38:21.457415+00:00,CSGO,@QuangHoàng-r2u,Retake 4 market?,0
2026-06-18T18:38:21.703254+00:00,CSGO,@user-lukeho27,Comeback,0
2026-06-18T18:38:22.205574+00:00,CSGO,@AuggieUS,Breadstick Fallen,0
2026-06-18T18:38:23.16975+00:00,CSGO,@fernandocardemil1247,FURIA GO HOMEE,0
2026-06-18T18:38:23.360758+00:00,CSGO,@lucns7,why pushing?,0
2026-06-18T18:38:23.827265+00:00,CSGO,@anseon133,FALLEN KILL POG,0
2026-06-18T18:38:25.253522+00:00,CSGO,@Kai-x6s3w,Got luck,0
2026-06-18T18:38:25.326643+00:00,CSGO,@ysekdd,furia comeback crazy,0
2026-06-18T18:38:25.341392+00:00,CSGO,@WESTLOS,Molody isnt ready for prime time back to t2,0
2026-06-18T18:38:25.728016+00:00,CSGO,@GoGoGorczyca,HUGE economy round,0
2026-06-18T18:38:26.148479+00:00,CSGO,@caelym,9z missed every shot,0
2026-06-18T18:38:26.256706+00:00,CSGO,@europauniversalisfour,"[USER] i dont understand why youre so mad, good luck in life you need it bro",0
2026-06-18T18:38:26.487352+00:00,CSGO,@ytsyrex1191,Mayern so noob,0
2026-06-18T18:38:27.077054+00:00,CSGO,@teddeluren,CMON FURIAA,0
2026-06-18T18:38:27.178057+00:00,CSGO,@Secrezz,1 9 fallen lesgo,0
2026-06-18T18:38:27.476228+00:00,CSGO,@saiih4te,NICE,0
2026-06-18T18:38:27.792677+00:00,CSGO,@NwSup,OMG fallen 1 kill. he is the best player,0
2026-06-18T18:38:27.840494+00:00,CSGO,@eltigreees,furia needs to lock tf in,0
2026-06-18T18:38:28.208601+00:00,CSGO,@Voodoo-CSGO,Molodoy needs to wake up and Furia will make it.,0
2026-06-18T18:38:28.548637+00:00,CSGO,@alex47_in_downtown18,Keir Starmer's a wanker,0
2026-06-18T18:38:28.740987+00:00,CSGO,@crowkinn7619,9Z CHOKING,0
2026-06-18T18:38:29.733908+00:00,CSGO,@DrizzleGT,Round 9 Fallen 1st KIll 😭😭,0
2026-06-18T18:38:29.798527+00:00,CSGO,@jadecooper9049,flash took too long,0
2026-06-18T18:38:30.037687+00:00,CSGO,@omarabukharoob9313,Throwing 2 rounds in a row,0
2026-06-18T18:38:30.23487+00:00,CSGO,@BenjaminIbale,FYM nice try THEY LOST,0
2026-06-18T18:38:30.798641+00:00,CSGO,@Szymeeex,COMEBACK 🥀🥀🤡,0
2026-06-18T18:38:31.037436+00:00,CSGO,@totalinotabot,Vamos bra71l,0
2026-06-18T18:38:32.753544+00:00,CSGO,@mr_meoooz,1-9 HAHAHA,0
2026-06-18T18:38:33.967501+00:00,CSGO,@Walid-w8z,at least 1 go short,0
2026-06-18T18:38:34.052316+00:00,CSGO,@GTAonlineistrash,disconnect graffiti when volvo,0
2026-06-18T18:38:34.345889+00:00,CSGO,@JerbusCrabbus,this should've been 8-2 lucky bastards,0
2026-06-18T18:38:34.514978+00:00,CSGO,@Flashb4ngO_o,easy CAMPING,0
2026-06-18T18:38:34.627041+00:00,CSGO,@vyvar,FURIA FURIA,0
2026-06-18T18:38:35.062892+00:00,CSGO,@PowerChopper,They'll pay for that overconfidence on the retake,0
2026-06-18T18:38:37.231211+00:00,CSGO,@addyhadmelike655,Put some respect on FALLEN. The best to ever do it,0
2026-06-18T18:38:37.328297+00:00,CSGO,@Coolquake,fallu half kill,0
2026-06-18T18:38:37.724712+00:00,CSGO,@Neverlie67,Furia Are so fucking loser,1
2026-06-18T18:38:39.567115+00:00,CSGO,@hansuponatime5556,FALLEN bad player,1
2026-06-18T18:38:40.413744+00:00,CSGO,@aguateroporderecha,faceit bad player: fallen,1
2026-06-18T18:38:42.128366+00:00,CSGO,@oxydenbrainerztrance8235,lets go FURIA! lets go FURIA!,0
2026-06-18T18:38:42.652957+00:00,CSGO,@risky1704_silencer,easy 4 FURIA,0
2026-06-18T18:38:42.726812+00:00,CSGO,@Nikola-sl6ep,9z fumbling hard not gonna lie,0
2026-06-18T18:38:43.194124+00:00,CSGO,@Faizlam,come on furia wake up !!,0
2026-06-18T18:38:43.766906+00:00,CSGO,@OGFusil,ITS OK FALLEN IS CALLING GOOD IGL,0
2026-06-18T18:38:44.275416+00:00,CSGO,@h.a.z.a.h.a.z.a,[USER] you said it,0
2026-06-18T18:38:44.653733+00:00,CSGO,@Magatsumii,Fallen retire bro😭✌️,0
2026-06-18T18:38:45.346841+00:00,CSGO,@londren,yekindar carrying is fckn joke this team HAHAHAHA,0
2026-06-18T18:38:46.001095+00:00,CSGO,@AruSmile,FURIA easy WIN,0
2026-06-18T18:38:46.959323+00:00,CSGO,@soongalm,LETS GOO FURIAA!!🇰🇿🇰🇿🇧🇷🇧🇷🇱🇻🇱🇻,0
2026-06-18T18:38:48.088259+00:00,CSGO,@j_rryplays8038,SEND 9Z BACK HOME THEY LOST ALREADY,0
2026-06-18T18:38:48.253054+00:00,CSGO,@vedanshdhatra4335,w furia win this one,0
2026-06-18T18:38:48.890039+00:00,CSGO,@bphooo,LETS GO FURIA,0
2026-06-18T18:38:49.081391+00:00,CSGO,@christianhelvie3223,laughing what a waste of equipment furia is winnin this map from that decision,0
2026-06-18T18:38:49.470191+00:00,CSGO,@collierthigpen5886,what girl be yappin so much,0
2026-06-18T18:38:50.420018+00:00,CSGO,@strangelyoriginal,fallen hard carry.,0
2026-06-18T18:38:51.214167+00:00,CSGO,@TieptheTrid,9z dont know how to retake on mirage??,0
2026-06-18T18:38:51.545367+00:00,CSGO,@SaboroniOG,LETS GO FURIA,0
2026-06-18T18:38:52.166227+00:00,CSGO,@tunglekhanh8784,dog dgt,0
2026-06-18T18:38:53.379576+00:00,CSGO,@PopsOldCards,IMAGINE THIS MAP WITHOUT THE CRASH TOO,0
2026-06-18T18:38:53.712919+00:00,CSGO,@badatmusic0,wait cs2 is actually fun,0
2026-06-18T18:38:54.999218+00:00,CSGO,@EEE-e3u4r,"FALLEN: Monitor tuner On guys, dw",0
2026-06-18T18:38:56.518128+00:00,CSGO,@Byokston,Furia soo lucky,0
2026-06-18T18:38:57.239412+00:00,CSGO,@BonyaBardo,9z retake is so bad,0
2026-06-18T18:38:57.969854+00:00,CSGO,@dixe7288,KEEP TRYING FOR YOUR LAST MAJOR FALLEN,0
2026-06-18T18:38:58.413518+00:00,CSGO,@ZanderOberholzer-u4s,Fallen.. retire. Furia is js lucky,0
2026-06-18T18:38:59.051346+00:00,CSGO,@franclquintana6445,furiapls win,0
2026-06-18T18:38:59.458759+00:00,CSGO,@crzorro7592,COACH BIT ??,0
2026-06-18T18:39:00.701812+00:00,CSGO,@Constanta001-m3y,hahaha bit,0
2026-06-18T18:39:00.707302+00:00,CSGO,@ItzSwipy,And you want to see furia in final with their game??🤣🤣,0
2026-06-18T18:39:02.843116+00:00,CSGO,@bossbearfan3056,Why does betboom sponsor Curia,0
2026-06-18T18:39:04.965916+00:00,CSGO,@aldzank5728,3x retake with players advantage and 3x lost hahahahahahhahah,0
2026-06-18T18:39:05.149726+00:00,CSGO,@idris922,Its ct sided furia got this,0
2026-06-18T18:39:05.36304+00:00,CSGO,@mr_meoooz,KICK FALEN,0
2026-06-18T18:39:05.407346+00:00,CSGO,@deliciosogms,furia: lucky cheat activated,0
2026-06-18T18:39:05.464858+00:00,CSGO,@102AlienJim,shit flash laughing,0
2026-06-18T18:39:05.468165+00:00,CSGO,@MrPacomaxie,9z getting nervous now,0
2026-06-18T18:39:05.612036+00:00,CSGO,@geras666x,Its 9throw guys. But neymar is injured,0
2026-06-18T18:39:07.144865+00:00,CSGO,@SamuelSilva-qb1qu,COMEBACK FURIA,0
2026-06-18T18:39:08.242731+00:00,CSGO,@goldenjoe1676,Fallen gotta pull out that Redline,0
2026-06-18T18:39:12.474496+00:00,CSGO,@Max-wf6xy,fking lucky,0
2026-06-18T18:39:14.558554+00:00,CSGO,@Schwazzi,"SAME WITH B00MBL4 BEFORE 0-12, NOW FALLEN NEXT IGL CHOKING xD",0
2026-06-18T18:39:14.952639+00:00,CSGO,@sxbxdxm,HARD TO BE HARD 👈🏻👈🏻👈🏻🤣🤣,0
2026-06-18T18:39:15.365095+00:00,CSGO,@hareEZ_,FRAUDRIA,0
2026-06-18T18:39:15.737116+00:00,CSGO,@OGFusil,I WANT TO SEE OVERPASS,0
2026-06-18T18:39:17.624148+00:00,CSGO,@AruSmile,FURIA MASTERS,0
2026-06-18T18:39:20.196427+00:00,CSGO,@gab0ttos,MEYERN HAS TO BE THE LESS IMPACTFUL AWPER IN THE WORLD,0
2026-06-18T18:39:20.834441+00:00,CSGO,@MartinKostov-w2x,Third map DE_AIRPORT !!,0
2026-06-18T18:39:22.192168+00:00,CSGO,@deso9384,Fallen could go 0:12 and would still be the goat. he won 2 majors a legend of the game,0
2026-06-18T18:39:22.569461+00:00,CSGO,@howhow1688,Coach bit ??,0
2026-06-18T18:39:23.2902+00:00,CSGO,@oxydenbrainerztrance8235,kick mr meooz mmy,0
2026-06-18T18:39:23.643012+00:00,CSGO,@sintaro9250,what the furia coach doing? KEKL,0
2026-06-18T18:39:25.760613+00:00,CSGO,@x_CaLm_x,9z stickers about to go through the roof💀💀 glad I already got mine 💀💀,0
2026-06-18T18:39:27.911032+00:00,CSGO,@AceuRbots,should be 5-5. damn that 1 round,0
2026-06-18T18:39:29.653391+00:00,CSGO,@bezsaubam3251,GO MAP 3,0
2026-06-18T18:39:30.109324+00:00,CSGO,@marxAvll,OT COME ON,0
2026-06-18T18:39:30.577774+00:00,CSGO,@sasirutharuneth7607,Brazil bots,0
2026-06-18T18:39:30.743647+00:00,CSGO,@allgraymc,real score is 5-5,0
2026-06-18T18:39:31.083266+00:00,CSGO,@musicexlocegamer10,this fucking FURIA can't do shit againts other brecket,0
2026-06-18T18:39:31.801092+00:00,CSGO,@Sindelb1z,please map 3,0
2026-06-18T18:39:31.938219+00:00,CSGO,@lIlIIIIIIIlI,Who's ready for GTA VI?,0
2026-06-18T18:39:32.486575+00:00,CSGO,@ronmes10,OWNERS FURIA CLOSE FURIA PLZ THEY ARE BOTS,0
2026-06-18T18:39:34.383916+00:00,CSGO,@The_Rifles,come on 9z make this interesting!,0
2026-06-18T18:39:35.157602+00:00,CSGO,@川Rio,FALLEN CARRY,0
2026-06-18T18:39:35.859177+00:00,CSGO,@dirk_o7,ogfusil TRUE,0
2026-06-18T18:39:36.846704+00:00,CSGO,@Constanta001-m3y,bit come back in navi 🥺,0
2026-06-18T18:39:37.43778+00:00,CSGO,@mr_meoooz,FALLEN 1-9 HAHAHA,0
2026-06-18T18:39:45.390135+00:00,CSGO,@NwSup,Why do they ask him to retire if he is literally on his retirement tour?,0
2026-06-18T18:39:50.645811+00:00,CSGO,@juanignacionatalucci,bad player>molodoy,0
2026-06-18T18:39:51.141836+00:00,CSGO,@blenfz,why so much furia hate? who are these guys?,0
2026-06-18T18:39:51.43271+00:00,CSGO,@hareEZ_,FRAUDRIA,0
2026-06-18T18:39:51.879044+00:00,CSGO,@AL1M_KZ,Furia 🫂🇰🇿🇧🇷🇧🇷🇧🇷🤘🤘,0
2026-06-18T18:39:52.192241+00:00,CSGO,@londren,is bit not b1t,0
2026-06-18T18:39:57.433667+00:00,CSGO,@ivel17,[USER] broky: am I a joke to you?,0
2026-06-18T18:39:57.581932+00:00,CSGO,@Aboubakar400,boombl4 was 0/15,0
2026-06-18T18:39:57.600062+00:00,CSGO,@Lilhersh11,Motherfucker said 9z stickers bout to skyrocket💀,1
2026-06-18T18:39:58.672478+00:00,CSGO,@lvl5kana,absolute cinema,0
2026-06-18T18:40:00.831484+00:00,CSGO,@Clipsindo,fallen washed damn 😣,0
2026-06-18T18:40:02.269673+00:00,CSGO,@ronhernandez8857,furia coach makes coffee for fallen,0
2026-06-18T18:40:06.662291+00:00,CSGO,@anonymousaccount9694,"[USER] yeah he just has 10 kills and they're in the quarters at the major up a map, you're right he's horrible",0
2026-06-18T18:40:09.115477+00:00,CSGO,@heavenlyhustle,WHERE DO YALL GET THE BALLS TO CALL PRO PLAYERS bad players..SOMEONE THAT DOESNT EVEN KNOW YOU..BUT YOU KNOW HIM CAUSE HE A PRO PLAYER laughing..ONLY NOOBS TALK ALOT,0
2026-06-18T18:40:10.13994+00:00,CSGO,@mr_meoooz,FALEN MUST BE PLAY NEGET,0
2026-06-18T18:40:16.340718+00:00,CSGO,@x-49nightraven,"moloflop humbled by ""meyern""",0
2026-06-18T18:40:17.291778+00:00,CSGO,@oxydenbrainerztrance8235,they need to under 9z are a peace of baiters with shift.. ninja mode ativate furia LETS GO,0
2026-06-18T18:40:18.325693+00:00,CSGO,@h.a.z.a.h.a.z.a,oh predator acers sponsoring this UPDATE YO F0K3N CERTIFICATES,0
2026-06-18T18:40:19.705093+00:00,CSGO,@andyting6094,9z cheaters will meet vitality monsters,0
2026-06-18T18:40:19.803535+00:00,CSGO,@simplyjoline2220,pple just like to hate on anyone laughing,0
2026-06-18T18:40:22.540706+00:00,CSGO,@Qoxsky,Furia CAN'T LOSE,0
2026-06-18T18:40:23.66124+00:00,CSGO,@emmanuel_macrron,"yeah this is clearly scripted, retake 3v4 4 market?? while 2 pushed 2 stayed back doing nothing",0
2026-06-18T18:40:27.903597+00:00,CSGO,@SARTHAKCHADHA-v8k,who loves forsaken press 2,0
2026-06-18T18:40:28.853403+00:00,CSGO,@Magatsumii,Meyern hit your shots,0
2026-06-18T18:40:31.547951+00:00,CSGO,@nanonakimono,what a bad player,1
2026-06-18T18:40:35.574921+00:00,CSGO,@christianhelvie3223,laughing if u pro on mirage a good match is 9-3 ct side that is normal so just fyi its not looking good for 9z,0
2026-06-18T18:40:40.733138+00:00,CSGO,@aeiou6332,BOMB STUCK,0
2026-06-18T18:40:43.133638+00:00,CSGO,@KIoakk,[USER] they've already met vitality and beat them laughing,0
2026-06-18T18:40:46.044711+00:00,CSGO,@DramaMKV,go and give you guns to 9z,0
2026-06-18T18:40:47.042324+00:00,CSGO,@SvGIzSiilent,THEY DONT NEED BOMB SILLY,0
2026-06-18T18:40:49.054855+00:00,CSGO,@kubicekmat,CROWD SO SILENT WTF,0
2026-06-18T18:40:50.546775+00:00,CSGO,@Lilhersh11,9z in shambles,0
2026-06-18T18:40:56.182654+00:00,CSGO,@marxAvll,Fuckkkkkkkkkkk,1
2026-06-18T18:40:56.411173+00:00,CSGO,@darkness2061,"fallen 2/10, what happened to my goat",0
2026-06-18T18:40:56.793513+00:00,CSGO,@gimnospermalp,Niggaaaaaaaaaaaa fuck offffff,1
2026-06-18T18:40:58.305396+00:00,CSGO,@GetTheLectric,furia should play lotto,0
2026-06-18T18:41:01.033911+00:00,CSGO,@drippystone71,meyern wanted show us his knife,0
2026-06-18T18:41:01.145808+00:00,CSGO,@Franco-sn7ey,bro should have just wallbanged the box,0
2026-06-18T18:41:02.026965+00:00,CSGO,@akrapovicgaming,something is off laughing,0
2026-06-18T18:41:02.048948+00:00,CSGO,@wolf_3n3rgy2,come on FURIA COMEBACK,0
2026-06-18T18:41:02.250573+00:00,CSGO,@MRUnknown963,Meyern looks a machine,0
2026-06-18T18:41:03.045032+00:00,CSGO,@londren,yekindar carrying team is fckn joke furia HAHAHAHA,1
2026-06-18T18:41:05.451861+00:00,CSGO,@j_rryplays8038,good game 9Z NICE TRY BUT TIME TO GO BACK HOME,0
2026-06-18T18:41:09.976708+00:00,CSGO,@xintetico,love how some silvers call meyern a bad player jajaj,1
2026-06-18T18:41:10.566744+00:00,CSGO,@AruSmile,EVEN WITH CHEATING 9z funblingg boo,1
2026-06-18T18:41:11.708497+00:00,CSGO,@loganhite4590,Good after the tech pause,0
2026-06-18T18:41:12.658521+00:00,CSGO,@petrochemical63,bro meyern what u doing bro💔💔,0
2026-06-18T18:41:13.321259+00:00,CSGO,@Styr1N,tech pause for the win,0
2026-06-18T18:41:14.940317+00:00,CSGO,@airaquinto8569,That tech pause ruined the game,0
2026-06-18T18:41:16.536422+00:00,CSGO,@RafitoOoO,dude really said bring cobble back laughing,0
2026-06-18T18:41:19.133459+00:00,CSGO,@VJ04041,isnt it called Cbble? and not Cobble,0
2026-06-18T18:41:29.803763+00:00,CSGO,@gab0ttos,AS I SAID THE LESS IMPACTFUL AWPER,0
2026-06-18T18:41:29.884392+00:00,CSGO,@jerrythebaum4388,NO ONE CARES ABOUT COBBLE,0
2026-06-18T18:41:31.058943+00:00,CSGO,@SuiSidee,meyern is literally the wors nickanme in the entire counter strike history,1
2026-06-18T18:41:31.625996+00:00,CSGO,@eleazar_,This is dust 2 time. cobble will take more time.,0
2026-06-18T18:41:33.993775+00:00,CSGO,@ABadGamble,yt chat IGLs think they could do better laughing,0
2026-06-18T18:41:35.749138+00:00,CSGO,@KarlMySuitcase,"man I love cobble, it's a trash map for competitive though.",0
2026-06-18T18:41:41.04034+00:00,CSGO,@leroySane-b3x,FALCHOKE WILL LOSE TOMORROW fucking losser team,1
2026-06-18T18:41:46.121833+00:00,CSGO,@ronhernandez8857,im glad my trashtalking has helped furia get better,0
2026-06-18T18:41:46.236294+00:00,CSGO,@xachovichi,milion dollar only price for winner is very low price,0
2026-06-18T18:41:53.000459+00:00,CSGO,@CaudaMiller,EVEN IF THEY PULL THIS TROUGH THEYLL LOOSE NEXT,0
2026-06-18T18:41:56.111006+00:00,CSGO,@idris922,Fallen has fallen so much,0
2026-06-18T18:41:56.114908+00:00,CSGO,@footballfan5005,i need furia to win mirage to win 200$ pls win it boys,0
2026-06-18T18:41:57.790455+00:00,CSGO,@heavenlyhustle,WHERE DO YALL GET THE GUTS TO CALL PRO PLAYERS bad players..SOMEONE THAT DOESNT EVEN KNOW YOU..BUT YOU KNOW HIM CAUSE HE A PRO PLAYER laughing..ONLY NOOBS TALK ALOT,0
2026-06-18T18:41:58.794259+00:00,CSGO,@MostGenericMike,Huasopeek lifegame isn’t going to be enough Furia 2-1,0
2026-06-18T18:42:06.445025+00:00,CSGO,@privacylambda,9z cheats got disabled after the crash,1
2026-06-18T18:42:10.406505+00:00,CSGO,@Mork_Evil,This is where the level of experience is demonstrated,0
2026-06-18T18:42:36.443364+00:00,CSGO,@MikAs0o,"bruh, furia is so not winning the major",1
2026-06-18T18:42:46.129328+00:00,CSGO,@BesnahaNahaa,I don't know where is spammers,0
2026-06-18T18:42:53.993914+00:00,CSGO,@ulihwhy,Perfectly in behind that ridiculous,1
2026-06-18T18:43:13.67841+00:00,CSGO,@gkn400,every sane person knows that vitality is winning this major,0
2026-06-18T18:43:17.337597+00:00,CSGO,@ysekdd,"holy shit comeback ,molodoy",0
2026-06-18T18:43:25.150537+00:00,CSGO,@colldriff2168,Finally a clutch from molobot he is shitt player,1
2026-06-18T18:43:25.854736+00:00,CSGO,@KenjieeBaylon,what time is it? its molodoy time,0
2026-06-18T18:43:26.056162+00:00,CSGO,@MrPacomaxie,there he goes now hes got momentum,0
2026-06-18T18:43:27.261544+00:00,CSGO,@TieptheTrid,finally not bad player anymore,0
2026-06-18T18:43:29.507236+00:00,CSGO,@sw5166,MOLODOY THE DISPATCHER,1
2026-06-18T18:43:32.290331+00:00,CSGO,@bayudwiputra5607,oh he's young alright,0
2026-06-18T18:43:32.378472+00:00,CSGO,@Atlas-0410,NOW WE HAVE A GAME ON OUR HANDS,0
2026-06-18T18:43:36.526142+00:00,CSGO,@faintyyyy,"9z are actually horrific at retakes, really showing how low tier they really are",1
2026-06-18T18:43:36.577893+00:00,CSGO,@jaysoto1182,molodoy haters real quiet all of the sudden,0
2026-06-18T18:43:37.787591+00:00,CSGO,@ifuckS2000,why didnt they split up market + window,0
2026-06-18T18:43:38.189889+00:00,CSGO,@Hassenyoussef,chill kid u are still losing laughing,1
2026-06-18T18:43:38.472896+00:00,CSGO,@StinkyAssFish,good game good half,0
2026-06-18T18:43:38.651234+00:00,CSGO,@normative1058,WHERE COBBLE MENTIONED,0
2026-06-18T18:43:38.725028+00:00,CSGO,@NwSup,and he lose the match,1
2026-06-18T18:43:39.179236+00:00,CSGO,@orizamejr2003,sniper rifle difference,0
2026-06-18T18:43:39.765459+00:00,CSGO,@obnoxiouselephant,kc brought out hack pc,1
2026-06-18T18:43:40.105646+00:00,CSGO,@KTernida,OH NO! THATS A BAD SIGN FOR 9Z!,0
2026-06-18T18:43:41.329255+00:00,CSGO,@kakalolable,this could have been 9 3 half easy,0
2026-06-18T18:43:42.77867+00:00,CSGO,@franknagel3,Nice movement molodoy,0
2026-06-18T18:43:42.847934+00:00,CSGO,@Skippydogo,MOLODOY IS OUR BOY,0
2026-06-18T18:43:43.216054+00:00,CSGO,@sintaro9250,laughing keep smilling,0
2026-06-18T18:43:43.622673+00:00,CSGO,@PopsOldCards,IMAGINE THIS MAP WITHOUT THE CRASH TOO,0
2026-06-18T18:43:44.393265+00:00,CSGO,@bphooo,shaking my head laughing,0
2026-06-18T18:43:44.656746+00:00,CSGO,@fuegoleon-ard7137,laughing LOOK AT YOUR STATS,0
2026-06-18T18:43:46.029898+00:00,CSGO,@franklywithvenky1014,9z deserves the playoffs,0
2026-06-18T18:43:46.811107+00:00,CSGO,@Mehsud_67,Furia winning mirage now,0
2026-06-18T18:43:49.857741+00:00,CSGO,@SAASUKEE97,9z runing one by one against an sniper rifle,0
2026-06-18T18:43:49.903389+00:00,CSGO,@MichałMichalec-r5s,MOLOGOD 9Z BOTS,1
2026-06-18T18:43:50.483211+00:00,CSGO,@KlevisKullolli,he back boots,1
2026-06-18T18:43:50.715878+00:00,CSGO,@DE199mc,THE CROWD ONLY CHEERS FOR FURIA AND SPOTS ALL THE PLAYERS..,0
2026-06-18T18:43:52.085294+00:00,CSGO,@duongquoc9632,bro think he got the lead,0
2026-06-18T18:43:52.113421+00:00,CSGO,@leroySane-b3x,how yekindar miss that,0
2026-06-18T18:43:53.641325+00:00,CSGO,@AlterSucks,"new PC for kcerato and they don't drop a round, hmm",0
2026-06-18T18:43:53.824687+00:00,CSGO,@Raredude777,molodog happy for losing,0
2026-06-18T18:43:53.943983+00:00,CSGO,@Nudnerb,"ct sided map, go map 3 already",0
2026-06-18T18:43:55.212207+00:00,CSGO,@TheBen1000029,why molobot so happy when losing 1-0? losser team,1
2026-06-18T18:43:55.398898+00:00,CSGO,@Lilhersh11,9z really bout to choke💀💀,0
2026-06-18T18:43:55.411266+00:00,CSGO,@jadecooper9049,"laughing he dont stand up anymore , Zywoo humble this guy",0
2026-06-18T18:43:55.728939+00:00,CSGO,@airaquinto8569,They ruin the momentum of 9z in that tech pause. Rigged,0
2026-06-18T18:43:56.890709+00:00,CSGO,@asmirpuzic,bro had 1 good play and suddenly thinks he's the main character,0
2026-06-18T18:43:56.902107+00:00,CSGO,@AruSmile,AA EVEN WITH 9z CHEATING furia still for the win,1
2026-06-18T18:43:58.3839+00:00,CSGO,@Turan6665,9z played this kinda bad to be honest,1
2026-06-18T18:44:06.023746+00:00,CSGO,@slimtyler1000,what is this music bruh,0
2026-06-18T18:44:06.906571+00:00,CSGO,@MrKardovalk,Nice tech pause screwd all,0
2026-06-18T18:44:07.403644+00:00,CSGO,@danyd_af,i mean even a non pro can win that clutch laughing,1
2026-06-18T18:44:08.563317+00:00,CSGO,@londren,fallen go to retire,1
2026-06-18T18:44:09.388391+00:00,CSGO,@kalajan87,ABSOLUT MOLOGOAT,0
2026-06-18T18:44:09.429888+00:00,CSGO,@sea_comedy,nice show between two teams 6-2 to 6-6,0
2026-06-18T18:44:10.410232+00:00,CSGO,@gianlosalap-t6y,6 - 6 BUT LOSE NEXT ROUND TO 13 - 7,0
2026-06-18T18:44:12.148943+00:00,CSGO,@MiMiyo89,laughing molodoy has 1 good round out of how many?,0
2026-06-18T18:44:12.859944+00:00,CSGO,@NorickPlay,lucky molobot,1
2026-06-18T18:44:13.028406+00:00,CSGO,@BenTheRifleman,TIED THE HALF AFTER A BULLSHIT DC,1
2026-06-18T18:44:14.456925+00:00,CSGO,@MarkErikson-j5f,furia gonna win this match,0
2026-06-18T18:44:14.818964+00:00,CSGO,@priyangsusaha.5625,that is the molodoy we love,0
2026-06-18T18:44:15.721517+00:00,CSGO,@ramichahin2,+100 Aura for that clutch,0
2026-06-18T18:44:16.337588+00:00,CSGO,@studio909io,meyern boutta run a train on furia,0
2026-06-18T18:44:17.788827+00:00,CSGO,@lenhatminh9696,9z throwing 4 easiest round away garbeg team,1
2026-06-18T18:44:19.061+00:00,CSGO,@QuangHoàng-r2u,9z fucking retake?,1
2026-06-18T18:44:19.299671+00:00,CSGO,@Tomislavko17,IN MOLODOWY WE TRRUST,0
2026-06-18T18:44:21.680627+00:00,CSGO,@lucas-il6ui,ruin momentum' they literally lost a round laughing,1
2026-06-18T18:44:23.113675+00:00,CSGO,@rajeshkannan_s,Tech pause made 9z lose momentum,0
2026-06-18T18:44:23.225685+00:00,CSGO,@gosud8694,Cold Palmer celebration,0
2026-06-18T18:44:23.90724+00:00,CSGO,@Neba_,"time is on ur side 9z wtf, wait for plant jesus",1
2026-06-18T18:44:25.233295+00:00,CSGO,@Voodoo-CSGO,And just NOW MOLODOY IS BACK!,0
2026-06-18T18:44:28.954011+00:00,CSGO,@zaraygz,bruh wtf is this music ass,1
2026-06-18T18:44:29.057736+00:00,CSGO,@Fish_19HYT,9z cheaters,1
2026-06-18T18:44:32.049264+00:00,CSGO,@willsteps7162,MOLOGOAT Shivers down his spine,0
2026-06-18T18:44:32.720953+00:00,CSGO,@Tomhankerus,Fallen absolutely washed,0
2026-06-18T18:44:33.099952+00:00,CSGO,@AverageAuylEnjoyer,"6 rounds on mirage, not bas",0
2026-06-18T18:44:33.696533+00:00,CSGO,@SillyGoober461,come on furia lock in dont fuck up my picks again,1
2026-06-18T18:44:33.967531+00:00,CSGO,@faintyyyy,"9z throwing, nothing new here",0
2026-06-18T18:44:33.970542+00:00,CSGO,@Shashamy1,molodoy about to 2:1 these bots,1
2026-06-18T18:44:34.013599+00:00,CSGO,@aaa-z8l7i,Furia showing that unc still got it,0
2026-06-18T18:44:34.705297+00:00,CSGO,@trollzorftw3111,laughing everytime molody emotes they lose.. we’ll see,0
2026-06-18T18:44:35.142398+00:00,CSGO,@AL1M_KZ,Yeess MOLODEC MOLODOY WIN 🥇🇰🇿👍✊🤲🤘🤝🤫❤️🇧🇷,0
2026-06-18T18:44:35.563821+00:00,CSGO,@ryanbeeton8213,fallen as heavy as karriedagain in this game,0
2026-06-18T18:44:35.861237+00:00,CSGO,@Secrezz,MOLODOY CT sniper rifle LESGO,0
2026-06-18T18:44:36.202091+00:00,CSGO,@dsplaypl1857,I think 1-2,0
2026-06-18T18:44:36.770864+00:00,CSGO,@MartinKostov-w2x,3rd map DE_AIRPORT,0
2026-06-18T18:44:38.66319+00:00,CSGO,@KevinHermawan-e8m,Furia to da airport,0
2026-06-18T18:44:39.649267+00:00,CSGO,@ngurzelaceilo6425,should've been 7-5,0
2026-06-18T18:44:40.780213+00:00,CSGO,@Vilariat,LET'S GO SUR AMERICA,0
2026-06-18T18:44:40.84698+00:00,CSGO,@christianhelvie3223,yea its over if 9z dont win 1st map i can tell u that forsure,0
2026-06-18T18:44:41.133784+00:00,CSGO,@matheusac1514,Molodoy good,0
2026-06-18T18:44:41.3223+00:00,CSGO,@stickyfinger-n8f,ABSOLUTE MOLOBOT!!,0
2026-06-18T18:44:42.419172+00:00,CSGO,@Felipe-dq3dz,next round is six seven,0
2026-06-18T18:44:43.403818+00:00,CSGO,@PabloEmillio69,techpause made 9z lose,0
2026-06-18T18:44:45.002699+00:00,CSGO,@Beka_cs2,ezz for molodoy🥶,0
2026-06-18T18:44:45.346291+00:00,CSGO,@leroySane-b3x,how yekindar miss that,0
2026-06-18T18:44:45.382652+00:00,CSGO,@yagamilight379,we need third map 💯%,0
2026-06-18T18:44:45.471813+00:00,CSGO,@LuisGarcia-ds6qc,expierence wins,0
2026-06-18T18:44:46.807765+00:00,CSGO,@sti2nishu,max is high,0
2026-06-18T18:44:46.918471+00:00,CSGO,@OiBuggy,[USER] stfu kscerato DC won 9z the round,0
2026-06-18T18:44:47.654958+00:00,CSGO,@reginaldalicaya4396,Deserving lose for 9z,0
2026-06-18T18:44:48.172783+00:00,CSGO,@OGFusil,WHAT IS MAX TYPING,0
2026-06-18T18:44:48.231122+00:00,CSGO,@N0master99,I told you word.exe actived,0
2026-06-18T18:44:48.266291+00:00,CSGO,@valkzen,"how the hell 9z win against vita, and now furia? wll actually its pretty easy",0
2026-06-18T18:44:48.531918+00:00,CSGO,@juanignacionatalucci,skill vs spam,1
2026-06-18T18:44:50.117173+00:00,CSGO,@whousetoyland2383,without cheats 9z zero,1
2026-06-18T18:44:50.742162+00:00,CSGO,@LilChvnky,good game 🇧🇷 FURIA 🏆,0
2026-06-18T18:44:51.520177+00:00,CSGO,@andyting6094,"9z wall bang ""instinct"" kicking in!! 🤣",0
2026-06-18T18:44:53.363718+00:00,CSGO,@Jane_Eftelya,!music,1
2026-06-18T18:44:54.121482+00:00,CSGO,@Diriglas,when NA plays ?,0
2026-06-18T18:44:55.285964+00:00,CSGO,@Fossabot,[URL],1
2026-06-18T18:44:56.016919+00:00,CSGO,@franciscovargas8875,9z getting screwed from tech problems again,1
2026-06-18T18:44:58.275567+00:00,CSGO,@Franco-sn7ey,"To be honest Furia won several rounds out of pure luck, at least 2 rounds were 9z missing the bomb by 1ms or 1 hero play from Furia",0
2026-06-18T18:44:58.386352+00:00,CSGO,@dave1393,hacking something all the time,1
2026-06-18T18:44:58.707417+00:00,CSGO,@olchype,Aurora Spirit Final Major,0
2026-06-18T18:44:59.296471+00:00,CSGO,@Erkosh-b1e,MoloGOAT🇰🇿🇰🇿🇰🇿,0
2026-06-18T18:45:02.020576+00:00,CSGO,@europauniversalisfour,9z shitters cant even win with ESL trying to hand feed them a win,0
2026-06-18T18:45:02.513986+00:00,CSGO,@maske1709,comback ?,0
2026-06-18T18:45:03.421415+00:00,CSGO,@Alisher-dz4op,Max cheater,1
2026-06-18T18:45:04.314245+00:00,CSGO,@VirajKavishka-v2c,this is that 1 goal down worry🤣,0
2026-06-18T18:45:04.39362+00:00,CSGO,@OlcayKayha-vq6qu,LETS GO 9ZZ,0
2026-06-18T18:45:04.956682+00:00,CSGO,@kalajan87,WHAT THE HELL IS THAT GREENKEYBOARD 😆 SEEMS LIKE A DJ,1
2026-06-18T18:45:06.089373+00:00,CSGO,@데브닉스,molodoy nerused,0
2026-06-18T18:45:06.817614+00:00,CSGO,@aer0_be,ok nice one molobot,0
2026-06-18T18:45:06.944899+00:00,CSGO,@norfix9816,molodoy highlight,0
2026-06-18T18:45:07.164048+00:00,CSGO,@imadam1121,max typing word.exe,0
2026-06-18T18:45:07.442154+00:00,CSGO,@mohsen.frozen,molodoy win this major,0
2026-06-18T18:45:07.551039+00:00,CSGO,@ColdStart15,I feel like 9z was gonna win this earlier. now its coming true laughing,0
2026-06-18T18:45:07.897115+00:00,CSGO,@Lilhersh11,fraudZ,1
2026-06-18T18:45:09.025088+00:00,CSGO,@abodCS,make rate 100 fallen,1
2026-06-18T18:45:09.83156+00:00,CSGO,@Sindelb1z,letsgoo furiaa,0
2026-06-18T18:45:09.85599+00:00,CSGO,@AL1M_KZ,BRAZIL 🇧🇷 KAZAKHSTAN 🇰🇿 BROTHER FROM ANOTHER MOTHER 🤝🇧🇷🇰🇿🤲🤘❤️🏔️🫂✊👍,0
2026-06-18T18:45:10.542764+00:00,CSGO,@ronhernandez8857,good,0
2026-06-18T18:45:10.847326+00:00,CSGO,@FridaySubqhi,!vape,0
2026-06-18T18:45:11.439671+00:00,CSGO,@OrkhanJafarov,What is going on? Why furia loses,0
2026-06-18T18:45:12.701127+00:00,CSGO,@Fossabot,The green things are hand warmers. Get yours at [URL],0
2026-06-18T18:45:12.70502+00:00,CSGO,@elbekdamirov1434,!vape,0
2026-06-18T18:45:13.20368+00:00,CSGO,@Luzzfrfr,9Z CAN ONLY SPAM WITH RIFLE BRO IN SMOKE OR WALLBANG,1
2026-06-18T18:45:14.048783+00:00,CSGO,@_Helper_,Insane how quickly the people can change their mind.. 20 mins ago:,0
2026-06-18T18:45:14.435486+00:00,CSGO,@Felipe-dq3dz,six seven rounds,0
2026-06-18T18:45:15.403976+00:00,CSGO,@wilson297,0 value molobot,0
2026-06-18T18:45:15.665172+00:00,CSGO,@icwiffacee3288,[USER] nobody loves you,1
2026-06-18T18:45:17.991792+00:00,CSGO,@RicardoRios-l8c,word.exe,0
2026-06-18T18:45:19.317707+00:00,CSGO,@SolarZ68,what is this max guy typing all the time i dont get it,0
2026-06-18T18:45:19.527948+00:00,CSGO,@rabeerajput1343,max turning off cheats,0
2026-06-18T18:45:20.392006+00:00,CSGO,@j_rryplays8038,GO BACK HOME 0Z,0
2026-06-18T18:45:20.470445+00:00,CSGO,@leroySane-b3x,"HIS FACE ALREADY INSIDE THE SCREEN, HOW YEKINDAR MISS THAT",0
2026-06-18T18:45:21.526859+00:00,CSGO,@crzorro7592,MOLOGOAT FROM INDIA,0
2026-06-18T18:45:22.139565+00:00,CSGO,@Rayk3o,Can’t believe 9z even got 1 round on em,0
2026-06-18T18:45:22.881701+00:00,CSGO,@oxydenbrainerztrance8235,ahahahhah pure luck kk speak the silver boosted ahahhahha,0
2026-06-18T18:45:23.845167+00:00,CSGO,@HoelyChopsuy,9z gonna win,0
2026-06-18T18:45:24.55202+00:00,CSGO,@skw-7702,easy for 9z,0
2026-06-18T18:45:24.722768+00:00,CSGO,@MrKardovalk,Tech pause so fixers can call emergency meeting,0
2026-06-18T18:45:24.839272+00:00,CSGO,@aaa-z8l7i,The spirit of coldzera is hacking 9z PCs,0
2026-06-18T18:45:26.139141+00:00,CSGO,@heavenlyhustle,WHERE DO YALL GET THE GUTS TO CALL PRO PLAYERS bad players..SOMEONE THAT DOESNT EVEN KNOW YOU..BUT YOU KNOW HIM CAUSE HE A PRO PLAYER laughing..ONLY NOOBS TALK ALOT,1
2026-06-18T18:45:26.367123+00:00,CSGO,@metinameti6271,People saying 9z cheating er reached peak hahahaah,0
2026-06-18T18:45:26.553713+00:00,CSGO,@wessonliam7423,hahaha,1
2026-06-18T18:45:27.6803+00:00,CSGO,@STAZISss,nice music,0
2026-06-18T18:45:28.160351+00:00,CSGO,@andyting6094,9z max wall bang instinct gonna kick in guys!,0
2026-06-18T18:45:29.317967+00:00,CSGO,@floreschhtmlargo,MOLOMO0NGOL,0
2026-06-18T18:45:30.241085+00:00,CSGO,@judaismpartner,yo furia clutch this i bet on you,1
2026-06-18T18:45:30.916901+00:00,CSGO,@judaismpartner,yo furia clutch this i bet on you,1
2026-06-18T18:45:32.103021+00:00,CSGO,@joelmaldonado1321,W music,0
2026-06-18T18:45:32.627188+00:00,CSGO,@samucazero,DONT BELIEVE IN FURIA THEN GOONA LOSEE,0
2026-06-18T18:45:32.798078+00:00,CSGO,@ReddyBrubaker,PROBABLY 100% WIN FURIA. MIRAGE CT SIDE ALWAYS WIN,0
2026-06-18T18:45:35.249328+00:00,CSGO,@Kadirevv,RIP Pickems,0
2026-06-18T18:45:35.441925+00:00,CSGO,@qLunaRufuk,good game DURİA?,0
2026-06-18T18:45:35.545785+00:00,CSGO,@Kaputen,ketchup and mayonnaise FURIA SPONSORED,0
2026-06-18T18:45:36.211742+00:00,CSGO,@boogabooga223,WTF..Molody is the son of Fallen ??,1
2026-06-18T18:45:37.061187+00:00,CSGO,@nenepopo3765,:eyes-purple-crying::eyes-purple-crying:,1
2026-06-18T18:45:37.474991+00:00,CSGO,@Senzuu50,Moloşbott 😁,1
2026-06-18T18:45:38.58761+00:00,CSGO,@GuilhermeHenrique-vy2dg,Why film this,0
2026-06-18T18:45:39.800566+00:00,CSGO,@02neko,nosebleed kekw,0
2026-06-18T18:45:40.354777+00:00,CSGO,@Jane_Eftelya,!song,0
2026-06-18T18:45:40.753829+00:00,CSGO,@gianlosalap-t6y,2 - 0:face-purple-crying:,0
2026-06-18T18:45:40.768421+00:00,CSGO,@senoritaregina8976,9z9z9z9z,0
2026-06-18T18:45:41.02032+00:00,CSGO,@Sindelb1z,wheres 3dmax?,0
2026-06-18T18:45:42.379701+00:00,CSGO,@VirajKavishka-v2c,9z t side💀,0
2026-06-18T18:45:43.322454+00:00,CSGO,@NNAini30,come on 9z,0
2026-06-18T18:45:43.630617+00:00,CSGO,@norfix9816,2-1,0
2026-06-18T18:45:43.691893+00:00,CSGO,@j.t.hatmaker6563,TURKISH PEOPLE MAKE ME FOOD,0
2026-06-18T18:45:43.935328+00:00,CSGO,@k4wwn4444,9z win easy,0
2026-06-18T18:45:44.658492+00:00,CSGO,@musicexlocegamer10,[USER] now you can bad player,0
2026-06-18T18:45:46.142231+00:00,CSGO,@luquiii.f,aguante 9z carajo,0
2026-06-18T18:45:46.423086+00:00,CSGO,@caelym,9z actually garbage on CT,0
2026-06-18T18:45:47.742979+00:00,CSGO,@icwiffacee3288,[USER] nobody loves you,1
2026-06-18T18:45:48.436275+00:00,CSGO,@Tomhankerus,Fallen time to retire. Barely any kills. Fallen is washed.,0
2026-06-18T18:45:51.496982+00:00,CSGO,@Lilhersh11,9z in shambles,0
2026-06-18T18:45:51.504886+00:00,CSGO,@ronhernandez8857,furia has 0.005% luck this game,0
2026-06-18T18:45:51.902621+00:00,CSGO,@AL1M_KZ,Molodoy 🇧🇷✊🇰🇿🫂🤲,0
2026-06-18T18:45:52.933937+00:00,CSGO,@7formcs,whoever is playing the guitar hitting hella notes,0
2026-06-18T18:45:53.225582+00:00,CSGO,@jaxpaul7667,With molobot furia can't win anything,0
2026-06-18T18:45:54.173202+00:00,CSGO,@maestro_magnus,Kazakdar,0
2026-06-18T18:45:54.202146+00:00,CSGO,@dabinhaler1337,SUPPOIRT HUMAN ARETSISTS,0
2026-06-18T18:45:54.307494+00:00,CSGO,@Mehsud_67,!stat,0
2026-06-18T18:45:54.495559+00:00,CSGO,@goodguytheo18,mods delete everything laughing,0
2026-06-18T18:45:54.772571+00:00,CSGO,@ДосымжанЖомартулы-ж4ь,CLUTCHLODOY,0
2026-06-18T18:45:56.798701+00:00,CSGO,@Tom-e1m1c,676767676767,0
2026-06-18T18:45:59.006333+00:00,CSGO,@FridaySubqhi,song :face-turquoise-drinking-coffee:,1
2026-06-18T18:45:59.967875+00:00,CSGO,@Rayk3o,Can’t believe 9z won a map against em they’re bots,0
2026-06-18T18:46:00.493505+00:00,CSGO,@xgaster2720,easy quadro for molodoy,0
2026-06-18T18:46:00.586243+00:00,CSGO,@oswaldo2196,Se viene el 6-7,0
2026-06-18T18:46:00.706151+00:00,CSGO,@andyting6094,9z wall bang instinct kicking in warning!!😂😂,1
2026-06-18T18:46:01.969151+00:00,CSGO,@999X-9-z7p,[USER] :face-fuchsia-tongue-out:,1
2026-06-18T18:46:02.83056+00:00,CSGO,@kulapzysug4698,9z good in t rounds,0
2026-06-18T18:46:03.279267+00:00,CSGO,@kweller3,ahh,0
2026-06-18T18:46:03.689759+00:00,CSGO,@aaa-z8l7i,guys do you think ibuypower comes back for the next major ✌️✌️✌️,0
2026-06-18T18:46:04.932699+00:00,CSGO,@PxtterKuBz,Mirage CT Side 12 - 0 --> 12 - 15 someteam doing that,0
2026-06-18T18:46:05.052237+00:00,CSGO,@Charleylynne,FURIAA GOO LOVE U 🫶🏻❤️❤️💕💕,0
2026-06-18T18:46:05.819788+00:00,CSGO,@Andrei-to7li,hahhahaha molobot omg,0
2026-06-18T18:46:05.986914+00:00,CSGO,@dhelg04,my map 1 bet huhuu 700dollars gone easily,0
2026-06-18T18:46:06.857932+00:00,CSGO,@daRksideee,"[USER] yes, son of fallen and colzera",0
2026-06-18T18:46:07.394343+00:00,CSGO,@londren,so easy to 9z,0
2026-06-18T18:46:07.666879+00:00,CSGO,@realbloxyroblox,Huesospeek😄👌✌️,0
2026-06-18T18:46:08.211189+00:00,CSGO,@Magatsumii,Fallen got 2 kills in 12 rounds,0
2026-06-18T18:46:08.593307+00:00,CSGO,@nguyentrongkhanh7027,Hello,0
2026-06-18T18:46:11.742923+00:00,CSGO,@pirqulubabayev,mologoat haters are crying laughing,0
2026-06-18T18:46:12.362616+00:00,CSGO,@PainghTet-j9q,All trust in brazil🫩,0
2026-06-18T18:46:12.998151+00:00,CSGO,@VirajKavishka-v2c,about to be six seven🤣,0
2026-06-18T18:46:14.422962+00:00,CSGO,@imadam1121,9z on T side ☠☠,0
2026-06-18T18:46:14.501375+00:00,CSGO,@alirezaebrahimzadeh7422,furia,0
2026-06-18T18:46:18.094875+00:00,CSGO,@vyvar,FURIA 2-1 easy WIN bots 9z,0
2026-06-18T18:46:18.383309+00:00,CSGO,@hat3monger,Falcons arent going past Vitality,0
2026-06-18T18:49:16.937855+00:00,CSGO,@d2fminhhihi,Send them home,0
2026-06-18T18:49:16.960948+00:00,CSGO,@maylaymaylay8970,thank you yekindar at least you balance whaat should happen,0
2026-06-18T18:49:17.148746+00:00,CSGO,@HảiTrần-x2i5w,siuu,0
2026-06-18T18:49:17.157166+00:00,CSGO,@puspusreal,bad player yekindar,0
2026-06-18T18:49:17.784231+00:00,CSGO,@Porcupine_Kabob,bro yeki,1
2026-06-18T18:49:18.152303+00:00,CSGO,@jcobb_nganii,laughing hahahahaha,0
2026-06-18T18:49:20.514724+00:00,CSGO,@majorfalco3846,yekindar nice play,0
2026-06-18T18:49:20.591914+00:00,CSGO,@soumyakantnayak,is it a major or 3k lobby,0
2026-06-18T18:49:20.666335+00:00,CSGO,@mate20009,Vamoss 9z,0
2026-06-18T18:49:21.782368+00:00,CSGO,@The-Jarl,NIKO IS THAT YOU,0
2026-06-18T18:49:22.566212+00:00,CSGO,@OmieSawie,all silvers,0
2026-06-18T18:49:22.640493+00:00,CSGO,@vyvar,yekindar what,0
2026-06-18T18:49:23.046824+00:00,CSGO,@gus699,HAHAHAHAAHAHHAHAHAHAHHAHA,0
2026-06-18T18:49:23.439409+00:00,CSGO,@kaientheknight1300,yekindar bad player,1
2026-06-18T18:49:23.46473+00:00,CSGO,@jeanlucas7618,yekindar Bro,0
2026-06-18T18:49:23.724494+00:00,CSGO,@Roman-gf5bn,NIKO LEVEL THREAT,0
2026-06-18T18:49:23.959416+00:00,CSGO,@MartinKostov-w2x,ahahahhahaahahhaahhaahahahahahah,0
2026-06-18T18:49:25.235902+00:00,CSGO,@enkidu8511,"After watching that, Furia don’t deserve a remake",0
2026-06-18T18:49:25.2565+00:00,CSGO,@iMaN_BANG_69,pro player by the way,0
2026-06-18T18:49:25.469138+00:00,CSGO,@nipunyadav9945,Now I believe that i can go pro hahaha 🤣,0
2026-06-18T18:49:26.461265+00:00,CSGO,@doctorchromosome7982,"""pro cs player""",0
2026-06-18T18:49:26.624292+00:00,CSGO,@Xantares_peeek,yes aurora will go to finale,0
2026-06-18T18:49:26.728408+00:00,CSGO,@7formcs,max posture is awful it looks like he is acting like aeroplane,1
2026-06-18T18:49:26.902862+00:00,CSGO,@AL1M_KZ,MOLODOY WINS 🇰🇿🇧🇷🏔️🫂🤫🤫,0
2026-06-18T18:49:27.359636+00:00,CSGO,@monnik9089,BYE BYE FURIIA easy GAME DISCONNECT.exe BYE BYE,0
2026-06-18T18:49:27.542964+00:00,CSGO,@23savage39,Yekich bad player,1
2026-06-18T18:49:27.880449+00:00,CSGO,@sgorigin,yekindar need to kiss the monitor to get hit,0
2026-06-18T18:49:27.990728+00:00,CSGO,@yuikima2.0,Niko moment,0
2026-06-18T18:49:28.009166+00:00,CSGO,@GetTheLectric,furia doesnt have messi,0
2026-06-18T18:49:28.017193+00:00,CSGO,@IV-an,aight even I don't know how you lose that,0
2026-06-18T18:49:28.362227+00:00,CSGO,@張祐晨-d5f,furia don't sleep,0
2026-06-18T18:49:28.56839+00:00,CSGO,@ianroa4650,AJAJAJJAJA BOOTT,1
2026-06-18T18:49:29.20392+00:00,CSGO,@kylebyes,MOLOBOT ahahahahahah,0
2026-06-18T18:49:29.375722+00:00,CSGO,@kevinrubi8614,no more choke speed kills,0
2026-06-18T18:49:30.008024+00:00,CSGO,@YOHAN8LEBERT900,niko 2.0,0
2026-06-18T18:49:30.038323+00:00,CSGO,@Angel-ek9lq,YEKINBOT,1
2026-06-18T18:49:30.372061+00:00,CSGO,@meoskie,easy 2 odds 😂,0
2026-06-18T18:49:30.646923+00:00,CSGO,@listorm28,yekindar??,0
2026-06-18T18:49:30.845555+00:00,CSGO,@Tomhankerus,It's rigged. There's no way.,0
2026-06-18T18:49:30.870745+00:00,CSGO,@GenZ-confessions,CS FAR BETTER THAN FOOTBALL,0
2026-06-18T18:49:31.278374+00:00,CSGO,@ugurcangokay5218,aurora gonna win the againts 9z again bruh,0
2026-06-18T18:49:31.530516+00:00,CSGO,@mGodCS2,Yekindar too much nerves,0
2026-06-18T18:49:31.641166+00:00,CSGO,@fuegoleon-ard7137,YEKINDAR IS THE NEW IBUYPOWER,0
2026-06-18T18:49:31.784324+00:00,CSGO,@ignacio_vezla.2619,Amd>ryzen,0
2026-06-18T18:49:31.84468+00:00,CSGO,@TheSphee131,no hablo english,0
2026-06-18T18:49:32.491618+00:00,CSGO,@synmeow,thanks yekindar,0
2026-06-18T18:49:32.822337+00:00,CSGO,@elias1670,9Z IS SO F GOOD PUT SOME RESPECT ON EM,0
2026-06-18T18:49:33.085473+00:00,CSGO,@dorian21455,WORSE THAN F4LLEN WORSE THAN F4LLEN,1
2026-06-18T18:49:33.182544+00:00,CSGO,@maxdistreams6972,How did yekindar whiffed,0
2026-06-18T18:49:33.184205+00:00,CSGO,@prodigital_2334,yekindar sold,0
2026-06-18T18:49:34.099721+00:00,CSGO,@MikAs0o,HOLY THROW,1
2026-06-18T18:49:34.327344+00:00,CSGO,@elreagano5111,niko esque,0
2026-06-18T18:49:34.544953+00:00,CSGO,@donidaniello,worst than a bad player shooting,1
2026-06-18T18:49:34.604338+00:00,CSGO,@gianlosalap-t6y,see,0
2026-06-18T18:49:34.815243+00:00,CSGO,@Noidzzz,TRULY A HUASO PEEK,0
2026-06-18T18:49:35.57162+00:00,CSGO,@vampii8589,yeki so silly guys,0
2026-06-18T18:49:37.221179+00:00,CSGO,@trollzorftw3111,Is that Niko?,0
2026-06-18T18:49:37.444096+00:00,CSGO,@javier9737,parado no minao,0
2026-06-18T18:49:37.475119+00:00,CSGO,@Sequenced21,SEND THEM HOME,0
2026-06-18T18:49:37.911616+00:00,CSGO,@Rayk3o,9z is so bad,1
2026-06-18T18:49:37.914788+00:00,CSGO,@jerrythebaum4388,GOTTA GET CLOSER TO YOUR SCREEN YEKINDAR YOU ARENT CLOSE ENOUGH,0
2026-06-18T18:49:38.087765+00:00,CSGO,@joshuacorreia5600,Yekinder go start a farm in latvia,0
2026-06-18T18:49:38.103096+00:00,CSGO,@londren,fallen is playing??,0
2026-06-18T18:49:38.445369+00:00,CSGO,@Saad_But_why_11,botder,1
2026-06-18T18:49:38.455387+00:00,CSGO,@ja1_vito432,why did they all go ct?,1
2026-06-18T18:49:40.777039+00:00,CSGO,@BenjaminIbale,CHILL BRO WTF,1
2026-06-18T18:49:42.096927+00:00,CSGO,@adriandonskich2315,Unreg idiots!!,1
2026-06-18T18:49:42.514948+00:00,CSGO,@türkiyedemotorcuolmak,MOLO BOTT,1
2026-06-18T18:49:43.547246+00:00,CSGO,@EspiRanzo,YEKINGOAT,0
2026-06-18T18:49:43.749996+00:00,CSGO,@KIRITO-en1lh,not presente,0
2026-06-18T18:49:43.94411+00:00,CSGO,@daRksideee,YEKINDAR NEEDS TO SEE CLOSER TO HIS MONITOR,0
2026-06-18T18:49:44.114903+00:00,CSGO,@Lusffyn,:face-blue-smiling::face-blue-smiling::face-blue-smiling::face-blue-smiling:,0
2026-06-18T18:49:44.599785+00:00,CSGO,@hat3monger,Niko moment for yekindar,0
2026-06-18T18:49:44.870324+00:00,CSGO,@SuiSidee,"it was not a throw from yekindar, 9z cheating bots just move like the bots and it's unpredictable",1
2026-06-18T18:49:45.353379+00:00,CSGO,@solacexserenity,WELCOME BACK LIQUID YEKINDAR,0
2026-06-18T18:49:45.702489+00:00,CSGO,@esrarrr,yekindergarden,0
2026-06-18T18:49:46.146785+00:00,CSGO,@soda-good,Cs>football,0
2026-06-18T18:49:46.535222+00:00,CSGO,@K0p3L,9DEIDADZ,0
2026-06-18T18:49:47.240007+00:00,CSGO,@Doncabby,"yek did the same shit last game with long flank, took way too long and whiffed hard when he eventually came through. Come on dawg",1
2026-06-18T18:49:47.385194+00:00,CSGO,@superepicninjaswag14,Yekindar throwing for skins,0
2026-06-18T18:49:47.452073+00:00,CSGO,@derozeo,Yeah man sit closer to the monitor,0
2026-06-18T18:49:47.616535+00:00,CSGO,@camerahai659,2-0 end game,0
2026-06-18T18:49:48.470084+00:00,CSGO,@anuraglad,Go home furia,1
2026-06-18T18:49:48.840927+00:00,CSGO,@JiMBO-94z,whifkindar,0
2026-06-18T18:49:48.86077+00:00,CSGO,@willsteps7162,Shakie It Off,0
2026-06-18T18:49:48.94112+00:00,CSGO,@shrir1372,YEKINDAR SOLD THE GAME,1
2026-06-18T18:49:49.693359+00:00,CSGO,@Porcupine_Kabob,9z lucky boy,0
2026-06-18T18:49:49.919394+00:00,CSGO,@nukieeee,9Z VAMOSS,0
2026-06-18T18:49:50.28256+00:00,CSGO,@ronmes10,YEKINDAR OUT,0
2026-06-18T18:49:51.610455+00:00,CSGO,@BigBlackGlock19,THAT CLOSE TO MONITOR AND STILL DOESNT SEE THE HEAD,0
2026-06-18T18:49:51.71719+00:00,CSGO,@gimnospermalp,good game YEKINDAR,0
2026-06-18T18:49:52.212077+00:00,CSGO,@MiMiyo89,Bots,1
2026-06-18T18:49:52.339789+00:00,CSGO,@111augus,76 7676,0
2026-06-18T18:49:52.946476+00:00,CSGO,@williamwang-g2c,Cs2>gf,0
2026-06-18T18:49:53.105124+00:00,CSGO,@HarrieZ,niko and yekindar best friend!,0
2026-06-18T18:49:54.510407+00:00,CSGO,@icemeluun1313,furia faceit wheelchair meme,1
2026-06-18T18:49:54.553417+00:00,CSGO,@johnsorders1460,That Brazilian heat,0
2026-06-18T18:49:54.790709+00:00,CSGO,@Slejko8,t2 teams xDdd,0
2026-06-18T18:49:55.525273+00:00,CSGO,@MartinKostov-w2x,ahhaahahhaahahhaahahahahahahahahahah,0
2026-06-18T18:49:56.746987+00:00,CSGO,@frankop123456,fallen 2 kills,0
2026-06-18T18:49:58.76558+00:00,CSGO,@fvhgdbghbjgr,ещё скажите что 9z выиграют мажор,0
2026-06-18T18:49:59.000414+00:00,CSGO,@Roman-gf5bn,Niko called he wants his aim back,0
2026-06-18T18:49:59.222199+00:00,CSGO,@LelosGames,yekindar?,0
2026-06-18T18:49:59.48858+00:00,CSGO,@Garaaatotile,Kick out yekindar,1
2026-06-18T18:49:59.597978+00:00,CSGO,@GozuBalle1337,BOTria,1
2026-06-18T18:49:59.736792+00:00,CSGO,@KyleKyle080,Niko moment,0
2026-06-18T18:49:59.922923+00:00,CSGO,@kyukot,smells like 2-0,0
2026-06-18T18:50:00.30905+00:00,CSGO,@chairshoe81,QUASOPEEK,0
2026-06-18T18:50:00.692095+00:00,CSGO,@apostyle,9z pistols are like 90%,0
2026-06-18T18:50:01.138955+00:00,CSGO,@Laszlo429,Peeping,0
2026-06-18T18:50:02.526317+00:00,CSGO,@yeetmeister6889,YOU CAN TAKE THE PLAYER OUT OF NA BUT CANT TAKE THE NA OUT OF HIM,0
2026-06-18T18:50:02.610443+00:00,CSGO,@ronhernandez8857,b0tinb0tar,1
2026-06-18T18:50:03.26003+00:00,CSGO,@rabeerajput1343,xantaress carry while yeki choke,0
2026-06-18T18:50:05.074409+00:00,CSGO,@aliffnajmi8992,yeki bad player,1
2026-06-18T18:50:05.645793+00:00,CSGO,@TheBen1000029,"pressure some ppls you squezze them they foucus, others fold [yekindar]",0
2026-06-18T18:50:06.383062+00:00,CSGO,@Ray3880,laughing max,0
2026-06-18T18:50:06.708583+00:00,CSGO,@沈傑-h1m,FURIA BYEBYEFURIA BYEBYEFURIA BYEBYEFURIA BYEBYE,1
2026-06-18T18:50:08.160645+00:00,CSGO,@xAudiolith,fallen camera man,0
2026-06-18T18:50:09.093219+00:00,CSGO,@ObstcOre,Its better for fallen to leave the Stage..,0
2026-06-18T18:50:09.358186+00:00,CSGO,@FaZeWhiskey,sitting that close to your monitor and cant make sure your on the head,0
2026-06-18T18:50:10.427599+00:00,CSGO,@EselOle,Yekinder thinks he’s still in liquid or what,1
2026-06-18T18:50:10.549444+00:00,CSGO,@daniii_51,6767676767676,0
2026-06-18T18:50:11.017653+00:00,CSGO,@Saad_But_why_11,L team,0
2026-06-18T18:50:13.175928+00:00,CSGO,@shawwo7275,9Z GO GO,0
2026-06-18T18:50:13.961799+00:00,CSGO,@c6mbi,YEKINDARR,0
2026-06-18T18:50:14.024283+00:00,CSGO,@ChingisKhann,why are qfs not in arena,0
2026-06-18T18:50:14.415524+00:00,CSGO,@lynnlynn9129,"5 v 2 , 5 loss the round this level ?",0
2026-06-18T18:50:14.582882+00:00,CSGO,@95farukardic,bye bye brazilan botss,1
2026-06-18T18:50:15.89199+00:00,CSGO,@balasundar6599,laughing yekindar,0
2026-06-18T18:50:17.262853+00:00,CSGO,@justfinley7509,:text-green-game-over:,0
2026-06-18T18:50:20.270387+00:00,CSGO,@AdrianEbrahimi,another t2 major final for vitality,0
2026-06-18T18:50:21.550649+00:00,CSGO,@Beckfastt,Yekindar still has a little liquid in him,0
2026-06-18T18:50:24.071936+00:00,CSGO,@OGgranger,fallen 2 kills only,0
2026-06-18T18:50:24.262213+00:00,CSGO,@TheSphee131,TF,0
2026-06-18T18:50:26.969068+00:00,CSGO,@NikitaIlyasova,Fallen wall hack,0
2026-06-18T18:50:28.283933+00:00,CSGO,@karr1b0t,yeKinbot,0
2026-06-18T18:50:29.10234+00:00,CSGO,@hat3monger,mfs calling 9z cheaters at this point,1
2026-06-18T18:50:32.683325+00:00,CSGO,@A55H013-o,not now marek,0
2026-06-18T18:50:33.787721+00:00,CSGO,@chairshoe81,SEND 9GAG TEAM HOME,0
2026-06-18T18:50:35.225573+00:00,CSGO,@neiklen4320,lets goo furia,0
2026-06-18T18:50:35.948982+00:00,CSGO,@sirkevin3480,Okayy,0
2026-06-18T18:50:36.788364+00:00,CSGO,@ugurcangokay5218,good game aurora gonna win againts 9z and they gonna play on final,0
2026-06-18T18:50:38.142106+00:00,CSGO,@tutai2870,bad players,1
2026-06-18T18:50:39.291713+00:00,CSGO,@ramoncitocatacutan2964,let's go,0
2026-06-18T18:50:39.562571+00:00,CSGO,@Arne.fishing,Fallen has fallen,0
2026-06-18T18:50:41.041467+00:00,CSGO,@TheBen1000029,is fallen away from keyboard ?,0
2026-06-18T18:50:41.05133+00:00,CSGO,@TheeBobbyMcGee,FALLEN GOAT,0
2026-06-18T18:50:42.893972+00:00,CSGO,@G-Dragonnnnn,Goatkindar,0
2026-06-18T18:50:43.766439+00:00,CSGO,@Rayk3o,9z is horrible 😂😂,1
2026-06-18T18:50:43.776724+00:00,CSGO,@hejjhejjj,moloboyy,0
2026-06-18T18:50:45.523464+00:00,CSGO,@BenjaminIbale,OKAY,0
2026-06-18T18:50:45.774116+00:00,CSGO,@nizelle2858,wtf is this,1
2026-06-18T18:50:45.834562+00:00,CSGO,@sev4405,the 5-7 is so stupid,1
2026-06-18T18:50:47.422895+00:00,CSGO,@czogistamoris,Yekindar can be compared only with Niko laughing,0
2026-06-18T18:50:49.055743+00:00,CSGO,@x-49nightraven,losing to full economy round laughing,0
2026-06-18T18:50:50.943418+00:00,CSGO,@williamwang-g2c,cs2>gf gf<money,0
2026-06-18T18:50:53.098893+00:00,CSGO,@maxsreelz,This is a insane match holy,0
2026-06-18T18:50:53.648185+00:00,CSGO,@cityofangels1337,THE JUMPING DOUBLE FROM COLD,0
2026-06-18T18:50:58.64279+00:00,CSGO,@andyting6094,9z wall bang coming in,0
2026-06-18T18:50:58.867196+00:00,CSGO,@Ray3880,yekinder gets itt finally,0
2026-06-18T18:50:59.775562+00:00,CSGO,@fernandoking1901,YRKINDAR GOAT,0
2026-06-18T18:51:00.627607+00:00,CSGO,@ardenb3315,GOATKINDAR,0
2026-06-18T18:51:00.917306+00:00,CSGO,@FoodMood1711,YEKINGOAT,0
2026-06-18T18:51:01.998615+00:00,CSGO,@Saad_But_why_11,9z bots should go back to argentina,1
2026-06-18T18:51:04.95563+00:00,CSGO,@lewkoooo,six seven 767676767676,0
2026-06-18T18:51:07.374432+00:00,CSGO,@Sindelb1z,knife,0
2026-06-18T18:51:07.493312+00:00,CSGO,@gimnospermalp,LETS GO,0
2026-06-18T18:51:07.800506+00:00,CSGO,@_helics_8080,TF FALLEN,1
2026-06-18T18:51:08.134356+00:00,CSGO,@teddeluren,FalleN deaf,1
2026-06-18T18:51:09.11458+00:00,CSGO,@europauniversalisfour,9Z SHITTERS,1
2026-06-18T18:51:09.257941+00:00,CSGO,@bphooo,fallen deaf laughing,1
2026-06-18T18:51:09.905934+00:00,CSGO,@anikettripathy7,Fallen ?,0
2026-06-18T18:51:10.232932+00:00,CSGO,@Fish_19HYT,Why no knife,0
2026-06-18T18:51:10.884603+00:00,CSGO,@NuHabitsGroup,fallen waking up,0
2026-06-18T18:51:11.169451+00:00,CSGO,@mag.8394,fallen?,0
2026-06-18T18:51:11.438583+00:00,CSGO,@jerrythebaum4388,FALLEN?,0
2026-06-18T18:51:11.970025+00:00,CSGO,@caelym,Noob,1
2026-06-18T18:51:12.243591+00:00,CSGO,@MRUnknown963,YEKINAGOAT,0
2026-06-18T18:51:12.349014+00:00,CSGO,@blucia_,:face-fuchsia-tongue-out::face-fuchsia-tongue-out::face-fuchsia-tongue-out: NAAIISSE,0
2026-06-18T18:51:12.880082+00:00,CSGO,@Roman-gf5bn,HES FORGIVEN,0
2026-06-18T18:51:12.949025+00:00,CSGO,@SiIentPrey,FALLEN REACTION?,0
2026-06-18T18:51:13.084445+00:00,CSGO,@Flashb4ngO_o,WER U LOOKING AAT??,0
2026-06-18T18:51:13.106812+00:00,CSGO,@AdrianKapusta-k7l,What is fallen waiting for is he traterdd,0
2026-06-18T18:51:13.229462+00:00,CSGO,@time_of_quest,:text-green-game-over::text-green-game-over::text-green-game-over:,0
2026-06-18T18:51:13.325449+00:00,CSGO,@q_vie3,NICE THROW,0
2026-06-18T18:51:13.377852+00:00,CSGO,@sgorigin,laughing fallen,0
2026-06-18T18:51:13.578631+00:00,CSGO,@AbdulAhad-r7r,BRA77IL,0
2026-06-18T18:51:13.944945+00:00,CSGO,@duynamlevu6145,Why?,0
2026-06-18T18:51:14.61536+00:00,CSGO,@winterluck-ml9xp,lost to a pistol,0
2026-06-18T18:51:15.120076+00:00,CSGO,@J3WP33T4H,WHY DID IT TAKE SO LONG FOR FALLEN TO SHOOT laughing?,0
2026-06-18T18:51:15.311103+00:00,CSGO,@tabsen2204,nice fallen,0
2026-06-18T18:51:15.316265+00:00,CSGO,@juansoares3678,QUÉ OTA?,0
2026-06-18T18:51:15.321688+00:00,CSGO,@hat3monger,trash vs garbage,1
2026-06-18T18:51:15.374861+00:00,CSGO,@Rey00173,wtf is going on hahahahaha,1
2026-06-18T18:51:15.468755+00:00,CSGO,@fatihterim980,FALLEN??*,0
2026-06-18T18:51:16.257714+00:00,CSGO,@PlaWiX00,Redemption,0
2026-06-18T18:51:16.725414+00:00,CSGO,@throwaway-w1o,what took fallen ao many second?,0
2026-06-18T18:51:16.836962+00:00,CSGO,@wolf_3n3rgy2,COMEBACK FURIA,0
2026-06-18T18:51:17.292465+00:00,CSGO,@karr1b0t,YEKinBot,1
2026-06-18T18:51:18.227114+00:00,CSGO,@BenjaminIbale,LEZGOO,0
2026-06-18T18:51:18.247045+00:00,CSGO,@SmolderSportsTV,PISTOLERO,0
2026-06-18T18:51:18.578295+00:00,CSGO,@Rayk3o,So easy,0
2026-06-18T18:51:18.77198+00:00,CSGO,@張祐晨-d5f,FURIA WAKE UP !!,0
2026-06-18T18:51:18.807755+00:00,CSGO,@banterladsFC,yekinder gave energy drink,0
2026-06-18T18:51:18.910875+00:00,CSGO,@membah9503,fallen is so old dude,1
2026-06-18T18:51:19.171224+00:00,CSGO,@zibranfardan6066,hahahahha dogshit always echo,1
2026-06-18T18:51:20.039952+00:00,CSGO,@MuriloSilva-w6t,knife fallen,0
2026-06-18T18:51:20.5892+00:00,CSGO,@thenibbler8945,fallen trolling,1
2026-06-18T18:51:20.995444+00:00,CSGO,@Younedj,bro he is behind you! xD,1
2026-06-18T18:51:21.695162+00:00,CSGO,@triminh7008,FALLEN??,0
2026-06-18T18:51:21.776353+00:00,CSGO,@GunJack-b5v,haahah,0
2026-06-18T18:51:21.947131+00:00,CSGO,@caganmerinc4707,FALLEN BRAİN?,0
2026-06-18T18:51:22.341404+00:00,CSGO,@random9661,fallen is deaf wtf,1
2026-06-18T18:51:22.671599+00:00,CSGO,@JeremiasEmanuelBustamante,furia bad player,1
2026-06-18T18:51:22.910617+00:00,CSGO,@joeharden4542,NO headset?,0
2026-06-18T18:51:23.052195+00:00,CSGO,@addyhadmelike655,9z? more like EZZ,0
2026-06-18T18:51:23.097628+00:00,CSGO,@ClikG,fallen yo gotat,0
2026-06-18T18:51:23.131318+00:00,CSGO,@alkaizercockx6662,ok good game go 3rd mp,0
2026-06-18T18:51:24.07486+00:00,CSGO,@lenhatminh9696,9z are a bunch of bots,1
2026-06-18T18:51:24.193874+00:00,CSGO,@maxsreelz,The force back to back is insane,0
2026-06-18T18:51:24.303942+00:00,CSGO,@HoelyChopsuy,Qhy?,0
2026-06-18T18:51:24.359148+00:00,CSGO,@tunglekhanh8784,max call so stupid,1
2026-06-18T18:51:25.108304+00:00,CSGO,@alechelms3841,why are pickems still open??,0
2026-06-18T18:51:25.164419+00:00,CSGO,@vampii8589,EASY FOR FURIA,0
2026-06-18T18:51:25.298008+00:00,CSGO,@WASABII2026,EZZ I CALLED 9Z T-SIDE DEADLY,0
2026-06-18T18:51:25.36933+00:00,CSGO,@BILOLIDDINQORIBAXTIYORJO-z6j3g,lets goo,0
2026-06-18T18:51:25.462688+00:00,CSGO,@eroooooowwwwww,are they idiot?,1
2026-06-18T18:51:26.219143+00:00,CSGO,@aaa-z8l7i,Imagine instead of five-seven it was six-seven ✌️✌️🤣🤣💯💯🔥🔥,0
2026-06-18T18:51:26.335007+00:00,CSGO,@hareEZ_,played economy round,0
2026-06-18T18:51:26.858057+00:00,CSGO,@TheBen1000029,fallen away from keyboard ?? what is this reaction WTF,1
2026-06-18T18:51:27.292027+00:00,CSGO,@DanielayBenjamin,GRANDFALLEN,0
2026-06-18T18:51:27.533297+00:00,CSGO,@EselOle,"Come on Furia, close it 2:1 for my pickems 🫶",0
2026-06-18T18:51:27.673453+00:00,CSGO,@enz0mez,FALLEN SO BAD,1
2026-06-18T18:51:28.088914+00:00,CSGO,@cryptoguy1870,vamos furia,0
2026-06-18T18:51:28.135778+00:00,CSGO,@mate20009,Vamos 9z,0
2026-06-18T18:51:28.335119+00:00,CSGO,@3Arena1Cal,9z vs economy round's,0
2026-06-18T18:51:29.320636+00:00,CSGO,@luigidimagnaong1141,WTF,1
2026-06-18T18:51:29.423657+00:00,CSGO,@sintaro9250,locked in? laughing,1
2026-06-18T18:51:29.586241+00:00,CSGO,@teerthsatwara3394,old fallen cant hear,1
2026-06-18T18:51:29.709501+00:00,CSGO,@Antivasco69,que ota boltz,0
2026-06-18T18:51:30.123919+00:00,CSGO,@OmieSawie,silver silver silver,0
2026-06-18T18:51:30.185731+00:00,CSGO,@andyting6094,fallen no knife? so long,0
2026-06-18T18:51:31.461258+00:00,CSGO,@JH-rn7sw,:face-fuchsia-tongue-out::face-fuchsia-tongue-out:,0
2026-06-18T18:51:32.70711+00:00,CSGO,@donnpege,6 7,0
2026-06-18T18:51:33.237489+00:00,CSGO,@fentmaxd,yekingoat now? y’all were shittin on him earlier laughing,1
2026-06-18T18:51:34.608543+00:00,CSGO,@aiqueenm,Furia go go go,0
2026-06-18T18:51:37.561479+00:00,CSGO,@АлександрФролов-щ2и,fallen xD,1
2026-06-18T18:51:38.553557+00:00,CSGO,@georgepotgieter8367,5 seven is broken,1
2026-06-18T18:51:38.947118+00:00,CSGO,@risky1704_silencer,easy 4 FURIA,0
2026-06-18T18:51:41.040761+00:00,CSGO,@ifuckS2000,why go b with rifle diff,1
2026-06-18T18:51:42.371008+00:00,CSGO,@AverageAuylEnjoyer,Unc is getting old,1
2026-06-18T18:51:42.695961+00:00,CSGO,@FaZeWhiskey,fallen reaction time lool,0
2026-06-18T18:51:43.552874+00:00,CSGO,@adams0k02,2:1 in favor of furia!!,0
2026-06-18T18:51:44.37784+00:00,CSGO,@sgorigin,too old fallen haha,1
2026-06-18T18:51:45.239105+00:00,CSGO,@SuiSidee,"how furia hasn't touch the lead since last game, whne they literally won the first round on mirage? Caster ok?",0
2026-06-18T18:51:45.384237+00:00,CSGO,@ardenb3315,fallen OLD ears full of wax,1
2026-06-18T18:51:45.796576+00:00,CSGO,@cybermonkey2807,no sound fallen?,0
2026-06-18T18:51:46.13059+00:00,CSGO,@PAPÁ_GATO12,kick Fallen,1
2026-06-18T18:51:46.317948+00:00,CSGO,@daRksideee,godkindar,0
2026-06-18T18:51:46.610172+00:00,CSGO,@Flashb4ngO_o,WER U LOOKING AAT??,0
2026-06-18T18:51:46.755089+00:00,CSGO,@ВенелинВеликов-ъ3б,no headphones?,0
2026-06-18T18:51:46.929856+00:00,CSGO,@martis3851,why timeout wtf,1
2026-06-18T18:51:47.144171+00:00,CSGO,@pauljordanpalomares1756,yekindar despite he kisses the screen cant even took a headshot,1
2026-06-18T18:51:48.249591+00:00,CSGO,@M6A6T6T,All 3 maps,0
2026-06-18T18:51:48.881041+00:00,CSGO,@Gobble.Gobble,bye bye six seven,0
2026-06-18T18:51:48.892619+00:00,CSGO,@MiyRiBeK005,huh,0
2026-06-18T18:51:48.960358+00:00,CSGO,@cosion2566,FALLEN bad player,1
2026-06-18T18:51:49.78207+00:00,CSGO,@BenjaminIbale,IDIOT 9Z,1
2026-06-18T18:51:50.372892+00:00,CSGO,@sammy..5482,"how teams lose this kind of round , its insane amount of stupidity required",1
2026-06-18T18:51:50.734682+00:00,CSGO,@Dr.OneNut,Last timeout,0
2026-06-18T18:51:51.367285+00:00,CSGO,@sleepsoundly9219,"guys, sound is bad on lan stfu",0
2026-06-18T18:51:51.610612+00:00,CSGO,@markuz3942,bad players,1
2026-06-18T18:51:51.888544+00:00,CSGO,@GIAHUYDANG-n6i5g,No knife?,0
2026-06-18T18:51:51.972317+00:00,CSGO,@AuggieUS,fallen deaf,1
2026-06-18T18:51:52.114962+00:00,CSGO,@gimnospermalp,FALLEN IS DEAF LMAOO POOR DUDE IS OLD,1
2026-06-18T18:51:52.241657+00:00,CSGO,@jerrythebaum4388,OLD MAN EARS,1
2026-06-18T18:51:52.59348+00:00,CSGO,@thomasflynn8493,fallens hearing is going,0
2026-06-18T18:51:54.131079+00:00,CSGO,@sxbxdxm,he hasnt knkfe,0
2026-06-18T18:51:54.887481+00:00,CSGO,@time_of_quest,:face-fuchsia-tongue-out::face-fuchsia-tongue-out::face-fuchsia-tongue-out:,0
2026-06-18T18:51:55.135597+00:00,CSGO,@Maguitorecoil,vamos 9z,0
2026-06-18T18:51:56.231777+00:00,CSGO,@xAudiolith,why no knaif,0
2026-06-18T18:51:57.392979+00:00,CSGO,@ugurcangokay5218,good game faking losers,1
2026-06-18T18:51:59.090267+00:00,CSGO,@fran-vfx,LETS GOO 9Z LETS GOO,0
2026-06-18T18:51:59.462316+00:00,CSGO,@TheBen1000029,i think fallen smoked weed before the game so he got some delay,1
2026-06-18T18:52:01.013502+00:00,CSGO,@marxAvll,timeout youre done,0
2026-06-18T18:52:01.194316+00:00,CSGO,@fernandoking1901,PRESENTE PROFESOR,0
2026-06-18T18:52:02.377117+00:00,CSGO,@andyting6094,stop walling 9z bros,1
2026-06-18T18:52:02.573653+00:00,CSGO,@aaa-z8l7i,Who else had Faze winning the major on their pickems,0
2026-06-18T18:52:02.976561+00:00,CSGO,@Horse-p4u,1-1 go map 3,0
2026-06-18T18:52:04.201297+00:00,CSGO,@FerretPNG,WHATYTT HOOWW,0
2026-06-18T18:52:04.989957+00:00,CSGO,@williamparker6790,cs2 audio is so terrible how did he not hear the drop?,1
2026-06-18T18:52:06.196314+00:00,CSGO,@ThanhTran-fo9gb,!map,0
2026-06-18T18:52:07.348475+00:00,CSGO,@hellohai23,holy comebacc,1
2026-06-18T18:52:08.052788+00:00,CSGO,@hat3monger,decides to go to the worst side against the desperate economy round buy,0
2026-06-18T18:52:08.590232+00:00,CSGO,@Sindelb1z,kyzsan to furia pls,0
2026-06-18T18:52:09.307328+00:00,CSGO,@АлександрФролов-щ2и,fallen check the sound bro,0
2026-06-18T18:52:10.349788+00:00,CSGO,@VirajKavishka-v2c,let's goo zz,0
2026-06-18T18:52:11.380148+00:00,CSGO,@Rayk3o,easy>>9z,0
2026-06-18T18:52:11.967679+00:00,CSGO,@ronnysanchez9824,VAMOO 9Z,0
2026-06-18T18:52:13.098591+00:00,CSGO,@WormDeadlock,maps,0
2026-06-18T18:52:13.192665+00:00,CSGO,@anguish7k,Fallen bad player ☠️,1
2026-06-18T18:52:14.421076+00:00,CSGO,@Mehsud_67,easy knife it was,0
2026-06-18T18:52:15.709322+00:00,CSGO,@adriandonskich2315,[USER] [USER] u bad player,1
2026-06-18T18:52:17.232846+00:00,CSGO,@strangelyoriginal,overpass is bestpass,0
2026-06-18T18:52:17.988579+00:00,CSGO,@Prankhook19,pls furia,0
2026-06-18T18:52:18.323224+00:00,CSGO,@erikmontes2075,9z throw era,0
2026-06-18T18:52:20.901495+00:00,CSGO,@judaismpartner,COME ON FURIA I NEED MY CASH BACK,0
2026-06-18T18:52:21.394616+00:00,CSGO,@sgorigin,"fallen reaction like ""A FEW YEARS LATER""",0
2026-06-18T18:52:25.368726+00:00,CSGO,@whousetoyland2383,hacks not working 9zz?,0
2026-06-18T18:52:25.685613+00:00,CSGO,@both9824,6767,0
2026-06-18T18:52:27.968579+00:00,CSGO,@KaydenBlaze,9z about to throw like falcons,0
2026-06-18T18:52:30.662856+00:00,CSGO,@ordex9217,What,0
2026-06-18T18:52:32.100662+00:00,CSGO,@TheBen1000029,second round = easy push all 5,0
2026-06-18T18:52:33.359853+00:00,CSGO,@rova02,i think they were talking and he didnt hear the footstep,0
2026-06-18T18:52:35.525691+00:00,CSGO,@BesnahaNahaa,fallen focus on the crowd,0
2026-06-18T18:52:39.665249+00:00,CSGO,@xAudiolith,9z trolling right now,1
2026-06-18T18:52:46.206481+00:00,CSGO,@ugurcangokay5218,furia players are faking gay,1
2026-06-18T18:52:46.441307+00:00,CSGO,@hat3monger,i want both teams to lose,1
2026-06-18T18:52:51.648127+00:00,CSGO,@n_harm,dw 9z will win tournament,0
2026-06-18T18:52:52.621626+00:00,CSGO,@gianlosalap-t6y,2 - 0 easy WIN FOR 9Z AND THEY MEET TEAM SPIRIT AT FINALS,0
2026-06-18T18:52:58.365834+00:00,CSGO,@janra5530,Why are you scamming match,1
2026-06-18T18:52:59.188396+00:00,CSGO,@glitchmanshandle,animal goes raawr,1
2026-06-18T18:52:59.699829+00:00,CSGO,@sintaro9250,[USER] bad player,1
2026-06-18T18:53:02.617943+00:00,CSGO,@helpagames5952,NICE SHOT LUCHOV,0
2026-06-18T18:53:02.988+00:00,CSGO,@mkr9968,guys im gay,1
2026-06-18T18:53:04.997545+00:00,CSGO,@judaismpartner,9z dma's broke bro,1
2026-06-18T18:53:05.567299+00:00,CSGO,@Flashb4ngO_o,WHHY??,0
2026-06-18T18:53:06.349938+00:00,CSGO,@Noidzzz,why is there a trumpet xd,1
2026-06-18T18:53:06.438396+00:00,CSGO,@aaa-z8l7i,haha,0
2026-06-18T18:53:10.401445+00:00,CSGO,@Rayk3o,9z is just bad and we’re seeing it right here,1
2026-06-18T18:53:18.29034+00:00,CSGO,@t2des,[USER] we knew,0
2026-06-18T18:53:19.01174+00:00,CSGO,@israelgonzalez4439,GOD IS GOOD! JESUS CHRIST IS SAVIOR,0
2026-06-18T18:53:21.388613+00:00,CSGO,@sleepsoundly9219,ooh,0
2026-06-18T18:53:24.854965+00:00,CSGO,@alexandrsodium3637,9z wins that no cap on god bro,0
2026-06-18T18:53:25.829457+00:00,CSGO,@7formcs,valve anti cheat,1
2026-06-18T18:53:27.521989+00:00,CSGO,@daintyleaf,[USER] is a bad player,1
2026-06-18T18:53:31.992437+00:00,CSGO,@TCT0721,molodog,1
2026-06-18T18:53:34.802848+00:00,CSGO,@francesco5072,molobot botkindar fallbot kscerabot yuubot all bad player,0
2026-06-18T18:53:37.108591+00:00,CSGO,@methodify,So bad,1
2026-06-18T18:53:37.320378+00:00,CSGO,@kthars1s,Great play from KS,0
2026-06-18T18:53:37.562589+00:00,CSGO,@berrybeazy4507,good game go 3rd,0
2026-06-18T18:53:39.508011+00:00,CSGO,@hat3monger,worst force buy round.,1
2026-06-18T18:53:40.32764+00:00,CSGO,@vampii8589,play dimaserver,0
2026-06-18T18:53:40.489566+00:00,CSGO,@Kegz,save save save,0
2026-06-18T18:53:40.604618+00:00,CSGO,@darktoad27,NICE ONE,0
2026-06-18T18:53:42.52819+00:00,CSGO,@fifdeN,LETS GO FURIAA,0
2026-06-18T18:53:42.611521+00:00,CSGO,@NuHabitsGroup,fallen locks in and its over for 9z,0
2026-06-18T18:53:43.731559+00:00,CSGO,@europauniversalisfour,"9z plays dirty and still struggles, loser team",1
2026-06-18T18:53:43.866508+00:00,CSGO,@judaismpartner,9z dma's broke bro no cheats for 9Z XDD. their george floid DMA doesnt work,1
2026-06-18T18:53:43.995703+00:00,CSGO,@lukass-3889,They take the lead baby,0
2026-06-18T18:53:44.312576+00:00,CSGO,@Edward-wk3qh,1-1,0
2026-06-18T18:53:45.489088+00:00,CSGO,@agus.ropp28,:goodvibes::goodvibes:,0
2026-06-18T18:53:47.326238+00:00,CSGO,@G-Dragonnnnn,9bot,1
2026-06-18T18:53:47.921075+00:00,CSGO,@icemeluun1313,[USER] is a femboy,1
2026-06-18T18:53:48.358115+00:00,CSGO,@G-Dragonnnnn,9bot,1
2026-06-18T18:53:48.988114+00:00,CSGO,@strangelyoriginal,when did fallen get 4 kills!!,0
2026-06-18T18:53:54.823311+00:00,CSGO,@Randoom101,They forgot to lock the pickems by the way,0
2026-06-18T18:53:55.711126+00:00,CSGO,@soongalm,HAHAHAHAHAHAHAHAHAH 9Z AIRPORT IS CALLING😂😂,0
2026-06-18T18:53:55.955914+00:00,CSGO,@AverageAuylEnjoyer,KScerato is waking up finally,0
2026-06-18T18:53:57.20165+00:00,CSGO,@siddhantdas1069,[USER] OR MAYBE UR JUSTA bad player WITH ZERO GAMESENSE,1
2026-06-18T18:54:00.995796+00:00,CSGO,@cheztopherTX,is this the first match today?,0
2026-06-18T18:54:03.420699+00:00,CSGO,@Rayk3o,9botz,1
2026-06-18T18:54:03.821252+00:00,CSGO,@apolopig,9z serious team,0
2026-06-18T18:54:05.255525+00:00,CSGO,@janra5530,How could bro troll thet round,1
2026-06-18T18:54:07.227358+00:00,CSGO,@VirajKavishka-v2c,first furia leed,0
2026-06-18T18:54:08.486337+00:00,CSGO,@DanielayBenjamin,GRANDFALLEN,0
2026-06-18T18:54:09.218482+00:00,CSGO,@fecdevia1337,:face-green-smiling::face-green-smiling:,0
2026-06-18T18:54:10.283238+00:00,CSGO,@Batyrrrw,Loll,1
2026-06-18T18:54:11.354733+00:00,CSGO,@TheBen1000029,fallen has falled,1
2026-06-18T18:54:11.671343+00:00,CSGO,@rivan143,Wtf,1
2026-06-18T18:54:12.367406+00:00,CSGO,@mkr9968,TF IS THAT POSTURE,0
2026-06-18T18:54:12.407796+00:00,CSGO,@time_of_quest,furia go,0
2026-06-18T18:54:12.409748+00:00,CSGO,@elbigotes26,JAAJAJAJAAJ,0
2026-06-18T18:54:12.751251+00:00,CSGO,@darktoad27,LUL,0
2026-06-18T18:54:13.164774+00:00,CSGO,@aiqueenm,haha,0
2026-06-18T18:54:13.5259+00:00,CSGO,@АлександрФролов-щ2и,gj old man,1
2026-06-18T18:54:13.997281+00:00,CSGO,@SuiSidee,"half of the 9z kills are through walls and smokes, but they are not cheating of course 😆 and they got to playoffs just by their skill XDD",1
2026-06-18T18:54:15.883393+00:00,CSGO,@zibranfardan6066,disband 9shit,1
2026-06-18T18:54:15.919532+00:00,CSGO,@mate20009,No life yekindar,0
2026-06-18T18:54:16.066173+00:00,CSGO,@thorsenmusic,vro,0
2026-06-18T18:54:17.287579+00:00,CSGO,@TahsinAhmed-og3ek,laughing fallen,0
2026-06-18T18:54:18.743543+00:00,CSGO,@daRksideee,xdd,1
2026-06-18T18:54:18.97489+00:00,CSGO,@teerthsatwara3394,what game is this??,0
2026-06-18T18:54:19.733155+00:00,CSGO,@J0hn-MiCHaeL,[USER] I smell cap,1
2026-06-18T18:54:20.58276+00:00,CSGO,@strangelyoriginal,fallen with a 5th,0
2026-06-18T18:54:21.550566+00:00,CSGO,@mynewname7830,"[USER] Second match, second map",0
2026-06-18T18:54:21.613397+00:00,CSGO,@ivel17,EW,1
2026-06-18T18:54:21.782646+00:00,CSGO,@romoe_pubg,9z?,0
2026-06-18T18:54:23.644146+00:00,CSGO,@999X-9-z7p,eww,1
2026-06-18T18:54:24.16758+00:00,CSGO,@lenhatminh9696,9z is so trash,1
2026-06-18T18:54:24.49076+00:00,CSGO,@ordex9217,Admin why are you filtering the badwords the casters saying bad words too,1
2026-06-18T18:54:24.498703+00:00,CSGO,@ifuckS2000,XDD,1
2026-06-18T18:54:24.557135+00:00,CSGO,@Gappy-Tea,wtff is that posture lmaoo,1
2026-06-18T18:54:24.896595+00:00,CSGO,@giorini2318,DAMN,1
2026-06-18T18:54:26.108579+00:00,CSGO,@jerrythebaum4388,I remember my first beer,1
2026-06-18T18:54:26.164412+00:00,CSGO,@Five_Flare,EWW,1
2026-06-18T18:54:26.187685+00:00,CSGO,@DubnickýŠaman,NOT THE SPIT XD,1
2026-06-18T18:54:26.630116+00:00,CSGO,@timsik08,W crowd,0
2026-06-18T18:54:27.556947+00:00,CSGO,@AI_chatter42069,Solid,0
2026-06-18T18:54:28.818154+00:00,CSGO,@mr.lays1x4,w beer,1
2026-06-18T18:54:29.417756+00:00,CSGO,@ramonteroba,laura,1
2026-06-18T18:54:29.59816+00:00,CSGO,@J3WP33T4H,caster laughed laughing,1
2026-06-18T18:54:30.154184+00:00,CSGO,@dorian21455,Yup that's a G2 Fan laughing,1
2026-06-18T18:54:30.27258+00:00,CSGO,@ебалвсех,EWW,1
2026-06-18T18:54:31.260671+00:00,CSGO,@n_harm,kcerato chill pose 1 cm from screen,1
2026-06-18T18:54:31.324449+00:00,CSGO,@pauljordanpalomares1756,9z chokee,1
2026-06-18T18:54:31.562142+00:00,CSGO,@EriYT,spitting his beer out,1
2026-06-18T18:54:33.715514+00:00,CSGO,@G-Dragonnnnn,9bots,1
2026-06-18T18:54:33.940866+00:00,CSGO,@zypoo-r2q,FIRST FURIA LEAD WHOLE SERIES HOW ARE THEY LOOSING TO TIER 2 BOTS laughing,1
2026-06-18T18:54:34.141143+00:00,CSGO,@ali_28,EW,1
2026-06-18T18:54:34.156617+00:00,CSGO,@daintyleaf,[USER] i am :3,0
2026-06-18T18:54:34.224912+00:00,CSGO,@ItzB1gNate,get closer to the monitor,0
2026-06-18T18:54:35.322502+00:00,CSGO,@Beka_cs2,discipline from fallen,0
2026-06-18T18:54:35.353623+00:00,CSGO,@danielzpcsk85,i thoguht the professor is retired.,0
2026-06-18T18:54:36.263932+00:00,CSGO,@bofoyt5415,spit all over the cam,1
2026-06-18T18:54:37.86349+00:00,CSGO,@Rayk3o,9botzz,1
2026-06-18T18:54:40.30076+00:00,CSGO,@cheztopherTX,who won this morning??,0
2026-06-18T18:54:40.537898+00:00,CSGO,@siddhantdas1069,[USER] they are better than u,1
2026-06-18T18:54:41.504907+00:00,CSGO,@GH_O3T,what a comeback,0
2026-06-18T18:54:42.583572+00:00,CSGO,@LUXCRIS01,XD,1
2026-06-18T18:54:43.699058+00:00,CSGO,@mkr9968,Kscerato posture just confuses me,1
2026-06-18T18:54:43.863583+00:00,CSGO,@dsplaypl1857,W bear clutch,0
2026-06-18T18:54:44.110022+00:00,CSGO,@TheBen1000029,LOLL silver shoting,0
2026-06-18T18:54:44.478026+00:00,CSGO,@studio909io,furia beats spirit in the final,0
2026-06-18T18:54:44.869876+00:00,CSGO,@Kfxn9d,lost all the aura laughing,1
2026-06-18T18:54:45.372286+00:00,CSGO,@time_of_quest,:fish-orange-wide-eyes:,0
2026-06-18T18:54:46.978952+00:00,CSGO,@addyhadmelike655,sprinkler,0
2026-06-18T18:54:47.968963+00:00,CSGO,@badgermatrix,water style: beer spit,1
2026-06-18T18:54:48.483268+00:00,CSGO,@herondios,BEER CONTROL,1
2026-06-18T18:54:51.136798+00:00,CSGO,@smarb,Beer all over the cameraman,1
2026-06-18T18:54:53.004427+00:00,CSGO,@xAudiolith,stay classy cologgne,0
2026-06-18T18:54:54.500298+00:00,CSGO,@hardrockfreak1337,THAT WAS AWESOME,0
2026-06-18T18:54:54.877876+00:00,CSGO,@Duyhanh-k11222,9bot furia comeback,1
2026-06-18T18:54:55.023755+00:00,CSGO,@SvGIzSiilent,HE SPIT ON ME,1
2026-06-18T18:54:56.35391+00:00,CSGO,@playbhaicarti,spit coontrol,1
2026-06-18T18:54:57.474201+00:00,CSGO,@caelym,9choke,1
2026-06-18T18:54:58.498758+00:00,CSGO,@colehart,COME ON FURIA,0
2026-06-18T18:54:59.112013+00:00,CSGO,@shutupped,molop9?,0
2026-06-18T18:54:59.295213+00:00,CSGO,@AdrianEbrahimi,should've been final..,0
2026-06-18T18:55:00.397276+00:00,CSGO,@endorfin158,someone from furia has monitor instead of glases ? :D,1
2026-06-18T18:55:01.216685+00:00,CSGO,@muhamadmanarulhidayat8155,Easy comeback furia,0
2026-06-18T18:55:03.134566+00:00,CSGO,@sevgevorkyan,cameraman got the 4D experience there,0
2026-06-18T18:55:03.679461+00:00,CSGO,@Faizlam,where my wonderful,0
2026-06-18T18:55:05.130333+00:00,CSGO,@chairshoe81,"[USER]-r2q losing* not loosing, soft brain",1
2026-06-18T18:55:06.701823+00:00,CSGO,@69ms,"The magic is gone, good game",0
2026-06-18T18:55:09.506589+00:00,CSGO,@javierbalcazars,Que hacia el huaso xd,1
2026-06-18T18:55:09.984028+00:00,CSGO,@saiih4te,[USER] aurora,0
2026-06-18T18:55:10.398388+00:00,CSGO,@999X-9-z7p,cmon lets go for D2,0
2026-06-18T18:55:11.639275+00:00,CSGO,@JohnDillinger-v5z,2-1 PLZ I WANT THIRD,0
2026-06-18T18:55:12.064559+00:00,CSGO,@Secrezz,SOMEONE SAID SPRINKLER AND IM GIGGLING,1
2026-06-18T18:55:13.381454+00:00,CSGO,@giakhanhpham1632,next map please 13-7 let s go,0
2026-06-18T18:55:15.534749+00:00,CSGO,@LeviAckerman-2.0,lets goo,0
2026-06-18T18:55:17.588864+00:00,CSGO,@relaxzzzhahaha,he should wear one more glasses,1
2026-06-18T18:55:20.214969+00:00,CSGO,@xtacmile8553,9z in coma,1
2026-06-18T18:55:21.163333+00:00,CSGO,@NoclueKnowho,9z are dope team i do not know who to cheer for but I hope the Professor will win just one last time,0
2026-06-18T18:55:22.172667+00:00,CSGO,@Rayk3o,nice try maybe next year,1
2026-06-18T18:55:24.993171+00:00,CSGO,@cacu2798,furia six seven,0
2026-06-18T18:55:28.653299+00:00,CSGO,@wolf_3n3rgy2,COME ON FURRIIAA LETS G0OO,0
2026-06-18T18:55:30.418695+00:00,CSGO,@PAPÁ_GATO12,let's go FURIA,0
2026-06-18T18:55:31.21932+00:00,CSGO,@aiqueenm,easyy round,0
2026-06-18T18:55:31.993344+00:00,CSGO,@NyiHtutKoKo-p8l,9z throwing,1
2026-06-18T18:55:32.372427+00:00,CSGO,@akrapovicgaming,good game NEXT,0
2026-06-18T18:55:33.460719+00:00,CSGO,@Atlas-0410,LETS FUCKING GO FURIA,1
2026-06-18T18:55:33.869685+00:00,CSGO,@monnik9089,wdf is that,1
2026-06-18T18:55:34.567878+00:00,CSGO,@Garaaatotile,LETS GO MAP 3,0
2026-06-18T18:55:34.579842+00:00,CSGO,@andyting6094,9z cheats in CD guys,1
2026-06-18T18:55:34.622185+00:00,CSGO,@n_harm,falcons vs vit laughing rip falcons,0
2026-06-18T18:55:36.582627+00:00,CSGO,@UncleSemtex,Lets go Furia!,0
2026-06-18T18:55:37.332125+00:00,CSGO,@tetricko,GLOCKS OUT FOR HARAMBE,0
2026-06-18T18:55:37.430284+00:00,CSGO,@teerthsatwara3394,Is this minecraft people talk about?,1
2026-06-18T18:55:37.574863+00:00,CSGO,@sachinfulsunge9977,NICE TEETH,1
2026-06-18T18:55:38.365823+00:00,CSGO,@SeatbeltFan,the red damage animation from nades is annoying very. keep thinking it's removing all their health.,1
2026-06-18T18:55:38.447045+00:00,CSGO,@chairshoe81,WE NEED MAP THREE,0
2026-06-18T18:55:38.623232+00:00,CSGO,@SvGIzSiilent,BBL,0
2026-06-18T18:55:39.497295+00:00,CSGO,@bulbuhs,chopped,0
2026-06-18T18:55:39.632238+00:00,CSGO,@The_Rifles,overpass incoming?,0
2026-06-18T18:55:39.65898+00:00,CSGO,@ivel17,[USER] you're such a silly guy,0
2026-06-18T18:55:39.790074+00:00,CSGO,@J0hn-MiCHaeL,[USER] I go check pls no capping,0
2026-06-18T18:55:40.219748+00:00,CSGO,@pauljordanpalomares1756,CHOKE CHOKE CHOKE,0
2026-06-18T18:55:40.532943+00:00,CSGO,@abdullohtuhfatullayev1287,Nice 👍🏼,0
2026-06-18T18:55:40.553319+00:00,CSGO,@spazmat07,PLEASE MY PICKEMS ARE ALREADY FUCJED PLEASE FURIA,1
2026-06-18T18:55:40.808514+00:00,CSGO,@AYAANXOX,huhh,0
2026-06-18T18:55:41.145776+00:00,CSGO,@addyhadmelike655,bro is playing quake,0
2026-06-18T18:55:41.389675+00:00,CSGO,@Horse-p4u,1-1 let's go,0
2026-06-18T18:55:41.543758+00:00,CSGO,@fernandocardemil1247,furia go HOME,0
2026-06-18T18:55:42.50375+00:00,CSGO,@georgepotgieter8367,molodonk,0
2026-06-18T18:55:43.041561+00:00,CSGO,@lukass-3889,FURIA will save my Pickems,0
2026-06-18T18:55:43.130244+00:00,CSGO,@exaiphyu76tff,FURIA,0
2026-06-18T18:55:47.187922+00:00,CSGO,@JeromeEvangelista-h2n,GO FURIA,0
2026-06-18T18:55:48.070055+00:00,CSGO,@stoweman,Does she know,0
2026-06-18T18:55:48.355507+00:00,CSGO,@Verexa,Thank you furia for being an absolute disappointment 😂,1
2026-06-18T18:55:48.586498+00:00,CSGO,@soongalm,9BOT😂😂🥀🥀🤡,1
2026-06-18T18:55:49.682881+00:00,CSGO,@Sindelb1z,map 3 please letsgoo furiaa,0
2026-06-18T18:55:50.803684+00:00,CSGO,@muhammadshamyl6219,furia don't deserve this,0
2026-06-18T18:55:51.346362+00:00,CSGO,@Voodoo-CSGO,REKT,0
2026-06-18T18:55:51.439335+00:00,CSGO,@christianc1to0o,invoker mouseapd insane,0
2026-06-18T18:55:51.664946+00:00,CSGO,@HARD2GIVEUP,SON,0
2026-06-18T18:55:52.452161+00:00,CSGO,@F1ashCS2YT,invoker mousepad,0
2026-06-18T18:55:52.500316+00:00,CSGO,@janra5530,Yes they troll all round just to lost this round,0
2026-06-18T18:55:52.961123+00:00,CSGO,@marxAvll,now youre in pressure cz using timeout so fast,0
2026-06-18T18:55:54.140166+00:00,CSGO,@999X-9-z7p,:face-blue-smiling:,0
2026-06-18T18:55:54.484011+00:00,CSGO,@lollolloll835,Can the caster for f sake stop the furia glaze,0
2026-06-18T18:55:54.62754+00:00,CSGO,@aLFRE-j4w,son,0
2026-06-18T18:55:54.888192+00:00,CSGO,@Lalynxfvck,Fallen sniper rifle,0
2026-06-18T18:55:54.909414+00:00,CSGO,@dsplaypl1857,uper bootom 6-7,0
2026-06-18T18:55:54.933378+00:00,CSGO,@otavioamaral8603,EZE ROUND,0
2026-06-18T18:55:58.999382+00:00,CSGO,@samuoutdoor,"9z without cheats is nothing, put cheats on! U are going to lose",1
2026-06-18T18:56:01.170779+00:00,CSGO,@christianhelvie3223,i told u this is game furia making it thru this round,0
2026-06-18T18:56:02.444458+00:00,CSGO,@xbox77039,SON,0
2026-06-18T18:56:03.61204+00:00,CSGO,@WaterparkTerry,Father and son is so cringe ong,1
2026-06-18T18:56:05.776374+00:00,CSGO,@eblowskers4291,father and son is hilarious,1
2026-06-18T18:56:06.220655+00:00,CSGO,@bk5567,what hell is that seat:face-green-smiling::face-green-smiling::face-green-smiling:,1
2026-06-18T18:56:06.728131+00:00,CSGO,@fernandoking1901,YEKINDAR GOAT,0
2026-06-18T18:56:08.536093+00:00,CSGO,@juansoares3678,THE TURN IS MORE TASTY,0
2026-06-18T18:56:09.706871+00:00,CSGO,@strangelyoriginal,9z is throwing now,0
2026-06-18T18:56:10.002895+00:00,CSGO,@muro2904,Brazil vs brazil,0
2026-06-18T18:56:10.214784+00:00,CSGO,@youtubeislamee,SONION,0
2026-06-18T18:56:10.785303+00:00,CSGO,@zibranfardan6066,9dogshit,1
2026-06-18T18:56:12.327447+00:00,CSGO,@ivanrodriguesdossantos5990,9z chill,0
2026-06-18T18:56:13.157586+00:00,CSGO,@yinkp7434,top frag down!,0
2026-06-18T18:56:14.273624+00:00,CSGO,@AYAANXOX,fallen sniper rifle,0
2026-06-18T18:56:14.682285+00:00,CSGO,@Faizlam,looking is ct map,0
2026-06-18T18:56:15.770482+00:00,CSGO,@chairshoe81,WHY DO MODS BAN EVERYTHING THATS NOT COPYPASTA,0
2026-06-18T18:56:16.700488+00:00,CSGO,@nanaklysm18,VAMO 9Z!!,0
2026-06-18T18:56:17.373334+00:00,CSGO,@europauniversalisfour,[USER] weirdo,1
2026-06-18T18:56:17.591318+00:00,CSGO,@davidmisove5471,next map go furia you bad player,1
2026-06-18T18:56:18.476902+00:00,CSGO,@Secrezz,[USER] thank you,0
2026-06-18T18:56:19.71694+00:00,CSGO,@time_of_quest,:shelterin:,0
2026-06-18T18:56:19.867025+00:00,CSGO,@rizkisyahputrasirait2263,what happen fury ?,0
2026-06-18T18:56:20.092698+00:00,CSGO,@Dr.OneNut,Crowd music,0
2026-06-18T18:56:21.056429+00:00,CSGO,@1va4fr,nice M4 craft,0
2026-06-18T18:56:21.67882+00:00,CSGO,@AI_chatter42069,"Come on Furia, slow start but let’s see how good you can be.",0
2026-06-18T18:56:21.81701+00:00,CSGO,@tazarkour,brazil m4,0
2026-06-18T18:56:21.85577+00:00,CSGO,@roppew,where are the furia baddies,0
2026-06-18T18:56:22.08904+00:00,CSGO,@Twitcharko,FURIA:eyes-pink-heart-shape:,0
2026-06-18T18:56:24.357553+00:00,CSGO,@HARD2GIVEUP,SON!! I'M CRINE,0
2026-06-18T18:56:24.421091+00:00,CSGO,@ASTELL-u3r,furia winnss,0
2026-06-18T18:56:26.556052+00:00,CSGO,@Porcupine_Kabob,Cant stop BRAZILLj,0
2026-06-18T18:56:27.91752+00:00,CSGO,@hdifahofaiohfahgbabghd,tu tu tu,0
2026-06-18T18:56:29.865775+00:00,CSGO,@siddhantdas1069,[USER] ur not funny,0
2026-06-18T18:56:30.282162+00:00,CSGO,@sigbin3h,cringe lou ders,1
2026-06-18T18:56:31.917973+00:00,CSGO,@MRHlnaa,brazil noobs,1
2026-06-18T18:56:32.794463+00:00,CSGO,@P-Bean,Can we PLEASE stop this weird father-son dynamic we're forcing?,1
2026-06-18T18:56:34.769306+00:00,CSGO,@pinback7,son,0
2026-06-18T18:56:39.690427+00:00,CSGO,@neptunia4687,Furia sued them and won by the way,0
2026-06-18T18:56:41.179929+00:00,CSGO,@gonzalom8062,MESSI Y MARADONA,0
2026-06-18T18:56:41.229606+00:00,CSGO,@alexsimon453,por que muestrán unicamente las camaras de Furia,0
2026-06-18T18:56:41.370738+00:00,CSGO,@unrealwaifu1152,empty A?,0
2026-06-18T18:56:45.600797+00:00,CSGO,@franciscomeneses1462,CHAMAA,0
2026-06-18T18:56:46.077059+00:00,CSGO,@demohib2839,9z for win,0
2026-06-18T18:56:47.226004+00:00,CSGO,@andyting6094,stop wall bang 9z bros,0
2026-06-18T18:56:50.026555+00:00,CSGO,@brcslol,comeback comeback,0
2026-06-18T18:56:52.319404+00:00,CSGO,@TylerF127,"[USER] ""ong"" is just as cringe if not worse..",1
2026-06-18T18:56:55.589911+00:00,CSGO,@europauniversalisfour,[USER]-Bean who is forcing it..,0
2026-06-18T18:57:00.293741+00:00,CSGO,@7formcs,max sued and won 10 million by the way,0
2026-06-18T18:57:00.462404+00:00,CSGO,@mkr9968,[USER] dont be mean,0
2026-06-18T18:57:01.468974+00:00,CSGO,@valkzen,luck,0
2026-06-18T18:57:02.009713+00:00,CSGO,@muqidOy2,no crowd cheat = no win,1
2026-06-18T18:57:02.01656+00:00,CSGO,@christiann9237,1-0 by the way,0
2026-06-18T18:57:02.562346+00:00,CSGO,@KblblK,:face-blue-question-mark:,0
2026-06-18T18:57:03.392419+00:00,CSGO,@Leon21Aug,take my money furia,0
2026-06-18T18:57:05.682239+00:00,CSGO,@jerrythebaum4388,[USER] Who are you?,0
2026-06-18T18:57:11.334761+00:00,CSGO,@EarnTheRespect,GODKINDAR,0
2026-06-18T18:57:12.800068+00:00,CSGO,@shutupped,wowowow,0
2026-06-18T18:57:12.863531+00:00,CSGO,@PolyMarketClips2,furia cheating now,1
2026-06-18T18:57:13.086293+00:00,CSGO,@tabsen2204,letgo furria,0
2026-06-18T18:57:13.601276+00:00,CSGO,@crzorro7592,9zBOT,1
2026-06-18T18:57:14.167363+00:00,CSGO,@x_CaLm_x,Your the one that’s being weird bout it,0
2026-06-18T18:57:14.793633+00:00,CSGO,@OctavioFlores-j5u,huaso bad,0
2026-06-18T18:57:16.48781+00:00,CSGO,@yolpe4297,Wow 9z just lost me so much bread,0
2026-06-18T18:57:16.611877+00:00,CSGO,@WaterparkTerry,You’re cringe too ong,1
2026-06-18T18:57:17.966092+00:00,CSGO,@FridaySubqhi,yekindar using monitor just like vr was crazy dude,0
2026-06-18T18:57:18.293736+00:00,CSGO,@Secrezz,🇩🇪SPRINKLER🇩🇪,0
2026-06-18T18:57:19.861721+00:00,CSGO,@andyting6094,check Max pc next time,0
2026-06-18T18:57:21.238944+00:00,CSGO,@dsplaypl1857,broo..,0
2026-06-18T18:57:21.529213+00:00,CSGO,@brcslol,come back,0
2026-06-18T18:57:22.833914+00:00,CSGO,@time_of_quest,:elbowcough::elbowcough::elbowcough:,0
2026-06-18T18:57:23.430549+00:00,CSGO,@sirkevin3480,No way,0
2026-06-18T18:57:23.842899+00:00,CSGO,@ramichahin2,easy throw,0
2026-06-18T18:57:25.264735+00:00,CSGO,@999X-9-z7p,sniper rifle and sniper rifle,0
2026-06-18T18:57:26.25577+00:00,CSGO,@NoclueKnowho,I want to see 9z getting invited to more t1 events after that major performance,0
2026-06-18T18:57:26.32444+00:00,CSGO,@TheSphee131,Father and son I hate this,0
2026-06-18T18:57:26.962761+00:00,CSGO,@khoitrinh2741,what vac mean guys?,0
2026-06-18T18:57:27.693287+00:00,CSGO,@Caburenazo,"ARS 200.00 from [USER]: ""- Furia de bonobos, Vamos 9z!.""",0
2026-06-18T18:57:28.549759+00:00,CSGO,@haohongzhu8141,Nice shot thru smoke huh Furia,0
2026-06-18T18:57:30.596634+00:00,CSGO,@chchchia,key and peele,0
2026-06-18T18:57:30.666996+00:00,CSGO,@orizamejr2003,wtf peeking,1
2026-06-18T18:57:31.228706+00:00,CSGO,@J0hn-MiCHaeL,[USER] I can only 9z to semi final but I cannot save. Is just buggered,0
2026-06-18T18:57:32.725105+00:00,CSGO,@daRksideee,godkindar,0
2026-06-18T18:57:34.412053+00:00,CSGO,@inthedoompubg1897,captain maxx,0
2026-06-18T18:57:34.543831+00:00,CSGO,@ramoncitocatacutan2964,pistols,0
2026-06-18T18:57:35.06964+00:00,CSGO,@gimnospermalp,USE SMOKE MOLODOY,0
2026-06-18T18:57:39.114964+00:00,CSGO,@yagamilight379,spidet,0
2026-06-18T18:57:39.32891+00:00,CSGO,@ZephsFox,literally why would u peak that,0
2026-06-18T18:57:40.341434+00:00,CSGO,@HUEHEU3,PORQUE PIKEAS CONCHERUAMARE,0
2026-06-18T18:57:40.516702+00:00,CSGO,@SirMira0415,WHY PEAK BRO,0
2026-06-18T18:57:41.443901+00:00,CSGO,@williamparker6790,[USER] some indian noob,1
2026-06-18T18:57:46.336514+00:00,CSGO,@ieatddos,why are casters so cringe,1
2026-06-18T18:57:46.379241+00:00,CSGO,@JasonOfTheSouth,wtf fatha,1
2026-06-18T18:57:46.567062+00:00,CSGO,@Zzzelon,that call was so weird laughing,0
2026-06-18T18:57:47.346419+00:00,CSGO,@HARD2GIVEUP,"SON I""M CRINE",0
2026-06-18T18:57:47.85135+00:00,CSGO,@OctavioFlores-j5u,"bro, bomb is planting, what are doing",0
2026-06-18T18:57:48.352829+00:00,CSGO,@pinback7,9.5k dollars wasted,0
2026-06-18T18:57:49.980777+00:00,CSGO,@x_CaLm_x,Dude said cheating laughing bum,1
2026-06-18T18:57:50.39503+00:00,CSGO,@europauniversalisfour,i dont care about max bro stop yapping about that losers family,1
2026-06-18T18:57:50.901942+00:00,CSGO,@ViZong.,Good line launders,0
2026-06-18T18:57:54.458713+00:00,CSGO,@helpagames5952,DAMN,0
2026-06-18T18:57:55.18976+00:00,CSGO,@NatanGamer-d5z,bro he doned 10 cents XD,0
2026-06-18T18:57:55.205711+00:00,CSGO,@piet4231,why is max sniffing him screen,0
2026-06-18T18:57:56.246289+00:00,CSGO,@fernandoking1901,PRESENTE,0
2026-06-18T18:57:56.489024+00:00,CSGO,@sachinfulsunge9977,The breathe,0
2026-06-18T18:57:56.692973+00:00,CSGO,@Masuuni,nice try!,0
2026-06-18T18:57:57.561804+00:00,CSGO,@metalinvasion666,Aurora the biggest fan of 9z right now 🤣,0
2026-06-18T18:57:58.022727+00:00,CSGO,@amemetabh,LG FURIA,0
2026-06-18T18:57:58.087821+00:00,CSGO,@chpoon284,ntnt,0
2026-06-18T18:57:58.192179+00:00,CSGO,@ramonteroba,vamoo,0
2026-06-18T18:58:00.002004+00:00,CSGO,@strangelyoriginal,9z throwing,0
2026-06-18T18:58:00.598614+00:00,CSGO,@999X-9-z7p,:face-fuchsia-wide-eyes:,0
2026-06-18T18:58:00.948995+00:00,CSGO,@lollolloll835,Son CRING,1
2026-06-18T18:58:00.978493+00:00,CSGO,@time_of_quest,furia go:face-fuchsia-tongue-out::face-fuchsia-tongue-out::face-fuchsia-tongue-out:,0
2026-06-18T18:58:01.006956+00:00,CSGO,@Flashb4ngO_o,?? EH,0
2026-06-18T18:58:01.174079+00:00,CSGO,@G4mblefps,nice blayt,0
2026-06-18T18:58:02.171148+00:00,CSGO,@aleksejjj1995,this is almost poetic,0
2026-06-18T18:58:02.336872+00:00,CSGO,@mr_meoooz,HHAHAHA,0
2026-06-18T18:58:02.466198+00:00,CSGO,@MRHlnaa,spray lul,0
2026-06-18T18:58:02.780173+00:00,CSGO,@hoangdao0909,"[USER] valve anti cheat, basically never works so thats the joke",1
2026-06-18T18:58:02.793486+00:00,CSGO,@JoseLeonardoMP,molodoy is ass,1
2026-06-18T18:58:03.183256+00:00,CSGO,@OlcayKayha-vq6qu,MAX BEL FITIĞI OLACAK 2 SENEYE,0
2026-06-18T18:58:03.205986+00:00,CSGO,@clipsufc,200iq,0
2026-06-18T18:58:03.653372+00:00,CSGO,@HoangTheHiep-hk4xc,Nice,0
2026-06-18T18:58:04.532956+00:00,CSGO,@Panenka1995...,fallen goat,0
2026-06-18T18:58:04.659015+00:00,CSGO,@Ray3880,what a casting by launders.,0
2026-06-18T18:58:04.659235+00:00,CSGO,@fabs910,9zz,0
2026-06-18T18:58:04.845843+00:00,CSGO,@gionex,sonn,0
2026-06-18T18:58:04.983865+00:00,CSGO,@eum3808,ninja newbie,1
2026-06-18T18:58:05.171424+00:00,CSGO,@wolf_3n3rgy2,COMEBACK FURIIAA,0
2026-06-18T18:58:05.199282+00:00,CSGO,@Rasel-0069,furia is a bad player,0
2026-06-18T18:58:06.249912+00:00,CSGO,@crzorro7592,9Z PANIC laughing,0
2026-06-18T18:58:06.337658+00:00,CSGO,@eyokaluu9283,POR QUE TE MOSTRAS MEYERN,0
2026-06-18T18:58:06.668677+00:00,CSGO,@gimnospermalp,WTF SMOKE CAVE ??,1
2026-06-18T18:58:06.913346+00:00,CSGO,@abdullohtuhfatullayev1287,What is he doing,0
2026-06-18T18:58:07.274932+00:00,CSGO,@Czaf182,drragon llore,0
2026-06-18T18:58:07.311578+00:00,CSGO,@markuz3942,L post plant,0
2026-06-18T18:58:07.378511+00:00,CSGO,@shailadeshmukh1308,HAHAHA,0
2026-06-18T18:58:07.56018+00:00,CSGO,@hat3monger,why tf would you peek?,1
2026-06-18T18:58:07.818722+00:00,CSGO,@skyzorMOViES,Ninja fallen,0
2026-06-18T18:58:08.13651+00:00,CSGO,@Atlas-0410,"dear God what a game, LETS GOO",0
2026-06-18T18:58:08.573025+00:00,CSGO,@snipex3028,son🤣💀,0
2026-06-18T18:58:09.205206+00:00,CSGO,@nicolaspistillo6322,VAMO LOS PIBEES,0
2026-06-18T18:58:10.141008+00:00,CSGO,@giakhanhpham1632,next mapp,0
2026-06-18T18:58:10.866874+00:00,CSGO,@xtacmile8553,MAX THE BIG NOSE,0
2026-06-18T18:58:11.066371+00:00,CSGO,@antimagicray,biased caster,0
2026-06-18T18:58:11.230986+00:00,CSGO,@anirudhsubramanian5578,no way max doesnt die,0
2026-06-18T18:58:12.440072+00:00,CSGO,@NuHabitsGroup,moloboy and falldad,0
2026-06-18T18:58:12.489641+00:00,CSGO,@Sindelb1z,map 3 letsgoo,0
2026-06-18T18:58:12.637774+00:00,CSGO,@neptunia4687,9z choker,0
2026-06-18T18:58:12.854569+00:00,CSGO,@akrapovicgaming,no one told where the bomb?,0
2026-06-18T18:58:13.31103+00:00,CSGO,@ivanferreyros1360,DALE NARIGONN,0
2026-06-18T18:58:13.564871+00:00,CSGO,@vedanshdhatra4335,let's goo furia,0
2026-06-18T18:58:14.413072+00:00,CSGO,@ivanmenseguet8130,big nice try max,0
2026-06-18T18:58:14.786534+00:00,CSGO,@mgaming47615,MAX VERSTAPPEN,0
2026-06-18T18:58:14.958021+00:00,CSGO,@numo2374,coz max's left eye was blinded,1
2026-06-18T18:58:15.247218+00:00,CSGO,@hardrockfreak1337,laughing comentary,1
2026-06-18T18:58:15.497971+00:00,CSGO,@Randoom101,yeah [USER]-MiCHaeL its bugged but still unlocked,0
2026-06-18T18:58:16.994398+00:00,CSGO,@georgecrisan9499,For guy who said Fallen should retire,0
2026-06-18T18:58:17.131169+00:00,CSGO,@apolopig,"rough finish, nice try",0
2026-06-18T18:58:18.201432+00:00,CSGO,@GetTheLectric,yeki should play lotto,0
2026-06-18T18:58:18.518986+00:00,CSGO,@AL1M_KZ,Ahahahahaha 🤫🫂🇰🇿🇧🇷🤘🤣🤣,0
2026-06-18T18:58:18.570647+00:00,CSGO,@anto.gr159,wth was that casting,1
2026-06-18T18:58:21.224415+00:00,CSGO,@holamamoso2,Father and son,1
2026-06-18T18:58:21.967665+00:00,CSGO,@Voodoo-CSGO,AHAHAHAHAHAHAHA,0
2026-06-18T18:58:22.325242+00:00,CSGO,@maxtv6875,chockedz,0
2026-06-18T18:58:22.531483+00:00,CSGO,@europauniversalisfour,honestly have lost a lot of respect for launders this series,0
2026-06-18T18:58:23.830649+00:00,CSGO,@Santasticao,cocaine not win,0
2026-06-18T18:58:23.844484+00:00,CSGO,@Sarvar-c4y,ct sided map,0
2026-06-18T18:58:24.755309+00:00,CSGO,@SantiagoTomasJimenez,increible,0
2026-06-18T18:58:24.928607+00:00,CSGO,@julainstone8683,Molodoy was scared to stop moving even long enough to shoot his sniper rifle. Smart.,0
2026-06-18T18:58:25.703242+00:00,CSGO,@karr1b0t,yekinBOT,1
2026-06-18T18:58:26.291351+00:00,CSGO,@maestus6,what does huasopeek means laughing,0
2026-06-18T18:58:26.407058+00:00,CSGO,@Lemmiwinks_323,the 3k elo casuals are showing in chat laughing,0
2026-06-18T18:58:26.63001+00:00,CSGO,@fagyu7502,1 son mention = 1 shot,0
2026-06-18T18:58:26.902901+00:00,CSGO,@juansoares3678,EZZ,0
2026-06-18T18:58:28.369689+00:00,CSGO,@vickyrizal2216,9Z so good mann,0
2026-06-18T18:58:29.354065+00:00,CSGO,@thomask5965,I didn’t know fns was playing for 9z,0
2026-06-18T18:58:30.577548+00:00,CSGO,@masyuda1325,shot wall,0
2026-06-18T18:58:31.068857+00:00,CSGO,@fernandoking1901,ARGENTINA = INFANTINO,0
2026-06-18T18:58:32.062138+00:00,CSGO,@aaronraye666,molodoy es el hijo de falen?,0
2026-06-18T18:58:33.681615+00:00,CSGO,@xuan_nghia,"5k on 9z , plz win",0
2026-06-18T18:58:34.367018+00:00,CSGO,@SuiSidee,"""nice try""? What are you all on XD? He wasn't even shooting close to Fallen.",0
2026-06-18T18:58:34.663701+00:00,CSGO,@JudeCedricLayderos,talo pa +3.5 lala,0
2026-06-18T18:58:34.815193+00:00,CSGO,@yagamilight379,max win,0
2026-06-18T18:58:35.593108+00:00,CSGO,@pedroayaoaayala1409,Lose to pistols NICE,0
2026-06-18T18:58:35.857394+00:00,CSGO,@normative1058,Molobot!!,1
2026-06-18T18:58:36.140628+00:00,CSGO,@BenjaminIbale,FYM nice try THEY LOST IDIOT,1
2026-06-18T18:58:36.327674+00:00,CSGO,@AaronSteven-w2l,If it’s not for the tech pause and lucky bomb furia go home laughing,0
2026-06-18T18:58:36.377172+00:00,CSGO,@nguyenduong3402,w cover no? goated tbf,0
2026-06-18T18:58:36.560731+00:00,CSGO,@j0j1c4,what does huasopeek mean,0
2026-06-18T18:58:37.510147+00:00,CSGO,@kadd14,molodoy smirking while it was a 2VS1,0
2026-06-18T18:58:37.71546+00:00,CSGO,@eblowskers4291,they rebought a 2nd sniper rifle,0
2026-06-18T18:58:38.065799+00:00,CSGO,@MarkyOnTheDecks,we go to map 3,0
2026-06-18T18:58:39.170898+00:00,CSGO,@h4h430,father and son in cs before ww3,0
2026-06-18T18:58:39.448617+00:00,CSGO,@listorm28,imagine losing a 2 v 5,0
2026-06-18T18:58:39.585139+00:00,CSGO,@christianhelvie3223,good game 9z hey they had a amazing run,0
2026-06-18T18:58:39.617541+00:00,CSGO,@strangelyoriginal,lets go overpass 👏👏🏻👏🏼👏🏽👏🏾👏🏿,0
2026-06-18T18:58:39.674187+00:00,CSGO,@DaddyPov,whos son?/,0
2026-06-18T18:58:39.750898+00:00,CSGO,@demohib2839,"In the highly competitive landscape of CS2, the upcoming Major presents an exciting opportunity for teams to showcase their skills, strategies, and teamwork. Among the contenders, 9z stands out as a",0
2026-06-18T18:58:40.470507+00:00,CSGO,@shutupped,Fallen the awper Goat,0
2026-06-18T18:58:40.770386+00:00,CSGO,@rabeerajput1343,why is she rubbing her sister leg,0
2026-06-18T18:58:41.564227+00:00,CSGO,@giakhanhpham1632,9z is ass,1
2026-06-18T18:58:42.335875+00:00,CSGO,@adx24r,"fwak fwak fawk fawk, fawk fawk, fawk fawk!!",1
2026-06-18T18:58:42.908569+00:00,CSGO,@dsplaypl1857,CT map feuria easy win,0
2026-06-18T18:58:47.9196+00:00,CSGO,@DaniXelll,ezz,0
2026-03-21 20:59:13,rocketleague,zig_junt,RawkOut RawkOut RawkOut RawkOut RawkOut,0
2026-03-21 20:59:14,rocketleague,hanninator9,What a save! What a save! What a save!,0
2026-03-21 20:59:16,rocketleague,lightbrightd,OMG WHAT IS ON MY SCREEN right now,0
2026-03-21 20:59:18,rocketleague,suislays,"IT DOESNT MATTER, THE TITANS CAN'T BE STOPPED",0
2026-03-21 20:59:18,rocketleague,alexonceagain,diaz is throwing man,0
2026-03-21 20:59:19,rocketleague,fazylp,no miss just fake..,0
2026-03-21 20:59:19,rocketleague,achachybanana,this is a mess,0
2026-03-21 20:59:20,rocketleague,artyy26,HAHA GET REKT DIAZ,0
2026-03-21 20:59:21,rocketleague,sakevic,"it's garbage time right now, everyone is shit",1
2026-03-21 20:59:21,rocketleague,phil20_verolmen,A REVERS SWEEP,0
2026-03-21 20:59:21,rocketleague,kogk,THE ATOMIZERR kogk10four,0
2026-03-21 20:59:22,rocketleague,runhbok_,[USER] sybau,0
2026-03-21 20:59:22,rocketleague,primeonyxxx,yeah everyone sucks,1
2026-03-21 20:59:23,rocketleague,rawe_g,Ssg fell apart shaking my head,0
2026-03-21 20:59:23,rocketleague,0tippo0,REVERSE SWEEP!! LETS GO!!,0
2026-03-21 20:59:24,rocketleague,notmr_ben,IT MIGHT HAPPEN,0
2026-03-21 20:59:24,rocketleague,baller505,THE MINORS ARE CHOCKING,0
2026-03-21 20:59:24,rocketleague,rl_leontv,ssg chocking so bad die nigga die,1
2026-03-21 20:59:25,rocketleague,hanninator9,FootGoal FootGoal FootGoal FootGoal FootGoal WHAT A SAVE FootGoal FootGoal FootGoal FootGoal,0
2026-03-21 20:59:25,rocketleague,canito991,DANIEL IMMA GIVE YOU A TAPER FADE YOU NEED IT ON GOD,0
2026-03-21 20:59:26,rocketleague,sharee716,best reverse sweep ever,0
2026-03-21 20:59:26,rocketleague,marmalade61vr,HERE WE GO NRG CMON,0
2026-03-21 20:59:27,rocketleague,zac_attack98,where all the SSG trash talkers from earlier??,0
2026-03-21 20:59:27,rocketleague,gamercon___,wtf has happened,0
2026-03-21 20:59:28,rocketleague,decowx2,SSG is like rasing,0
2026-03-21 20:59:28,rocketleague,hunterzeus,What a lovely day for Rocket League,0
2026-03-21 20:59:28,rocketleague,buff_grape,ww This script is great guys,0
2026-03-21 20:59:28,rocketleague,shotsahoy5,THATS IT.. UNDERDOGS HAVE DONE IT 🥹🥹,0
2026-03-21 20:59:30,rocketleague,jepuxlup,Reverse sweep is insane,0
2026-03-21 20:59:30,rocketleague,trexgamer234,Generation sell right now,0
2026-03-21 20:59:30,rocketleague,nebbynebberson,NRG are just inevitable,0
2026-03-21 20:59:36,rocketleague,thederangedsnake,THE REVERSE SWEEP IS INEVITABLE,0
2026-03-21 20:59:37,rocketleague,solfg,SSG MORE LIKE CHOKE CHOKE G LUL,0
2026-03-21 20:59:39,rocketleague,captaintryhard,CHAT STAYS SLEEPING ON NRG WHENEVER THEY LOSE 1 SERIES EVER ResidentSleeper ResidentSleeper ResidentSleeper ResidentSleeper ResidentSleeper ResidentSleeper ResidentSleeper ResidentSleeper,0
2026-03-21 20:59:40,rocketleague,rhinoxrl,WHAT IS HAPPENING,0
2026-03-21 20:59:40,rocketleague,deltat_rl,REVERSE SWEEP ALMOST THEREE,0
2026-03-21 20:59:42,rocketleague,isucksatdriving,LETS FUCKING GOO NRG,0
2026-03-21 20:59:43,rocketleague,killacam_31,nrg proved me wrong,0
2026-03-21 20:59:44,rocketleague,taco_truck_14,casters are on one today,0
2026-03-21 20:59:45,rocketleague,britnish616,ok boys time to go back to lobby,0
2026-03-21 20:59:47,rocketleague,matthoopsx,W REVERSE SWEEP,0
2026-03-21 20:59:48,rocketleague,cookk15,THATS WHY NRG THE GOAT,0
2026-03-21 20:59:49,rocketleague,ericharristv,Bring the brooms,0
2026-03-21 20:59:49,rocketleague,thereal_lilpandamc,what a lovely game,0
2026-03-21 20:59:54,rocketleague,alexonceagain,chokestation gaming,0
2026-03-21 20:59:54,rocketleague,curry_rlcs,NA shits the bed against NRG,0
2026-03-21 20:59:55,rocketleague,notsprey1,COMEBACK TIME,0
2026-03-21 20:59:59,rocketleague,shotsahoy5,I can't believe the UNDERDOGS have done it <3 SeemsGood SeemsGood SeemsGood SeemsGood,0
2026-03-21 20:59:59,rocketleague,natelmc,the real lock in laughing,0
2026-03-21 21:00:00,rocketleague,philmanias,casters going crazy today,0
2026-03-21 21:00:01,rocketleague,iwilltrytoget,[USER] home you mean,0
2026-03-21 21:00:04,rocketleague,isucksatdriving,LETS EFFING GOO NRG,0
2026-03-21 21:00:11,rocketleague,marmalade61vr,CHIEF BEEF MEET THE CHAMPS,0
2026-03-21 21:00:12,rocketleague,zachsrv,L script,0
2026-03-21 21:00:12,rocketleague,bigbootygothgf_69,reverse sweep wow good job ssg,0
2026-03-21 21:00:15,rocketleague,levitate_rl,what a bunch of chokes,0
2026-03-21 21:00:15,rocketleague,duckzly1,THATS WHY THEY ARE THE GOAT THE GOOAAT,0
2026-03-21 21:00:18,rocketleague,koxukirl,THATS MY FING TEAM,0
2026-03-21 21:00:18,rocketleague,mr_monkey_man24,PogChamp PogChamp PogChamp PogChamp PogChamp PogChamp PogChamp PogChamp,0
2026-03-21 21:00:23,rocketleague,0tippo0,CHAMPS ARE IN THE BUILDING!!,0
2026-03-21 21:00:30,rocketleague,gamercon___,Loser has M80 then possibly FUT tmr,0
2026-03-21 21:00:31,rocketleague,mfxrollzinhaze,REVERSE REVERSE!!,0
2026-03-21 21:00:33,rocketleague,wcreamyafw,the guy that said he put all his points in is hells rich,0
2026-03-21 21:00:34,rocketleague,eza_krispy,cant believe people had doubts in the goats,0
2026-03-21 21:00:34,rocketleague,gamezlukas17,Average NA gameplay,0
2026-03-21 21:00:34,rocketleague,isaplayboy,This was sad for ssg,0
2026-03-21 21:00:35,rocketleague,marmalade61vr,THIS IS WHY THEY ARE THE CHAMPS,0
2026-03-21 21:00:35,rocketleague,shotsahoy5,Let's see some UNDERDOGS HYPE,0
2026-03-21 21:00:38,rocketleague,felix_55,REVERSE SWEEP LETS GOO,0
2026-03-21 21:00:39,rocketleague,britnish616,the sweep is real boys,0
2026-03-21 21:00:39,rocketleague,danman_1002,[USER] real search it up its not scripted,0
2026-03-21 21:00:42,rocketleague,nxtsilence,HOLYY Fuck,1
2026-03-21 21:00:45,rocketleague,drx_wz,LFG THATS MY BOYS COME ON,0
2026-03-21 21:00:45,rocketleague,mashvu,NRG REVERSE SWEEPP,0
2026-03-21 21:00:46,rocketleague,vicock12,Throw Diaz,0
2026-03-21 21:00:46,rocketleague,iprizmos,WHAT A SERIES,0
2026-03-21 21:00:47,rocketleague,0tippo0,THE REVERSE SWEEP LETS GO!!,0
2026-03-21 21:00:47,rocketleague,pignamedtonyhawg,Never a doubt (I shit myself a lot),0
2026-03-21 21:00:47,rocketleague,listentodantheman,Space swept gaming,0
2026-03-21 21:00:47,rocketleague,mfxrollzinhaze,Hut em with the uno reverse card!! #NRG,0
